2025-04-01T01:17:01.250+02:00  WARN 5925 --- [HikariPool-1 housekeeper] com.zaxxer.hikari.pool.HikariPool        : HikariPool-1 - Thread starvation or clock leap detected (housekeeper delta=1h30m37s855ms).
2025-04-01T02:37:54.556+02:00  WARN 5925 --- [HikariPool-1 housekeeper] com.zaxxer.hikari.pool.HikariPool        : HikariPool-1 - Thread starvation or clock leap detected (housekeeper delta=1h20m53s306ms).
2025-04-01T03:14:08.575+02:00  WARN 5925 --- [HikariPool-1 housekeeper] com.zaxxer.hikari.pool.HikariPool        : HikariPool-1 - Thread starvation or clock leap detected (housekeeper delta=35m44s14ms).
2025-04-01T04:21:35.115+02:00  WARN 5925 --- [HikariPool-1 housekeeper] com.zaxxer.hikari.pool.HikariPool        : HikariPool-1 - Thread starvation or clock leap detected (housekeeper delta=1h7m26s536ms).
2025-04-01T05:34:04.173+02:00  WARN 5925 --- [HikariPool-1 housekeeper] com.zaxxer.hikari.pool.HikariPool        : HikariPool-1 - Thread starvation or clock leap detected (housekeeper delta=1h12m29s62ms).
2025-04-01T05:54:17.687+02:00  WARN 5925 --- [HikariPool-1 housekeeper] com.zaxxer.hikari.pool.HikariPool        : HikariPool-1 - Thread starvation or clock leap detected (housekeeper delta=20m13s514ms).
2025-04-01T06:59:12.529+02:00  WARN 5925 --- [HikariPool-1 housekeeper] com.zaxxer.hikari.pool.HikariPool        : HikariPool-1 - Thread starvation or clock leap detected (housekeeper delta=1h4m54s841ms).
2025-04-01T07:48:39.158+02:00  WARN 5925 --- [HikariPool-1 housekeeper] com.zaxxer.hikari.pool.HikariPool        : HikariPool-1 - Thread starvation or clock leap detected (housekeeper delta=49m26s630ms).
2025-04-01T07:49:41.980+02:00  WARN 5925 --- [HikariPool-1 housekeeper] com.zaxxer.hikari.pool.HikariPool        : HikariPool-1 - Thread starvation or clock leap detected (housekeeper delta=1m2s822ms).
2025-04-01T07:51:35.946+02:00  INFO 5925 --- [SpringApplicationShutdownHook] j.LocalContainerEntityManagerFactoryBean : Closing JPA EntityManagerFactory for persistence unit 'default'
2025-04-01T07:51:35.948+02:00  INFO 5925 --- [SpringApplicationShutdownHook] com.zaxxer.hikari.HikariDataSource       : HikariPool-1 - Shutdown initiated...
2025-04-01T07:51:35.950+02:00  INFO 5925 --- [SpringApplicationShutdownHook] com.zaxxer.hikari.HikariDataSource       : HikariPool-1 - Shutdown completed.
2025-04-01T07:51:44.772+02:00  INFO 6744 --- [main] o.j.a.q.kitchensink.Application          : Starting Application using Java 23.0.2 with PID 6744 (/Users/marcosordi/Documents/mongodb/mongokitch/kitchensinkmongo/kitchensink/target/classes started by marcosordi in /Users/marcosordi/Documents/mongodb/mongokitch/kitchensinkmongo/kitchensink)
2025-04-01T07:51:44.773+02:00 DEBUG 6744 --- [main] o.j.a.q.kitchensink.Application          : Running with Spring Boot v3.3.2, Spring v6.1.11
2025-04-01T07:51:44.773+02:00  INFO 6744 --- [main] o.j.a.q.kitchensink.Application          : No active profile set, falling back to 1 default profile: "default"
2025-04-01T07:51:44.985+02:00  INFO 6744 --- [main] .s.d.r.c.RepositoryConfigurationDelegate : Multiple Spring Data modules found, entering strict repository configuration mode
2025-04-01T07:51:44.986+02:00  INFO 6744 --- [main] .s.d.r.c.RepositoryConfigurationDelegate : Bootstrapping Spring Data MongoDB repositories in DEFAULT mode.
2025-04-01T07:51:45.049+02:00  INFO 6744 --- [main] .s.d.r.c.RepositoryConfigurationDelegate : Finished Spring Data repository scanning in 60 ms. Found 1 MongoDB repository interface.
2025-04-01T07:51:45.050+02:00  INFO 6744 --- [main] .s.d.r.c.RepositoryConfigurationDelegate : Multiple Spring Data modules found, entering strict repository configuration mode
2025-04-01T07:51:45.050+02:00  INFO 6744 --- [main] .s.d.r.c.RepositoryConfigurationDelegate : Bootstrapping Spring Data MongoDB repositories in DEFAULT mode.
2025-04-01T07:51:45.053+02:00  INFO 6744 --- [main] .s.d.r.c.RepositoryConfigurationDelegate : Finished Spring Data repository scanning in 2 ms. Found 1 MongoDB repository interface.
2025-04-01T07:51:45.126+02:00  INFO 6744 --- [main] .s.d.r.c.RepositoryConfigurationDelegate : Multiple Spring Data modules found, entering strict repository configuration mode
2025-04-01T07:51:45.126+02:00  INFO 6744 --- [main] .s.d.r.c.RepositoryConfigurationDelegate : Bootstrapping Spring Data JPA repositories in DEFAULT mode.
2025-04-01T07:51:45.136+02:00  INFO 6744 --- [main] .RepositoryConfigurationExtensionSupport : Spring Data JPA - Could not safely identify store assignment for repository candidate interface org.jboss.as.quickstarts.kitchensink.data.MemberRepository; If you want this repository to be a JPA repository, consider annotating your entities with one of these annotations: jakarta.persistence.Entity, jakarta.persistence.MappedSuperclass (preferred), or consider extending one of the following types with your repository: org.springframework.data.jpa.repository.JpaRepository
2025-04-01T07:51:45.136+02:00  INFO 6744 --- [main] .s.d.r.c.RepositoryConfigurationDelegate : Finished Spring Data repository scanning in 8 ms. Found 0 JPA repository interfaces.
2025-04-01T07:51:45.377+02:00  INFO 6744 --- [main] o.s.b.w.embedded.tomcat.TomcatWebServer  : Tomcat initialized with port 8080 (http)
2025-04-01T07:51:45.383+02:00  INFO 6744 --- [main] o.apache.catalina.core.StandardService   : Starting service [Tomcat]
2025-04-01T07:51:45.383+02:00  INFO 6744 --- [main] o.apache.catalina.core.StandardEngine    : Starting Servlet engine: [Apache Tomcat/10.1.26]
2025-04-01T07:51:45.409+02:00  INFO 6744 --- [main] o.a.c.c.C.[Tomcat].[localhost].[/]       : Initializing Spring embedded WebApplicationContext
2025-04-01T07:51:45.409+02:00  INFO 6744 --- [main] w.s.c.ServletWebServerApplicationContext : Root WebApplicationContext: initialization completed in 609 ms
2025-04-01T07:51:45.424+02:00  INFO 6744 --- [main] com.zaxxer.hikari.HikariDataSource       : HikariPool-1 - Starting...
2025-04-01T07:51:45.505+02:00  INFO 6744 --- [main] com.zaxxer.hikari.pool.HikariPool        : HikariPool-1 - Added connection conn0: url=jdbc:h2:mem:ddd03cb5-8ebf-4a25-9d38-a96ac27434b2 user=SA
2025-04-01T07:51:45.506+02:00  INFO 6744 --- [main] com.zaxxer.hikari.HikariDataSource       : HikariPool-1 - Start completed.
2025-04-01T07:51:45.512+02:00  INFO 6744 --- [main] o.s.b.a.h2.H2ConsoleAutoConfiguration    : H2 console available at '/h2-console'. Database available at 'jdbc:h2:mem:ddd03cb5-8ebf-4a25-9d38-a96ac27434b2'
2025-04-01T07:51:45.732+02:00  INFO 6744 --- [main] SQL dialect                              : HHH000400: Using dialect: org.hibernate.dialect.H2Dialect
2025-04-01T07:51:45.857+02:00  INFO 6744 --- [main] j.LocalContainerEntityManagerFactoryBean : Initialized JPA EntityManagerFactory for persistence unit 'default'
2025-04-01T07:51:45.930+02:00  INFO 6744 --- [main] org.mongodb.driver.client                : MongoClient with metadata {"driver": {"name": "mongo-java-driver|sync|spring-boot", "version": "5.0.1"}, "os": {"type": "Darwin", "name": "Mac OS X", "architecture": "aarch64", "version": "14.6.1"}, "platform": "Java/Homebrew/23.0.2"} created with settings MongoClientSettings{readPreference=primary, writeConcern=WriteConcern{w=null, wTimeout=null ms, journal=null}, retryWrites=true, retryReads=true, readConcern=ReadConcern{level=null}, credential=null, transportSettings=null, commandListeners=[], codecRegistry=ProvidersCodecRegistry{codecProviders=[ValueCodecProvider{}, BsonValueCodecProvider{}, DBRefCodecProvider{}, DBObjectCodecProvider{}, DocumentCodecProvider{}, CollectionCodecProvider{}, IterableCodecProvider{}, MapCodecProvider{}, GeoJsonCodecProvider{}, GridFSFileCodecProvider{}, Jsr310CodecProvider{}, JsonObjectCodecProvider{}, BsonCodecProvider{}, EnumCodecProvider{}, com.mongodb.client.model.mql.ExpressionCodecProvider@4de158ca, com.mongodb.Jep395RecordCodecProvider@4f2fdf3d, com.mongodb.KotlinCodecProvider@d180961]}, loggerSettings=LoggerSettings{maxDocumentLength=1000}, clusterSettings={hosts=[localhost:27017], srvServiceName=mongodb, mode=SINGLE, requiredClusterType=UNKNOWN, requiredReplicaSetName='null', serverSelector='null', clusterListeners='[]', serverSelectionTimeout='30000 ms', localThreshold='15 ms'}, socketSettings=SocketSettings{connectTimeoutMS=10000, readTimeoutMS=0, receiveBufferSize=0, proxySettings=ProxySettings{host=null, port=null, username=null, password=null}}, heartbeatSocketSettings=SocketSettings{connectTimeoutMS=10000, readTimeoutMS=10000, receiveBufferSize=0, proxySettings=ProxySettings{host=null, port=null, username=null, password=null}}, connectionPoolSettings=ConnectionPoolSettings{maxSize=100, minSize=0, maxWaitTimeMS=120000, maxConnectionLifeTimeMS=0, maxConnectionIdleTimeMS=0, maintenanceInitialDelayMS=0, maintenanceFrequencyMS=60000, connectionPoolListeners=[], maxConnecting=2}, serverSettings=ServerSettings{heartbeatFrequencyMS=10000, minHeartbeatFrequencyMS=500, serverListeners='[]', serverMonitorListeners='[]'}, sslSettings=SslSettings{enabled=false, invalidHostNameAllowed=false, context=null}, applicationName='null', compressorList=[], uuidRepresentation=JAVA_LEGACY, serverApi=null, autoEncryptionSettings=null, dnsClient=null, inetAddressResolver=null, contextProvider=null}
2025-04-01T07:51:45.949+02:00  INFO 6744 --- [cluster-ClusterId{value='67eb7ef18fd00546507cb97f', description='null'}-localhost:27017] org.mongodb.driver.cluster               : Monitor thread successfully connected to server with description ServerDescription{address=localhost:27017, type=STANDALONE, state=CONNECTED, ok=true, minWireVersion=0, maxWireVersion=25, maxDocumentSize=16777216, logicalSessionTimeoutMinutes=30, roundTripTimeNanos=9569500}
2025-04-01T07:51:46.121+02:00  INFO 6744 --- [main] o.j.a.q.k.controller.MemberController    : Total members cazzo found: 7
2025-04-01T07:51:46.193+02:00  WARN 6744 --- [main] JpaBaseConfiguration$JpaWebConfiguration : spring.jpa.open-in-view is enabled by default. Therefore, database queries may be performed during view rendering. Explicitly configure spring.jpa.open-in-view to disable this warning
2025-04-01T07:51:46.205+02:00  INFO 6744 --- [main] o.s.b.a.w.s.WelcomePageHandlerMapping    : Adding welcome page: ServletContext resource [/index.html]
2025-04-01T07:51:46.234+02:00 DEBUG 6744 --- [main] s.w.s.m.m.a.RequestMappingHandlerMapping : 10 mappings in 'requestMappingHandlerMapping'
2025-04-01T07:51:46.272+02:00 DEBUG 6744 --- [main] o.s.w.s.handler.SimpleUrlHandlerMapping  : Patterns [/webjars/**, /**] in 'resourceHandlerMapping'
2025-04-01T07:51:46.291+02:00 DEBUG 6744 --- [main] s.w.s.m.m.a.RequestMappingHandlerAdapter : ControllerAdvice beans: 0 @ModelAttribute, 0 @InitBinder, 1 RequestBodyAdvice, 1 ResponseBodyAdvice
2025-04-01T07:51:46.306+02:00 DEBUG 6744 --- [main] .m.m.a.ExceptionHandlerExceptionResolver : ControllerAdvice beans: 0 @ExceptionHandler, 1 ResponseBodyAdvice
2025-04-01T07:51:46.372+02:00  INFO 6744 --- [main] o.s.b.w.embedded.tomcat.TomcatWebServer  : Tomcat started on port 8080 (http) with context path '/'
2025-04-01T07:51:46.376+02:00  INFO 6744 --- [main] o.j.a.q.kitchensink.Application          : Started Application in 1.804 seconds (process running for 1.97)
2025-04-01T07:56:19.104+02:00  INFO 6744 --- [http-nio-8080-exec-1] o.a.c.c.C.[Tomcat].[localhost].[/]       : Initializing Spring DispatcherServlet 'dispatcherServlet'
2025-04-01T07:56:19.104+02:00  INFO 6744 --- [http-nio-8080-exec-1] o.s.web.servlet.DispatcherServlet        : Initializing Servlet 'dispatcherServlet'
2025-04-01T07:56:19.104+02:00 DEBUG 6744 --- [http-nio-8080-exec-1] o.s.web.servlet.DispatcherServlet        : Detected StandardServletMultipartResolver
2025-04-01T07:56:19.104+02:00 DEBUG 6744 --- [http-nio-8080-exec-1] o.s.web.servlet.DispatcherServlet        : Detected AcceptHeaderLocaleResolver
2025-04-01T07:56:19.105+02:00 DEBUG 6744 --- [http-nio-8080-exec-1] o.s.web.servlet.DispatcherServlet        : Detected FixedThemeResolver
2025-04-01T07:56:19.105+02:00 DEBUG 6744 --- [http-nio-8080-exec-1] o.s.web.servlet.DispatcherServlet        : Detected org.springframework.web.servlet.view.DefaultRequestToViewNameTranslator@79454d8e
2025-04-01T07:56:19.106+02:00 DEBUG 6744 --- [http-nio-8080-exec-1] o.s.web.servlet.DispatcherServlet        : Detected org.springframework.web.servlet.support.SessionFlashMapManager@3aa8c337
2025-04-01T07:56:19.106+02:00 DEBUG 6744 --- [http-nio-8080-exec-1] o.s.web.servlet.DispatcherServlet        : enableLoggingRequestDetails='false': request parameters and headers will be masked to prevent unsafe logging of potentially sensitive data
2025-04-01T07:56:19.106+02:00  INFO 6744 --- [http-nio-8080-exec-1] o.s.web.servlet.DispatcherServlet        : Completed initialization in 2 ms
2025-04-01T07:56:19.110+02:00 DEBUG 6744 --- [http-nio-8080-exec-1] o.s.web.servlet.DispatcherServlet        : GET "/index", parameters={}
2025-04-01T07:56:19.115+02:00 DEBUG 6744 --- [http-nio-8080-exec-1] s.w.s.m.m.a.RequestMappingHandlerMapping : Mapped to org.jboss.as.quickstarts.kitchensink.controller.HomeController#index(Model)
2025-04-01T07:56:19.153+02:00 DEBUG 6744 --- [http-nio-8080-exec-1] o.s.w.s.v.ContentNegotiatingViewResolver : Selected 'text/html' given [text/html, application/xhtml+xml, image/avif, image/webp, image/apng, application/xml;q=0.9, */*;q=0.8, application/signed-exchange;v=b3;q=0.7]
2025-04-01T07:56:19.300+02:00 DEBUG 6744 --- [http-nio-8080-exec-1] o.s.web.servlet.DispatcherServlet        : Completed 200 OK
2025-04-01T07:56:31.998+02:00 DEBUG 6744 --- [http-nio-8080-exec-3] o.s.web.servlet.DispatcherServlet        : POST "/members/register", parameters={masked}
2025-04-01T07:56:31.999+02:00 DEBUG 6744 --- [http-nio-8080-exec-3] s.w.s.m.m.a.RequestMappingHandlerMapping : Mapped to org.jboss.as.quickstarts.kitchensink.controller.MemberRestController#register(Member, BindingResult, RedirectAttributes)
2025-04-01T07:56:32.013+02:00 DEBUG 6744 --- [http-nio-8080-exec-3] o.s.web.method.HandlerMethod             : Could not resolve parameter [0] in public java.lang.String org.jboss.as.quickstarts.kitchensink.controller.MemberRestController.register(org.jboss.as.quickstarts.kitchensink.model.Member,org.springframework.validation.BindingResult,org.springframework.web.servlet.mvc.support.RedirectAttributes): class org.springframework.web.servlet.mvc.method.annotation.ExtendedServletRequestDataBinder cannot be cast to class org.springframework.web.bind.support.WebRequestDataBinder (org.springframework.web.servlet.mvc.method.annotation.ExtendedServletRequestDataBinder and org.springframework.web.bind.support.WebRequestDataBinder are in unnamed module of loader 'app')
2025-04-01T07:56:32.016+02:00 DEBUG 6744 --- [http-nio-8080-exec-3] o.s.web.servlet.DispatcherServlet        : Failed to complete request: java.lang.ClassCastException: class org.springframework.web.servlet.mvc.method.annotation.ExtendedServletRequestDataBinder cannot be cast to class org.springframework.web.bind.support.WebRequestDataBinder (org.springframework.web.servlet.mvc.method.annotation.ExtendedServletRequestDataBinder and org.springframework.web.bind.support.WebRequestDataBinder are in unnamed module of loader 'app')
2025-04-01T07:56:32.016+02:00 ERROR 6744 --- [http-nio-8080-exec-3] o.a.c.c.C.[.[.[/].[dispatcherServlet]    : Servlet.service() for servlet [dispatcherServlet] in context with path [] threw exception [Request processing failed: java.lang.ClassCastException: class org.springframework.web.servlet.mvc.method.annotation.ExtendedServletRequestDataBinder cannot be cast to class org.springframework.web.bind.support.WebRequestDataBinder (org.springframework.web.servlet.mvc.method.annotation.ExtendedServletRequestDataBinder and org.springframework.web.bind.support.WebRequestDataBinder are in unnamed module of loader 'app')] with root cause

java.lang.ClassCastException: class org.springframework.web.servlet.mvc.method.annotation.ExtendedServletRequestDataBinder cannot be cast to class org.springframework.web.bind.support.WebRequestDataBinder (org.springframework.web.servlet.mvc.method.annotation.ExtendedServletRequestDataBinder and org.springframework.web.bind.support.WebRequestDataBinder are in unnamed module of loader 'app')
	at org.springframework.web.method.annotation.ModelAttributeMethodProcessor.constructAttribute(ModelAttributeMethodProcessor.java:207) ~[spring-web-6.1.11.jar:6.1.11]
	at org.springframework.web.method.annotation.ModelAttributeMethodProcessor.resolveArgument(ModelAttributeMethodProcessor.java:148) ~[spring-web-6.1.11.jar:6.1.11]
	at org.springframework.web.method.support.HandlerMethodArgumentResolverComposite.resolveArgument(HandlerMethodArgumentResolverComposite.java:122) ~[spring-web-6.1.11.jar:6.1.11]
	at org.springframework.web.method.support.InvocableHandlerMethod.getMethodArgumentValues(InvocableHandlerMethod.java:224) ~[spring-web-6.1.11.jar:6.1.11]
	at org.springframework.web.method.support.InvocableHandlerMethod.invokeForRequest(InvocableHandlerMethod.java:178) ~[spring-web-6.1.11.jar:6.1.11]
	at org.springframework.web.servlet.mvc.method.annotation.ServletInvocableHandlerMethod.invokeAndHandle(ServletInvocableHandlerMethod.java:117) ~[spring-webmvc-6.0.0.jar:6.0.0]
	at org.springframework.web.servlet.mvc.method.annotation.RequestMappingHandlerAdapter.invokeHandlerMethod(RequestMappingHandlerAdapter.java:891) ~[spring-webmvc-6.0.0.jar:6.0.0]
	at org.springframework.web.servlet.mvc.method.annotation.RequestMappingHandlerAdapter.handleInternal(RequestMappingHandlerAdapter.java:804) ~[spring-webmvc-6.0.0.jar:6.0.0]
	at org.springframework.web.servlet.mvc.method.AbstractHandlerMethodAdapter.handle(AbstractHandlerMethodAdapter.java:87) ~[spring-webmvc-6.0.0.jar:6.0.0]
	at org.springframework.web.servlet.DispatcherServlet.doDispatch(DispatcherServlet.java:1080) ~[spring-webmvc-6.0.0.jar:6.0.0]
	at org.springframework.web.servlet.DispatcherServlet.doService(DispatcherServlet.java:973) ~[spring-webmvc-6.0.0.jar:6.0.0]
	at org.springframework.web.servlet.FrameworkServlet.processRequest(FrameworkServlet.java:1003) ~[spring-webmvc-6.0.0.jar:6.0.0]
	at org.springframework.web.servlet.FrameworkServlet.doPost(FrameworkServlet.java:906) ~[spring-webmvc-6.0.0.jar:6.0.0]
	at jakarta.servlet.http.HttpServlet.service(HttpServlet.java:590) ~[tomcat-embed-core-10.1.26.jar:10.1.26]
	at org.springframework.web.servlet.FrameworkServlet.service(FrameworkServlet.java:880) ~[spring-webmvc-6.0.0.jar:6.0.0]
	at jakarta.servlet.http.HttpServlet.service(HttpServlet.java:658) ~[tomcat-embed-core-10.1.26.jar:10.1.26]
	at org.apache.catalina.core.ApplicationFilterChain.internalDoFilter(ApplicationFilterChain.java:195) ~[tomcat-embed-core-10.1.26.jar:10.1.26]
	at org.apache.catalina.core.ApplicationFilterChain.doFilter(ApplicationFilterChain.java:140) ~[tomcat-embed-core-10.1.26.jar:10.1.26]
	at org.apache.tomcat.websocket.server.WsFilter.doFilter(WsFilter.java:51) ~[tomcat-embed-websocket-10.1.26.jar:10.1.26]
	at org.apache.catalina.core.ApplicationFilterChain.internalDoFilter(ApplicationFilterChain.java:164) ~[tomcat-embed-core-10.1.26.jar:10.1.26]
	at org.apache.catalina.core.ApplicationFilterChain.doFilter(ApplicationFilterChain.java:140) ~[tomcat-embed-core-10.1.26.jar:10.1.26]
	at org.springframework.web.filter.RequestContextFilter.doFilterInternal(RequestContextFilter.java:100) ~[spring-web-6.1.11.jar:6.1.11]
	at org.springframework.web.filter.OncePerRequestFilter.doFilter(OncePerRequestFilter.java:116) ~[spring-web-6.1.11.jar:6.1.11]
	at org.apache.catalina.core.ApplicationFilterChain.internalDoFilter(ApplicationFilterChain.java:164) ~[tomcat-embed-core-10.1.26.jar:10.1.26]
	at org.apache.catalina.core.ApplicationFilterChain.doFilter(ApplicationFilterChain.java:140) ~[tomcat-embed-core-10.1.26.jar:10.1.26]
	at org.springframework.web.filter.FormContentFilter.doFilterInternal(FormContentFilter.java:93) ~[spring-web-6.1.11.jar:6.1.11]
	at org.springframework.web.filter.OncePerRequestFilter.doFilter(OncePerRequestFilter.java:116) ~[spring-web-6.1.11.jar:6.1.11]
	at org.apache.catalina.core.ApplicationFilterChain.internalDoFilter(ApplicationFilterChain.java:164) ~[tomcat-embed-core-10.1.26.jar:10.1.26]
	at org.apache.catalina.core.ApplicationFilterChain.doFilter(ApplicationFilterChain.java:140) ~[tomcat-embed-core-10.1.26.jar:10.1.26]
	at org.springframework.web.filter.CharacterEncodingFilter.doFilterInternal(CharacterEncodingFilter.java:201) ~[spring-web-6.1.11.jar:6.1.11]
	at org.springframework.web.filter.OncePerRequestFilter.doFilter(OncePerRequestFilter.java:116) ~[spring-web-6.1.11.jar:6.1.11]
	at org.apache.catalina.core.ApplicationFilterChain.internalDoFilter(ApplicationFilterChain.java:164) ~[tomcat-embed-core-10.1.26.jar:10.1.26]
	at org.apache.catalina.core.ApplicationFilterChain.doFilter(ApplicationFilterChain.java:140) ~[tomcat-embed-core-10.1.26.jar:10.1.26]
	at org.apache.catalina.core.StandardWrapperValve.invoke(StandardWrapperValve.java:167) ~[tomcat-embed-core-10.1.26.jar:10.1.26]
	at org.apache.catalina.core.StandardContextValve.invoke(StandardContextValve.java:90) ~[tomcat-embed-core-10.1.26.jar:10.1.26]
	at org.apache.catalina.authenticator.AuthenticatorBase.invoke(AuthenticatorBase.java:483) ~[tomcat-embed-core-10.1.26.jar:10.1.26]
	at org.apache.catalina.core.StandardHostValve.invoke(StandardHostValve.java:115) ~[tomcat-embed-core-10.1.26.jar:10.1.26]
	at org.apache.catalina.valves.ErrorReportValve.invoke(ErrorReportValve.java:93) ~[tomcat-embed-core-10.1.26.jar:10.1.26]
	at org.apache.catalina.core.StandardEngineValve.invoke(StandardEngineValve.java:74) ~[tomcat-embed-core-10.1.26.jar:10.1.26]
	at org.apache.catalina.connector.CoyoteAdapter.service(CoyoteAdapter.java:344) ~[tomcat-embed-core-10.1.26.jar:10.1.26]
	at org.apache.coyote.http11.Http11Processor.service(Http11Processor.java:389) ~[tomcat-embed-core-10.1.26.jar:10.1.26]
	at org.apache.coyote.AbstractProcessorLight.process(AbstractProcessorLight.java:63) ~[tomcat-embed-core-10.1.26.jar:10.1.26]
	at org.apache.coyote.AbstractProtocol$ConnectionHandler.process(AbstractProtocol.java:904) ~[tomcat-embed-core-10.1.26.jar:10.1.26]
	at org.apache.tomcat.util.net.NioEndpoint$SocketProcessor.doRun(NioEndpoint.java:1741) ~[tomcat-embed-core-10.1.26.jar:10.1.26]
	at org.apache.tomcat.util.net.SocketProcessorBase.run(SocketProcessorBase.java:52) ~[tomcat-embed-core-10.1.26.jar:10.1.26]
	at org.apache.tomcat.util.threads.ThreadPoolExecutor.runWorker(ThreadPoolExecutor.java:1190) ~[tomcat-embed-core-10.1.26.jar:10.1.26]
	at org.apache.tomcat.util.threads.ThreadPoolExecutor$Worker.run(ThreadPoolExecutor.java:659) ~[tomcat-embed-core-10.1.26.jar:10.1.26]
	at org.apache.tomcat.util.threads.TaskThread$WrappingRunnable.run(TaskThread.java:63) ~[tomcat-embed-core-10.1.26.jar:10.1.26]
	at java.base/java.lang.Thread.run(Thread.java:1575) ~[na:na]

2025-04-01T07:56:32.023+02:00 DEBUG 6744 --- [http-nio-8080-exec-3] o.s.web.servlet.DispatcherServlet        : "ERROR" dispatch for POST "/error", parameters={masked}
2025-04-01T07:56:32.024+02:00 DEBUG 6744 --- [http-nio-8080-exec-3] s.w.s.m.m.a.RequestMappingHandlerMapping : Mapped to org.springframework.boot.autoconfigure.web.servlet.error.BasicErrorController#errorHtml(HttpServletRequest, HttpServletResponse)
2025-04-01T07:56:32.034+02:00 DEBUG 6744 --- [http-nio-8080-exec-3] o.s.w.s.v.ContentNegotiatingViewResolver : Selected 'text/html' given [text/html, text/html;q=0.8]
2025-04-01T07:56:32.034+02:00 ERROR 6744 --- [http-nio-8080-exec-3] org.thymeleaf.TemplateEngine             : [THYMELEAF][http-nio-8080-exec-3] Exception processing template "error": Error resolving template [error], template might not exist or might not be accessible by any of the configured Template Resolvers

org.thymeleaf.exceptions.TemplateInputException: Error resolving template [error], template might not exist or might not be accessible by any of the configured Template Resolvers
	at org.thymeleaf.engine.TemplateManager.resolveTemplate(TemplateManager.java:869) ~[thymeleaf-3.1.2.RELEASE.jar:3.1.2.RELEASE]
	at org.thymeleaf.engine.TemplateManager.parseAndProcess(TemplateManager.java:607) ~[thymeleaf-3.1.2.RELEASE.jar:3.1.2.RELEASE]
	at org.thymeleaf.TemplateEngine.process(TemplateEngine.java:1103) ~[thymeleaf-3.1.2.RELEASE.jar:3.1.2.RELEASE]
	at org.thymeleaf.TemplateEngine.process(TemplateEngine.java:1077) ~[thymeleaf-3.1.2.RELEASE.jar:3.1.2.RELEASE]
	at org.thymeleaf.spring6.view.ThymeleafView.renderFragment(ThymeleafView.java:372) ~[thymeleaf-spring6-3.1.2.RELEASE.jar:3.1.2.RELEASE]
	at org.thymeleaf.spring6.view.ThymeleafView.render(ThymeleafView.java:192) ~[thymeleaf-spring6-3.1.2.RELEASE.jar:3.1.2.RELEASE]
	at org.springframework.web.servlet.DispatcherServlet.render(DispatcherServlet.java:1414) ~[spring-webmvc-6.0.0.jar:6.0.0]
	at org.springframework.web.servlet.DispatcherServlet.processDispatchResult(DispatcherServlet.java:1158) ~[spring-webmvc-6.0.0.jar:6.0.0]
	at org.springframework.web.servlet.DispatcherServlet.doDispatch(DispatcherServlet.java:1097) ~[spring-webmvc-6.0.0.jar:6.0.0]
	at org.springframework.web.servlet.DispatcherServlet.doService(DispatcherServlet.java:973) ~[spring-webmvc-6.0.0.jar:6.0.0]
	at org.springframework.web.servlet.FrameworkServlet.processRequest(FrameworkServlet.java:1003) ~[spring-webmvc-6.0.0.jar:6.0.0]
	at org.springframework.web.servlet.FrameworkServlet.doPost(FrameworkServlet.java:906) ~[spring-webmvc-6.0.0.jar:6.0.0]
	at jakarta.servlet.http.HttpServlet.service(HttpServlet.java:590) ~[tomcat-embed-core-10.1.26.jar:10.1.26]
	at org.springframework.web.servlet.FrameworkServlet.service(FrameworkServlet.java:880) ~[spring-webmvc-6.0.0.jar:6.0.0]
	at jakarta.servlet.http.HttpServlet.service(HttpServlet.java:658) ~[tomcat-embed-core-10.1.26.jar:10.1.26]
	at org.apache.catalina.core.ApplicationFilterChain.internalDoFilter(ApplicationFilterChain.java:195) ~[tomcat-embed-core-10.1.26.jar:10.1.26]
	at org.apache.catalina.core.ApplicationFilterChain.doFilter(ApplicationFilterChain.java:140) ~[tomcat-embed-core-10.1.26.jar:10.1.26]
	at org.springframework.web.filter.RequestContextFilter.doFilterInternal(RequestContextFilter.java:100) ~[spring-web-6.1.11.jar:6.1.11]
	at org.springframework.web.filter.OncePerRequestFilter.doFilter(OncePerRequestFilter.java:116) ~[spring-web-6.1.11.jar:6.1.11]
	at org.apache.catalina.core.ApplicationFilterChain.internalDoFilter(ApplicationFilterChain.java:164) ~[tomcat-embed-core-10.1.26.jar:10.1.26]
	at org.apache.catalina.core.ApplicationFilterChain.doFilter(ApplicationFilterChain.java:140) ~[tomcat-embed-core-10.1.26.jar:10.1.26]
	at org.springframework.web.filter.OncePerRequestFilter.doFilter(OncePerRequestFilter.java:101) ~[spring-web-6.1.11.jar:6.1.11]
	at org.apache.catalina.core.ApplicationFilterChain.internalDoFilter(ApplicationFilterChain.java:164) ~[tomcat-embed-core-10.1.26.jar:10.1.26]
	at org.apache.catalina.core.ApplicationFilterChain.doFilter(ApplicationFilterChain.java:140) ~[tomcat-embed-core-10.1.26.jar:10.1.26]
	at org.springframework.web.filter.OncePerRequestFilter.doFilter(OncePerRequestFilter.java:101) ~[spring-web-6.1.11.jar:6.1.11]
	at org.apache.catalina.core.ApplicationFilterChain.internalDoFilter(ApplicationFilterChain.java:164) ~[tomcat-embed-core-10.1.26.jar:10.1.26]
	at org.apache.catalina.core.ApplicationFilterChain.doFilter(ApplicationFilterChain.java:140) ~[tomcat-embed-core-10.1.26.jar:10.1.26]
	at org.apache.catalina.core.ApplicationDispatcher.invoke(ApplicationDispatcher.java:632) ~[tomcat-embed-core-10.1.26.jar:10.1.26]
	at org.apache.catalina.core.ApplicationDispatcher.processRequest(ApplicationDispatcher.java:410) ~[tomcat-embed-core-10.1.26.jar:10.1.26]
	at org.apache.catalina.core.ApplicationDispatcher.doForward(ApplicationDispatcher.java:330) ~[tomcat-embed-core-10.1.26.jar:10.1.26]
	at org.apache.catalina.core.ApplicationDispatcher.forward(ApplicationDispatcher.java:267) ~[tomcat-embed-core-10.1.26.jar:10.1.26]
	at org.apache.catalina.core.StandardHostValve.custom(StandardHostValve.java:362) ~[tomcat-embed-core-10.1.26.jar:10.1.26]
	at org.apache.catalina.core.StandardHostValve.status(StandardHostValve.java:222) ~[tomcat-embed-core-10.1.26.jar:10.1.26]
	at org.apache.catalina.core.StandardHostValve.throwable(StandardHostValve.java:308) ~[tomcat-embed-core-10.1.26.jar:10.1.26]
	at org.apache.catalina.core.StandardHostValve.invoke(StandardHostValve.java:149) ~[tomcat-embed-core-10.1.26.jar:10.1.26]
	at org.apache.catalina.valves.ErrorReportValve.invoke(ErrorReportValve.java:93) ~[tomcat-embed-core-10.1.26.jar:10.1.26]
	at org.apache.catalina.core.StandardEngineValve.invoke(StandardEngineValve.java:74) ~[tomcat-embed-core-10.1.26.jar:10.1.26]
	at org.apache.catalina.connector.CoyoteAdapter.service(CoyoteAdapter.java:344) ~[tomcat-embed-core-10.1.26.jar:10.1.26]
	at org.apache.coyote.http11.Http11Processor.service(Http11Processor.java:389) ~[tomcat-embed-core-10.1.26.jar:10.1.26]
	at org.apache.coyote.AbstractProcessorLight.process(AbstractProcessorLight.java:63) ~[tomcat-embed-core-10.1.26.jar:10.1.26]
	at org.apache.coyote.AbstractProtocol$ConnectionHandler.process(AbstractProtocol.java:904) ~[tomcat-embed-core-10.1.26.jar:10.1.26]
	at org.apache.tomcat.util.net.NioEndpoint$SocketProcessor.doRun(NioEndpoint.java:1741) ~[tomcat-embed-core-10.1.26.jar:10.1.26]
	at org.apache.tomcat.util.net.SocketProcessorBase.run(SocketProcessorBase.java:52) ~[tomcat-embed-core-10.1.26.jar:10.1.26]
	at org.apache.tomcat.util.threads.ThreadPoolExecutor.runWorker(ThreadPoolExecutor.java:1190) ~[tomcat-embed-core-10.1.26.jar:10.1.26]
	at org.apache.tomcat.util.threads.ThreadPoolExecutor$Worker.run(ThreadPoolExecutor.java:659) ~[tomcat-embed-core-10.1.26.jar:10.1.26]
	at org.apache.tomcat.util.threads.TaskThread$WrappingRunnable.run(TaskThread.java:63) ~[tomcat-embed-core-10.1.26.jar:10.1.26]
	at java.base/java.lang.Thread.run(Thread.java:1575) ~[na:na]

2025-04-01T07:56:32.036+02:00 DEBUG 6744 --- [http-nio-8080-exec-3] o.s.web.servlet.DispatcherServlet        : Error rendering view [org.thymeleaf.spring6.view.ThymeleafView@60d9550e]

org.thymeleaf.exceptions.TemplateInputException: Error resolving template [error], template might not exist or might not be accessible by any of the configured Template Resolvers
	at org.thymeleaf.engine.TemplateManager.resolveTemplate(TemplateManager.java:869) ~[thymeleaf-3.1.2.RELEASE.jar:3.1.2.RELEASE]
	at org.thymeleaf.engine.TemplateManager.parseAndProcess(TemplateManager.java:607) ~[thymeleaf-3.1.2.RELEASE.jar:3.1.2.RELEASE]
	at org.thymeleaf.TemplateEngine.process(TemplateEngine.java:1103) ~[thymeleaf-3.1.2.RELEASE.jar:3.1.2.RELEASE]
	at org.thymeleaf.TemplateEngine.process(TemplateEngine.java:1077) ~[thymeleaf-3.1.2.RELEASE.jar:3.1.2.RELEASE]
	at org.thymeleaf.spring6.view.ThymeleafView.renderFragment(ThymeleafView.java:372) ~[thymeleaf-spring6-3.1.2.RELEASE.jar:3.1.2.RELEASE]
	at org.thymeleaf.spring6.view.ThymeleafView.render(ThymeleafView.java:192) ~[thymeleaf-spring6-3.1.2.RELEASE.jar:3.1.2.RELEASE]
	at org.springframework.web.servlet.DispatcherServlet.render(DispatcherServlet.java:1414) ~[spring-webmvc-6.0.0.jar:6.0.0]
	at org.springframework.web.servlet.DispatcherServlet.processDispatchResult(DispatcherServlet.java:1158) ~[spring-webmvc-6.0.0.jar:6.0.0]
	at org.springframework.web.servlet.DispatcherServlet.doDispatch(DispatcherServlet.java:1097) ~[spring-webmvc-6.0.0.jar:6.0.0]
	at org.springframework.web.servlet.DispatcherServlet.doService(DispatcherServlet.java:973) ~[spring-webmvc-6.0.0.jar:6.0.0]
	at org.springframework.web.servlet.FrameworkServlet.processRequest(FrameworkServlet.java:1003) ~[spring-webmvc-6.0.0.jar:6.0.0]
	at org.springframework.web.servlet.FrameworkServlet.doPost(FrameworkServlet.java:906) ~[spring-webmvc-6.0.0.jar:6.0.0]
	at jakarta.servlet.http.HttpServlet.service(HttpServlet.java:590) ~[tomcat-embed-core-10.1.26.jar:10.1.26]
	at org.springframework.web.servlet.FrameworkServlet.service(FrameworkServlet.java:880) ~[spring-webmvc-6.0.0.jar:6.0.0]
	at jakarta.servlet.http.HttpServlet.service(HttpServlet.java:658) ~[tomcat-embed-core-10.1.26.jar:10.1.26]
	at org.apache.catalina.core.ApplicationFilterChain.internalDoFilter(ApplicationFilterChain.java:195) ~[tomcat-embed-core-10.1.26.jar:10.1.26]
	at org.apache.catalina.core.ApplicationFilterChain.doFilter(ApplicationFilterChain.java:140) ~[tomcat-embed-core-10.1.26.jar:10.1.26]
	at org.springframework.web.filter.RequestContextFilter.doFilterInternal(RequestContextFilter.java:100) ~[spring-web-6.1.11.jar:6.1.11]
	at org.springframework.web.filter.OncePerRequestFilter.doFilter(OncePerRequestFilter.java:116) ~[spring-web-6.1.11.jar:6.1.11]
	at org.apache.catalina.core.ApplicationFilterChain.internalDoFilter(ApplicationFilterChain.java:164) ~[tomcat-embed-core-10.1.26.jar:10.1.26]
	at org.apache.catalina.core.ApplicationFilterChain.doFilter(ApplicationFilterChain.java:140) ~[tomcat-embed-core-10.1.26.jar:10.1.26]
	at org.springframework.web.filter.OncePerRequestFilter.doFilter(OncePerRequestFilter.java:101) ~[spring-web-6.1.11.jar:6.1.11]
	at org.apache.catalina.core.ApplicationFilterChain.internalDoFilter(ApplicationFilterChain.java:164) ~[tomcat-embed-core-10.1.26.jar:10.1.26]
	at org.apache.catalina.core.ApplicationFilterChain.doFilter(ApplicationFilterChain.java:140) ~[tomcat-embed-core-10.1.26.jar:10.1.26]
	at org.springframework.web.filter.OncePerRequestFilter.doFilter(OncePerRequestFilter.java:101) ~[spring-web-6.1.11.jar:6.1.11]
	at org.apache.catalina.core.ApplicationFilterChain.internalDoFilter(ApplicationFilterChain.java:164) ~[tomcat-embed-core-10.1.26.jar:10.1.26]
	at org.apache.catalina.core.ApplicationFilterChain.doFilter(ApplicationFilterChain.java:140) ~[tomcat-embed-core-10.1.26.jar:10.1.26]
	at org.apache.catalina.core.ApplicationDispatcher.invoke(ApplicationDispatcher.java:632) ~[tomcat-embed-core-10.1.26.jar:10.1.26]
	at org.apache.catalina.core.ApplicationDispatcher.processRequest(ApplicationDispatcher.java:410) ~[tomcat-embed-core-10.1.26.jar:10.1.26]
	at org.apache.catalina.core.ApplicationDispatcher.doForward(ApplicationDispatcher.java:330) ~[tomcat-embed-core-10.1.26.jar:10.1.26]
	at org.apache.catalina.core.ApplicationDispatcher.forward(ApplicationDispatcher.java:267) ~[tomcat-embed-core-10.1.26.jar:10.1.26]
	at org.apache.catalina.core.StandardHostValve.custom(StandardHostValve.java:362) ~[tomcat-embed-core-10.1.26.jar:10.1.26]
	at org.apache.catalina.core.StandardHostValve.status(StandardHostValve.java:222) ~[tomcat-embed-core-10.1.26.jar:10.1.26]
	at org.apache.catalina.core.StandardHostValve.throwable(StandardHostValve.java:308) ~[tomcat-embed-core-10.1.26.jar:10.1.26]
	at org.apache.catalina.core.StandardHostValve.invoke(StandardHostValve.java:149) ~[tomcat-embed-core-10.1.26.jar:10.1.26]
	at org.apache.catalina.valves.ErrorReportValve.invoke(ErrorReportValve.java:93) ~[tomcat-embed-core-10.1.26.jar:10.1.26]
	at org.apache.catalina.core.StandardEngineValve.invoke(StandardEngineValve.java:74) ~[tomcat-embed-core-10.1.26.jar:10.1.26]
	at org.apache.catalina.connector.CoyoteAdapter.service(CoyoteAdapter.java:344) ~[tomcat-embed-core-10.1.26.jar:10.1.26]
	at org.apache.coyote.http11.Http11Processor.service(Http11Processor.java:389) ~[tomcat-embed-core-10.1.26.jar:10.1.26]
	at org.apache.coyote.AbstractProcessorLight.process(AbstractProcessorLight.java:63) ~[tomcat-embed-core-10.1.26.jar:10.1.26]
	at org.apache.coyote.AbstractProtocol$ConnectionHandler.process(AbstractProtocol.java:904) ~[tomcat-embed-core-10.1.26.jar:10.1.26]
	at org.apache.tomcat.util.net.NioEndpoint$SocketProcessor.doRun(NioEndpoint.java:1741) ~[tomcat-embed-core-10.1.26.jar:10.1.26]
	at org.apache.tomcat.util.net.SocketProcessorBase.run(SocketProcessorBase.java:52) ~[tomcat-embed-core-10.1.26.jar:10.1.26]
	at org.apache.tomcat.util.threads.ThreadPoolExecutor.runWorker(ThreadPoolExecutor.java:1190) ~[tomcat-embed-core-10.1.26.jar:10.1.26]
	at org.apache.tomcat.util.threads.ThreadPoolExecutor$Worker.run(ThreadPoolExecutor.java:659) ~[tomcat-embed-core-10.1.26.jar:10.1.26]
	at org.apache.tomcat.util.threads.TaskThread$WrappingRunnable.run(TaskThread.java:63) ~[tomcat-embed-core-10.1.26.jar:10.1.26]
	at java.base/java.lang.Thread.run(Thread.java:1575) ~[na:na]

2025-04-01T07:56:32.037+02:00 DEBUG 6744 --- [http-nio-8080-exec-3] o.s.web.servlet.DispatcherServlet        : Unresolved failure from "ERROR" dispatch: org.thymeleaf.exceptions.TemplateInputException: Error resolving template [error], template might not exist or might not be accessible by any of the configured Template Resolvers
2025-04-01T07:56:32.037+02:00 ERROR 6744 --- [http-nio-8080-exec-3] o.a.c.c.C.[.[.[/].[dispatcherServlet]    : Servlet.service() for servlet [dispatcherServlet] threw exception

org.thymeleaf.exceptions.TemplateInputException: Error resolving template [error], template might not exist or might not be accessible by any of the configured Template Resolvers
	at org.thymeleaf.engine.TemplateManager.resolveTemplate(TemplateManager.java:869) ~[thymeleaf-3.1.2.RELEASE.jar:3.1.2.RELEASE]
	at org.thymeleaf.engine.TemplateManager.parseAndProcess(TemplateManager.java:607) ~[thymeleaf-3.1.2.RELEASE.jar:3.1.2.RELEASE]
	at org.thymeleaf.TemplateEngine.process(TemplateEngine.java:1103) ~[thymeleaf-3.1.2.RELEASE.jar:3.1.2.RELEASE]
	at org.thymeleaf.TemplateEngine.process(TemplateEngine.java:1077) ~[thymeleaf-3.1.2.RELEASE.jar:3.1.2.RELEASE]
	at org.thymeleaf.spring6.view.ThymeleafView.renderFragment(ThymeleafView.java:372) ~[thymeleaf-spring6-3.1.2.RELEASE.jar:3.1.2.RELEASE]
	at org.thymeleaf.spring6.view.ThymeleafView.render(ThymeleafView.java:192) ~[thymeleaf-spring6-3.1.2.RELEASE.jar:3.1.2.RELEASE]
	at org.springframework.web.servlet.DispatcherServlet.render(DispatcherServlet.java:1414) ~[spring-webmvc-6.0.0.jar:6.0.0]
	at org.springframework.web.servlet.DispatcherServlet.processDispatchResult(DispatcherServlet.java:1158) ~[spring-webmvc-6.0.0.jar:6.0.0]
	at org.springframework.web.servlet.DispatcherServlet.doDispatch(DispatcherServlet.java:1097) ~[spring-webmvc-6.0.0.jar:6.0.0]
	at org.springframework.web.servlet.DispatcherServlet.doService(DispatcherServlet.java:973) ~[spring-webmvc-6.0.0.jar:6.0.0]
	at org.springframework.web.servlet.FrameworkServlet.processRequest(FrameworkServlet.java:1003) ~[spring-webmvc-6.0.0.jar:6.0.0]
	at org.springframework.web.servlet.FrameworkServlet.doPost(FrameworkServlet.java:906) ~[spring-webmvc-6.0.0.jar:6.0.0]
	at jakarta.servlet.http.HttpServlet.service(HttpServlet.java:590) ~[tomcat-embed-core-10.1.26.jar:10.1.26]
	at org.springframework.web.servlet.FrameworkServlet.service(FrameworkServlet.java:880) ~[spring-webmvc-6.0.0.jar:6.0.0]
	at jakarta.servlet.http.HttpServlet.service(HttpServlet.java:658) ~[tomcat-embed-core-10.1.26.jar:10.1.26]
	at org.apache.catalina.core.ApplicationFilterChain.internalDoFilter(ApplicationFilterChain.java:195) ~[tomcat-embed-core-10.1.26.jar:10.1.26]
	at org.apache.catalina.core.ApplicationFilterChain.doFilter(ApplicationFilterChain.java:140) ~[tomcat-embed-core-10.1.26.jar:10.1.26]
	at org.springframework.web.filter.RequestContextFilter.doFilterInternal(RequestContextFilter.java:100) ~[spring-web-6.1.11.jar:6.1.11]
	at org.springframework.web.filter.OncePerRequestFilter.doFilter(OncePerRequestFilter.java:116) ~[spring-web-6.1.11.jar:6.1.11]
	at org.apache.catalina.core.ApplicationFilterChain.internalDoFilter(ApplicationFilterChain.java:164) ~[tomcat-embed-core-10.1.26.jar:10.1.26]
	at org.apache.catalina.core.ApplicationFilterChain.doFilter(ApplicationFilterChain.java:140) ~[tomcat-embed-core-10.1.26.jar:10.1.26]
	at org.springframework.web.filter.OncePerRequestFilter.doFilter(OncePerRequestFilter.java:101) ~[spring-web-6.1.11.jar:6.1.11]
	at org.apache.catalina.core.ApplicationFilterChain.internalDoFilter(ApplicationFilterChain.java:164) ~[tomcat-embed-core-10.1.26.jar:10.1.26]
	at org.apache.catalina.core.ApplicationFilterChain.doFilter(ApplicationFilterChain.java:140) ~[tomcat-embed-core-10.1.26.jar:10.1.26]
	at org.springframework.web.filter.OncePerRequestFilter.doFilter(OncePerRequestFilter.java:101) ~[spring-web-6.1.11.jar:6.1.11]
	at org.apache.catalina.core.ApplicationFilterChain.internalDoFilter(ApplicationFilterChain.java:164) ~[tomcat-embed-core-10.1.26.jar:10.1.26]
	at org.apache.catalina.core.ApplicationFilterChain.doFilter(ApplicationFilterChain.java:140) ~[tomcat-embed-core-10.1.26.jar:10.1.26]
	at org.apache.catalina.core.ApplicationDispatcher.invoke(ApplicationDispatcher.java:632) ~[tomcat-embed-core-10.1.26.jar:10.1.26]
	at org.apache.catalina.core.ApplicationDispatcher.processRequest(ApplicationDispatcher.java:410) ~[tomcat-embed-core-10.1.26.jar:10.1.26]
	at org.apache.catalina.core.ApplicationDispatcher.doForward(ApplicationDispatcher.java:330) ~[tomcat-embed-core-10.1.26.jar:10.1.26]
	at org.apache.catalina.core.ApplicationDispatcher.forward(ApplicationDispatcher.java:267) ~[tomcat-embed-core-10.1.26.jar:10.1.26]
	at org.apache.catalina.core.StandardHostValve.custom(StandardHostValve.java:362) ~[tomcat-embed-core-10.1.26.jar:10.1.26]
	at org.apache.catalina.core.StandardHostValve.status(StandardHostValve.java:222) ~[tomcat-embed-core-10.1.26.jar:10.1.26]
	at org.apache.catalina.core.StandardHostValve.throwable(StandardHostValve.java:308) ~[tomcat-embed-core-10.1.26.jar:10.1.26]
	at org.apache.catalina.core.StandardHostValve.invoke(StandardHostValve.java:149) ~[tomcat-embed-core-10.1.26.jar:10.1.26]
	at org.apache.catalina.valves.ErrorReportValve.invoke(ErrorReportValve.java:93) ~[tomcat-embed-core-10.1.26.jar:10.1.26]
	at org.apache.catalina.core.StandardEngineValve.invoke(StandardEngineValve.java:74) ~[tomcat-embed-core-10.1.26.jar:10.1.26]
	at org.apache.catalina.connector.CoyoteAdapter.service(CoyoteAdapter.java:344) ~[tomcat-embed-core-10.1.26.jar:10.1.26]
	at org.apache.coyote.http11.Http11Processor.service(Http11Processor.java:389) ~[tomcat-embed-core-10.1.26.jar:10.1.26]
	at org.apache.coyote.AbstractProcessorLight.process(AbstractProcessorLight.java:63) ~[tomcat-embed-core-10.1.26.jar:10.1.26]
	at org.apache.coyote.AbstractProtocol$ConnectionHandler.process(AbstractProtocol.java:904) ~[tomcat-embed-core-10.1.26.jar:10.1.26]
	at org.apache.tomcat.util.net.NioEndpoint$SocketProcessor.doRun(NioEndpoint.java:1741) ~[tomcat-embed-core-10.1.26.jar:10.1.26]
	at org.apache.tomcat.util.net.SocketProcessorBase.run(SocketProcessorBase.java:52) ~[tomcat-embed-core-10.1.26.jar:10.1.26]
	at org.apache.tomcat.util.threads.ThreadPoolExecutor.runWorker(ThreadPoolExecutor.java:1190) ~[tomcat-embed-core-10.1.26.jar:10.1.26]
	at org.apache.tomcat.util.threads.ThreadPoolExecutor$Worker.run(ThreadPoolExecutor.java:659) ~[tomcat-embed-core-10.1.26.jar:10.1.26]
	at org.apache.tomcat.util.threads.TaskThread$WrappingRunnable.run(TaskThread.java:63) ~[tomcat-embed-core-10.1.26.jar:10.1.26]
	at java.base/java.lang.Thread.run(Thread.java:1575) ~[na:na]

2025-04-01T07:56:32.038+02:00 ERROR 6744 --- [http-nio-8080-exec-3] o.a.c.c.C.[Tomcat].[localhost]           : Exception Processing [ErrorPage[errorCode=0, location=/error]]

jakarta.servlet.ServletException: Request processing failed: org.thymeleaf.exceptions.TemplateInputException: Error resolving template [error], template might not exist or might not be accessible by any of the configured Template Resolvers
	at org.springframework.web.servlet.FrameworkServlet.processRequest(FrameworkServlet.java:1011) ~[spring-webmvc-6.0.0.jar:6.0.0]
	at org.springframework.web.servlet.FrameworkServlet.doPost(FrameworkServlet.java:906) ~[spring-webmvc-6.0.0.jar:6.0.0]
	at jakarta.servlet.http.HttpServlet.service(HttpServlet.java:590) ~[tomcat-embed-core-10.1.26.jar:10.1.26]
	at org.springframework.web.servlet.FrameworkServlet.service(FrameworkServlet.java:880) ~[spring-webmvc-6.0.0.jar:6.0.0]
	at jakarta.servlet.http.HttpServlet.service(HttpServlet.java:658) ~[tomcat-embed-core-10.1.26.jar:10.1.26]
	at org.apache.catalina.core.ApplicationFilterChain.internalDoFilter(ApplicationFilterChain.java:195) ~[tomcat-embed-core-10.1.26.jar:10.1.26]
	at org.apache.catalina.core.ApplicationFilterChain.doFilter(ApplicationFilterChain.java:140) ~[tomcat-embed-core-10.1.26.jar:10.1.26]
	at org.springframework.web.filter.RequestContextFilter.doFilterInternal(RequestContextFilter.java:100) ~[spring-web-6.1.11.jar:6.1.11]
	at org.springframework.web.filter.OncePerRequestFilter.doFilter(OncePerRequestFilter.java:116) ~[spring-web-6.1.11.jar:6.1.11]
	at org.apache.catalina.core.ApplicationFilterChain.internalDoFilter(ApplicationFilterChain.java:164) ~[tomcat-embed-core-10.1.26.jar:10.1.26]
	at org.apache.catalina.core.ApplicationFilterChain.doFilter(ApplicationFilterChain.java:140) ~[tomcat-embed-core-10.1.26.jar:10.1.26]
	at org.springframework.web.filter.OncePerRequestFilter.doFilter(OncePerRequestFilter.java:101) ~[spring-web-6.1.11.jar:6.1.11]
	at org.apache.catalina.core.ApplicationFilterChain.internalDoFilter(ApplicationFilterChain.java:164) ~[tomcat-embed-core-10.1.26.jar:10.1.26]
	at org.apache.catalina.core.ApplicationFilterChain.doFilter(ApplicationFilterChain.java:140) ~[tomcat-embed-core-10.1.26.jar:10.1.26]
	at org.springframework.web.filter.OncePerRequestFilter.doFilter(OncePerRequestFilter.java:101) ~[spring-web-6.1.11.jar:6.1.11]
	at org.apache.catalina.core.ApplicationFilterChain.internalDoFilter(ApplicationFilterChain.java:164) ~[tomcat-embed-core-10.1.26.jar:10.1.26]
	at org.apache.catalina.core.ApplicationFilterChain.doFilter(ApplicationFilterChain.java:140) ~[tomcat-embed-core-10.1.26.jar:10.1.26]
	at org.apache.catalina.core.ApplicationDispatcher.invoke(ApplicationDispatcher.java:632) ~[tomcat-embed-core-10.1.26.jar:10.1.26]
	at org.apache.catalina.core.ApplicationDispatcher.processRequest(ApplicationDispatcher.java:410) ~[tomcat-embed-core-10.1.26.jar:10.1.26]
	at org.apache.catalina.core.ApplicationDispatcher.doForward(ApplicationDispatcher.java:330) ~[tomcat-embed-core-10.1.26.jar:10.1.26]
	at org.apache.catalina.core.ApplicationDispatcher.forward(ApplicationDispatcher.java:267) ~[tomcat-embed-core-10.1.26.jar:10.1.26]
	at org.apache.catalina.core.StandardHostValve.custom(StandardHostValve.java:362) ~[tomcat-embed-core-10.1.26.jar:10.1.26]
	at org.apache.catalina.core.StandardHostValve.status(StandardHostValve.java:222) ~[tomcat-embed-core-10.1.26.jar:10.1.26]
	at org.apache.catalina.core.StandardHostValve.throwable(StandardHostValve.java:308) ~[tomcat-embed-core-10.1.26.jar:10.1.26]
	at org.apache.catalina.core.StandardHostValve.invoke(StandardHostValve.java:149) ~[tomcat-embed-core-10.1.26.jar:10.1.26]
	at org.apache.catalina.valves.ErrorReportValve.invoke(ErrorReportValve.java:93) ~[tomcat-embed-core-10.1.26.jar:10.1.26]
	at org.apache.catalina.core.StandardEngineValve.invoke(StandardEngineValve.java:74) ~[tomcat-embed-core-10.1.26.jar:10.1.26]
	at org.apache.catalina.connector.CoyoteAdapter.service(CoyoteAdapter.java:344) ~[tomcat-embed-core-10.1.26.jar:10.1.26]
	at org.apache.coyote.http11.Http11Processor.service(Http11Processor.java:389) ~[tomcat-embed-core-10.1.26.jar:10.1.26]
	at org.apache.coyote.AbstractProcessorLight.process(AbstractProcessorLight.java:63) ~[tomcat-embed-core-10.1.26.jar:10.1.26]
	at org.apache.coyote.AbstractProtocol$ConnectionHandler.process(AbstractProtocol.java:904) ~[tomcat-embed-core-10.1.26.jar:10.1.26]
	at org.apache.tomcat.util.net.NioEndpoint$SocketProcessor.doRun(NioEndpoint.java:1741) ~[tomcat-embed-core-10.1.26.jar:10.1.26]
	at org.apache.tomcat.util.net.SocketProcessorBase.run(SocketProcessorBase.java:52) ~[tomcat-embed-core-10.1.26.jar:10.1.26]
	at org.apache.tomcat.util.threads.ThreadPoolExecutor.runWorker(ThreadPoolExecutor.java:1190) ~[tomcat-embed-core-10.1.26.jar:10.1.26]
	at org.apache.tomcat.util.threads.ThreadPoolExecutor$Worker.run(ThreadPoolExecutor.java:659) ~[tomcat-embed-core-10.1.26.jar:10.1.26]
	at org.apache.tomcat.util.threads.TaskThread$WrappingRunnable.run(TaskThread.java:63) ~[tomcat-embed-core-10.1.26.jar:10.1.26]
	at java.base/java.lang.Thread.run(Thread.java:1575) ~[na:na]
Caused by: org.thymeleaf.exceptions.TemplateInputException: Error resolving template [error], template might not exist or might not be accessible by any of the configured Template Resolvers
	at org.thymeleaf.engine.TemplateManager.resolveTemplate(TemplateManager.java:869) ~[thymeleaf-3.1.2.RELEASE.jar:3.1.2.RELEASE]
	at org.thymeleaf.engine.TemplateManager.parseAndProcess(TemplateManager.java:607) ~[thymeleaf-3.1.2.RELEASE.jar:3.1.2.RELEASE]
	at org.thymeleaf.TemplateEngine.process(TemplateEngine.java:1103) ~[thymeleaf-3.1.2.RELEASE.jar:3.1.2.RELEASE]
	at org.thymeleaf.TemplateEngine.process(TemplateEngine.java:1077) ~[thymeleaf-3.1.2.RELEASE.jar:3.1.2.RELEASE]
	at org.thymeleaf.spring6.view.ThymeleafView.renderFragment(ThymeleafView.java:372) ~[thymeleaf-spring6-3.1.2.RELEASE.jar:3.1.2.RELEASE]
	at org.thymeleaf.spring6.view.ThymeleafView.render(ThymeleafView.java:192) ~[thymeleaf-spring6-3.1.2.RELEASE.jar:3.1.2.RELEASE]
	at org.springframework.web.servlet.DispatcherServlet.render(DispatcherServlet.java:1414) ~[spring-webmvc-6.0.0.jar:6.0.0]
	at org.springframework.web.servlet.DispatcherServlet.processDispatchResult(DispatcherServlet.java:1158) ~[spring-webmvc-6.0.0.jar:6.0.0]
	at org.springframework.web.servlet.DispatcherServlet.doDispatch(DispatcherServlet.java:1097) ~[spring-webmvc-6.0.0.jar:6.0.0]
	at org.springframework.web.servlet.DispatcherServlet.doService(DispatcherServlet.java:973) ~[spring-webmvc-6.0.0.jar:6.0.0]
	at org.springframework.web.servlet.FrameworkServlet.processRequest(FrameworkServlet.java:1003) ~[spring-webmvc-6.0.0.jar:6.0.0]
	... 36 common frames omitted

2025-04-01T08:01:01.988+02:00  INFO 6744 --- [SpringApplicationShutdownHook] j.LocalContainerEntityManagerFactoryBean : Closing JPA EntityManagerFactory for persistence unit 'default'
2025-04-01T08:01:01.989+02:00  INFO 6744 --- [SpringApplicationShutdownHook] com.zaxxer.hikari.HikariDataSource       : HikariPool-1 - Shutdown initiated...
2025-04-01T08:01:01.991+02:00  INFO 6744 --- [SpringApplicationShutdownHook] com.zaxxer.hikari.HikariDataSource       : HikariPool-1 - Shutdown completed.
2025-04-01T08:01:14.351+02:00  INFO 7081 --- [main] o.j.a.q.kitchensink.Application          : Starting Application using Java 23.0.2 with PID 7081 (/Users/marcosordi/Documents/mongodb/mongokitch/kitchensinkmongo/kitchensink/target/classes started by marcosordi in /Users/marcosordi/Documents/mongodb/mongokitch/kitchensinkmongo/kitchensink)
2025-04-01T08:01:14.352+02:00 DEBUG 7081 --- [main] o.j.a.q.kitchensink.Application          : Running with Spring Boot v3.3.2, Spring v6.1.11
2025-04-01T08:01:14.352+02:00  INFO 7081 --- [main] o.j.a.q.kitchensink.Application          : No active profile set, falling back to 1 default profile: "default"
2025-04-01T08:01:14.557+02:00  INFO 7081 --- [main] .s.d.r.c.RepositoryConfigurationDelegate : Multiple Spring Data modules found, entering strict repository configuration mode
2025-04-01T08:01:14.558+02:00  INFO 7081 --- [main] .s.d.r.c.RepositoryConfigurationDelegate : Bootstrapping Spring Data MongoDB repositories in DEFAULT mode.
2025-04-01T08:01:14.614+02:00  INFO 7081 --- [main] .s.d.r.c.RepositoryConfigurationDelegate : Finished Spring Data repository scanning in 55 ms. Found 1 MongoDB repository interface.
2025-04-01T08:01:14.615+02:00  INFO 7081 --- [main] .s.d.r.c.RepositoryConfigurationDelegate : Multiple Spring Data modules found, entering strict repository configuration mode
2025-04-01T08:01:14.616+02:00  INFO 7081 --- [main] .s.d.r.c.RepositoryConfigurationDelegate : Bootstrapping Spring Data MongoDB repositories in DEFAULT mode.
2025-04-01T08:01:14.617+02:00  INFO 7081 --- [main] .s.d.r.c.RepositoryConfigurationDelegate : Finished Spring Data repository scanning in 1 ms. Found 1 MongoDB repository interface.
2025-04-01T08:01:14.684+02:00  INFO 7081 --- [main] .s.d.r.c.RepositoryConfigurationDelegate : Multiple Spring Data modules found, entering strict repository configuration mode
2025-04-01T08:01:14.684+02:00  INFO 7081 --- [main] .s.d.r.c.RepositoryConfigurationDelegate : Bootstrapping Spring Data JPA repositories in DEFAULT mode.
2025-04-01T08:01:14.693+02:00  INFO 7081 --- [main] .RepositoryConfigurationExtensionSupport : Spring Data JPA - Could not safely identify store assignment for repository candidate interface org.jboss.as.quickstarts.kitchensink.data.MemberRepository; If you want this repository to be a JPA repository, consider annotating your entities with one of these annotations: jakarta.persistence.Entity, jakarta.persistence.MappedSuperclass (preferred), or consider extending one of the following types with your repository: org.springframework.data.jpa.repository.JpaRepository
2025-04-01T08:01:14.693+02:00  INFO 7081 --- [main] .s.d.r.c.RepositoryConfigurationDelegate : Finished Spring Data repository scanning in 7 ms. Found 0 JPA repository interfaces.
2025-04-01T08:01:14.920+02:00  INFO 7081 --- [main] o.s.b.w.embedded.tomcat.TomcatWebServer  : Tomcat initialized with port 8080 (http)
2025-04-01T08:01:14.925+02:00  INFO 7081 --- [main] o.apache.catalina.core.StandardService   : Starting service [Tomcat]
2025-04-01T08:01:14.926+02:00  INFO 7081 --- [main] o.apache.catalina.core.StandardEngine    : Starting Servlet engine: [Apache Tomcat/10.1.26]
2025-04-01T08:01:14.951+02:00  INFO 7081 --- [main] o.a.c.c.C.[Tomcat].[localhost].[/]       : Initializing Spring embedded WebApplicationContext
2025-04-01T08:01:14.951+02:00  INFO 7081 --- [main] w.s.c.ServletWebServerApplicationContext : Root WebApplicationContext: initialization completed in 572 ms
2025-04-01T08:01:14.966+02:00  INFO 7081 --- [main] com.zaxxer.hikari.HikariDataSource       : HikariPool-1 - Starting...
2025-04-01T08:01:15.046+02:00  INFO 7081 --- [main] com.zaxxer.hikari.pool.HikariPool        : HikariPool-1 - Added connection conn0: url=jdbc:h2:mem:11b0781d-7e45-49b4-8c81-840230b1e1d4 user=SA
2025-04-01T08:01:15.047+02:00  INFO 7081 --- [main] com.zaxxer.hikari.HikariDataSource       : HikariPool-1 - Start completed.
2025-04-01T08:01:15.053+02:00  INFO 7081 --- [main] o.s.b.a.h2.H2ConsoleAutoConfiguration    : H2 console available at '/h2-console'. Database available at 'jdbc:h2:mem:11b0781d-7e45-49b4-8c81-840230b1e1d4'
2025-04-01T08:01:15.260+02:00  INFO 7081 --- [main] SQL dialect                              : HHH000400: Using dialect: org.hibernate.dialect.H2Dialect
2025-04-01T08:01:15.370+02:00  INFO 7081 --- [main] j.LocalContainerEntityManagerFactoryBean : Initialized JPA EntityManagerFactory for persistence unit 'default'
2025-04-01T08:01:15.443+02:00  INFO 7081 --- [main] org.mongodb.driver.client                : MongoClient with metadata {"driver": {"name": "mongo-java-driver|sync|spring-boot", "version": "5.0.1"}, "os": {"type": "Darwin", "name": "Mac OS X", "architecture": "aarch64", "version": "14.6.1"}, "platform": "Java/Homebrew/23.0.2"} created with settings MongoClientSettings{readPreference=primary, writeConcern=WriteConcern{w=null, wTimeout=null ms, journal=null}, retryWrites=true, retryReads=true, readConcern=ReadConcern{level=null}, credential=null, transportSettings=null, commandListeners=[], codecRegistry=ProvidersCodecRegistry{codecProviders=[ValueCodecProvider{}, BsonValueCodecProvider{}, DBRefCodecProvider{}, DBObjectCodecProvider{}, DocumentCodecProvider{}, CollectionCodecProvider{}, IterableCodecProvider{}, MapCodecProvider{}, GeoJsonCodecProvider{}, GridFSFileCodecProvider{}, Jsr310CodecProvider{}, JsonObjectCodecProvider{}, BsonCodecProvider{}, EnumCodecProvider{}, com.mongodb.client.model.mql.ExpressionCodecProvider@4de158ca, com.mongodb.Jep395RecordCodecProvider@4f2fdf3d, com.mongodb.KotlinCodecProvider@d180961]}, loggerSettings=LoggerSettings{maxDocumentLength=1000}, clusterSettings={hosts=[localhost:27017], srvServiceName=mongodb, mode=SINGLE, requiredClusterType=UNKNOWN, requiredReplicaSetName='null', serverSelector='null', clusterListeners='[]', serverSelectionTimeout='30000 ms', localThreshold='15 ms'}, socketSettings=SocketSettings{connectTimeoutMS=10000, readTimeoutMS=0, receiveBufferSize=0, proxySettings=ProxySettings{host=null, port=null, username=null, password=null}}, heartbeatSocketSettings=SocketSettings{connectTimeoutMS=10000, readTimeoutMS=10000, receiveBufferSize=0, proxySettings=ProxySettings{host=null, port=null, username=null, password=null}}, connectionPoolSettings=ConnectionPoolSettings{maxSize=100, minSize=0, maxWaitTimeMS=120000, maxConnectionLifeTimeMS=0, maxConnectionIdleTimeMS=0, maintenanceInitialDelayMS=0, maintenanceFrequencyMS=60000, connectionPoolListeners=[], maxConnecting=2}, serverSettings=ServerSettings{heartbeatFrequencyMS=10000, minHeartbeatFrequencyMS=500, serverListeners='[]', serverMonitorListeners='[]'}, sslSettings=SslSettings{enabled=false, invalidHostNameAllowed=false, context=null}, applicationName='null', compressorList=[], uuidRepresentation=JAVA_LEGACY, serverApi=null, autoEncryptionSettings=null, dnsClient=null, inetAddressResolver=null, contextProvider=null}
2025-04-01T08:01:15.461+02:00  INFO 7081 --- [cluster-ClusterId{value='67eb812ba32d3e666101726d', description='null'}-localhost:27017] org.mongodb.driver.cluster               : Monitor thread successfully connected to server with description ServerDescription{address=localhost:27017, type=STANDALONE, state=CONNECTED, ok=true, minWireVersion=0, maxWireVersion=25, maxDocumentSize=16777216, logicalSessionTimeoutMinutes=30, roundTripTimeNanos=9326750}
2025-04-01T08:01:15.625+02:00  INFO 7081 --- [main] o.j.a.q.k.controller.MemberController    : Total members cazzo found: 7
2025-04-01T08:01:15.693+02:00  WARN 7081 --- [main] JpaBaseConfiguration$JpaWebConfiguration : spring.jpa.open-in-view is enabled by default. Therefore, database queries may be performed during view rendering. Explicitly configure spring.jpa.open-in-view to disable this warning
2025-04-01T08:01:15.703+02:00  INFO 7081 --- [main] o.s.b.a.w.s.WelcomePageHandlerMapping    : Adding welcome page: ServletContext resource [/index.html]
2025-04-01T08:01:15.731+02:00 DEBUG 7081 --- [main] s.w.s.m.m.a.RequestMappingHandlerMapping : 10 mappings in 'requestMappingHandlerMapping'
2025-04-01T08:01:15.770+02:00 DEBUG 7081 --- [main] o.s.w.s.handler.SimpleUrlHandlerMapping  : Patterns [/webjars/**, /**] in 'resourceHandlerMapping'
2025-04-01T08:01:15.789+02:00 DEBUG 7081 --- [main] s.w.s.m.m.a.RequestMappingHandlerAdapter : ControllerAdvice beans: 0 @ModelAttribute, 0 @InitBinder, 1 RequestBodyAdvice, 1 ResponseBodyAdvice
2025-04-01T08:01:15.803+02:00 DEBUG 7081 --- [main] .m.m.a.ExceptionHandlerExceptionResolver : ControllerAdvice beans: 0 @ExceptionHandler, 1 ResponseBodyAdvice
2025-04-01T08:01:15.866+02:00  INFO 7081 --- [main] o.s.b.w.embedded.tomcat.TomcatWebServer  : Tomcat started on port 8080 (http) with context path '/'
2025-04-01T08:01:15.870+02:00  INFO 7081 --- [main] o.j.a.q.kitchensink.Application          : Started Application in 1.7 seconds (process running for 1.872)
2025-04-01T08:01:55.147+02:00  INFO 7081 --- [http-nio-8080-exec-1] o.a.c.c.C.[Tomcat].[localhost].[/]       : Initializing Spring DispatcherServlet 'dispatcherServlet'
2025-04-01T08:01:55.147+02:00  INFO 7081 --- [http-nio-8080-exec-1] o.s.web.servlet.DispatcherServlet        : Initializing Servlet 'dispatcherServlet'
2025-04-01T08:01:55.147+02:00 DEBUG 7081 --- [http-nio-8080-exec-1] o.s.web.servlet.DispatcherServlet        : Detected StandardServletMultipartResolver
2025-04-01T08:01:55.147+02:00 DEBUG 7081 --- [http-nio-8080-exec-1] o.s.web.servlet.DispatcherServlet        : Detected AcceptHeaderLocaleResolver
2025-04-01T08:01:55.147+02:00 DEBUG 7081 --- [http-nio-8080-exec-1] o.s.web.servlet.DispatcherServlet        : Detected FixedThemeResolver
2025-04-01T08:01:55.148+02:00 DEBUG 7081 --- [http-nio-8080-exec-1] o.s.web.servlet.DispatcherServlet        : Detected org.springframework.web.servlet.view.DefaultRequestToViewNameTranslator@79454d8e
2025-04-01T08:01:55.149+02:00 DEBUG 7081 --- [http-nio-8080-exec-1] o.s.web.servlet.DispatcherServlet        : Detected org.springframework.web.servlet.support.SessionFlashMapManager@3aa8c337
2025-04-01T08:01:55.149+02:00 DEBUG 7081 --- [http-nio-8080-exec-1] o.s.web.servlet.DispatcherServlet        : enableLoggingRequestDetails='false': request parameters and headers will be masked to prevent unsafe logging of potentially sensitive data
2025-04-01T08:01:55.149+02:00  INFO 7081 --- [http-nio-8080-exec-1] o.s.web.servlet.DispatcherServlet        : Completed initialization in 2 ms
2025-04-01T08:01:55.153+02:00 DEBUG 7081 --- [http-nio-8080-exec-1] o.s.web.servlet.DispatcherServlet        : GET "/index", parameters={}
2025-04-01T08:01:55.157+02:00 DEBUG 7081 --- [http-nio-8080-exec-1] s.w.s.m.m.a.RequestMappingHandlerMapping : Mapped to org.jboss.as.quickstarts.kitchensink.controller.HomeController#index(Model)
2025-04-01T08:01:55.198+02:00 DEBUG 7081 --- [http-nio-8080-exec-1] o.s.w.s.v.ContentNegotiatingViewResolver : Selected 'text/html' given [text/html, application/xhtml+xml, image/avif, image/webp, image/apng, application/xml;q=0.9, */*;q=0.8, application/signed-exchange;v=b3;q=0.7]
2025-04-01T08:01:55.347+02:00 DEBUG 7081 --- [http-nio-8080-exec-1] o.s.web.servlet.DispatcherServlet        : Completed 200 OK
2025-04-01T08:02:04.492+02:00 DEBUG 7081 --- [http-nio-8080-exec-2] o.s.web.servlet.DispatcherServlet        : POST "/members/register", parameters={masked}
2025-04-01T08:02:04.493+02:00 DEBUG 7081 --- [http-nio-8080-exec-2] s.w.s.m.m.a.RequestMappingHandlerMapping : Mapped to org.jboss.as.quickstarts.kitchensink.controller.MemberRestController#register(Member, BindingResult, RedirectAttributes)
2025-04-01T08:02:04.507+02:00 DEBUG 7081 --- [http-nio-8080-exec-2] o.s.web.method.HandlerMethod             : Could not resolve parameter [0] in public java.lang.String org.jboss.as.quickstarts.kitchensink.controller.MemberRestController.register(org.jboss.as.quickstarts.kitchensink.model.Member,org.springframework.validation.BindingResult,org.springframework.web.servlet.mvc.support.RedirectAttributes): class org.springframework.web.servlet.mvc.method.annotation.ExtendedServletRequestDataBinder cannot be cast to class org.springframework.web.bind.support.WebRequestDataBinder (org.springframework.web.servlet.mvc.method.annotation.ExtendedServletRequestDataBinder and org.springframework.web.bind.support.WebRequestDataBinder are in unnamed module of loader 'app')
2025-04-01T08:02:04.509+02:00 DEBUG 7081 --- [http-nio-8080-exec-2] o.s.web.servlet.DispatcherServlet        : Failed to complete request: java.lang.ClassCastException: class org.springframework.web.servlet.mvc.method.annotation.ExtendedServletRequestDataBinder cannot be cast to class org.springframework.web.bind.support.WebRequestDataBinder (org.springframework.web.servlet.mvc.method.annotation.ExtendedServletRequestDataBinder and org.springframework.web.bind.support.WebRequestDataBinder are in unnamed module of loader 'app')
2025-04-01T08:02:04.509+02:00 ERROR 7081 --- [http-nio-8080-exec-2] o.a.c.c.C.[.[.[/].[dispatcherServlet]    : Servlet.service() for servlet [dispatcherServlet] in context with path [] threw exception [Request processing failed: java.lang.ClassCastException: class org.springframework.web.servlet.mvc.method.annotation.ExtendedServletRequestDataBinder cannot be cast to class org.springframework.web.bind.support.WebRequestDataBinder (org.springframework.web.servlet.mvc.method.annotation.ExtendedServletRequestDataBinder and org.springframework.web.bind.support.WebRequestDataBinder are in unnamed module of loader 'app')] with root cause

java.lang.ClassCastException: class org.springframework.web.servlet.mvc.method.annotation.ExtendedServletRequestDataBinder cannot be cast to class org.springframework.web.bind.support.WebRequestDataBinder (org.springframework.web.servlet.mvc.method.annotation.ExtendedServletRequestDataBinder and org.springframework.web.bind.support.WebRequestDataBinder are in unnamed module of loader 'app')
	at org.springframework.web.method.annotation.ModelAttributeMethodProcessor.constructAttribute(ModelAttributeMethodProcessor.java:207) ~[spring-web-6.1.11.jar:6.1.11]
	at org.springframework.web.method.annotation.ModelAttributeMethodProcessor.resolveArgument(ModelAttributeMethodProcessor.java:148) ~[spring-web-6.1.11.jar:6.1.11]
	at org.springframework.web.method.support.HandlerMethodArgumentResolverComposite.resolveArgument(HandlerMethodArgumentResolverComposite.java:122) ~[spring-web-6.1.11.jar:6.1.11]
	at org.springframework.web.method.support.InvocableHandlerMethod.getMethodArgumentValues(InvocableHandlerMethod.java:224) ~[spring-web-6.1.11.jar:6.1.11]
	at org.springframework.web.method.support.InvocableHandlerMethod.invokeForRequest(InvocableHandlerMethod.java:178) ~[spring-web-6.1.11.jar:6.1.11]
	at org.springframework.web.servlet.mvc.method.annotation.ServletInvocableHandlerMethod.invokeAndHandle(ServletInvocableHandlerMethod.java:117) ~[spring-webmvc-6.0.0.jar:6.0.0]
	at org.springframework.web.servlet.mvc.method.annotation.RequestMappingHandlerAdapter.invokeHandlerMethod(RequestMappingHandlerAdapter.java:891) ~[spring-webmvc-6.0.0.jar:6.0.0]
	at org.springframework.web.servlet.mvc.method.annotation.RequestMappingHandlerAdapter.handleInternal(RequestMappingHandlerAdapter.java:804) ~[spring-webmvc-6.0.0.jar:6.0.0]
	at org.springframework.web.servlet.mvc.method.AbstractHandlerMethodAdapter.handle(AbstractHandlerMethodAdapter.java:87) ~[spring-webmvc-6.0.0.jar:6.0.0]
	at org.springframework.web.servlet.DispatcherServlet.doDispatch(DispatcherServlet.java:1080) ~[spring-webmvc-6.0.0.jar:6.0.0]
	at org.springframework.web.servlet.DispatcherServlet.doService(DispatcherServlet.java:973) ~[spring-webmvc-6.0.0.jar:6.0.0]
	at org.springframework.web.servlet.FrameworkServlet.processRequest(FrameworkServlet.java:1003) ~[spring-webmvc-6.0.0.jar:6.0.0]
	at org.springframework.web.servlet.FrameworkServlet.doPost(FrameworkServlet.java:906) ~[spring-webmvc-6.0.0.jar:6.0.0]
	at jakarta.servlet.http.HttpServlet.service(HttpServlet.java:590) ~[tomcat-embed-core-10.1.26.jar:10.1.26]
	at org.springframework.web.servlet.FrameworkServlet.service(FrameworkServlet.java:880) ~[spring-webmvc-6.0.0.jar:6.0.0]
	at jakarta.servlet.http.HttpServlet.service(HttpServlet.java:658) ~[tomcat-embed-core-10.1.26.jar:10.1.26]
	at org.apache.catalina.core.ApplicationFilterChain.internalDoFilter(ApplicationFilterChain.java:195) ~[tomcat-embed-core-10.1.26.jar:10.1.26]
	at org.apache.catalina.core.ApplicationFilterChain.doFilter(ApplicationFilterChain.java:140) ~[tomcat-embed-core-10.1.26.jar:10.1.26]
	at org.apache.tomcat.websocket.server.WsFilter.doFilter(WsFilter.java:51) ~[tomcat-embed-websocket-10.1.26.jar:10.1.26]
	at org.apache.catalina.core.ApplicationFilterChain.internalDoFilter(ApplicationFilterChain.java:164) ~[tomcat-embed-core-10.1.26.jar:10.1.26]
	at org.apache.catalina.core.ApplicationFilterChain.doFilter(ApplicationFilterChain.java:140) ~[tomcat-embed-core-10.1.26.jar:10.1.26]
	at org.springframework.web.filter.RequestContextFilter.doFilterInternal(RequestContextFilter.java:100) ~[spring-web-6.1.11.jar:6.1.11]
	at org.springframework.web.filter.OncePerRequestFilter.doFilter(OncePerRequestFilter.java:116) ~[spring-web-6.1.11.jar:6.1.11]
	at org.apache.catalina.core.ApplicationFilterChain.internalDoFilter(ApplicationFilterChain.java:164) ~[tomcat-embed-core-10.1.26.jar:10.1.26]
	at org.apache.catalina.core.ApplicationFilterChain.doFilter(ApplicationFilterChain.java:140) ~[tomcat-embed-core-10.1.26.jar:10.1.26]
	at org.springframework.web.filter.FormContentFilter.doFilterInternal(FormContentFilter.java:93) ~[spring-web-6.1.11.jar:6.1.11]
	at org.springframework.web.filter.OncePerRequestFilter.doFilter(OncePerRequestFilter.java:116) ~[spring-web-6.1.11.jar:6.1.11]
	at org.apache.catalina.core.ApplicationFilterChain.internalDoFilter(ApplicationFilterChain.java:164) ~[tomcat-embed-core-10.1.26.jar:10.1.26]
	at org.apache.catalina.core.ApplicationFilterChain.doFilter(ApplicationFilterChain.java:140) ~[tomcat-embed-core-10.1.26.jar:10.1.26]
	at org.springframework.web.filter.CharacterEncodingFilter.doFilterInternal(CharacterEncodingFilter.java:201) ~[spring-web-6.1.11.jar:6.1.11]
	at org.springframework.web.filter.OncePerRequestFilter.doFilter(OncePerRequestFilter.java:116) ~[spring-web-6.1.11.jar:6.1.11]
	at org.apache.catalina.core.ApplicationFilterChain.internalDoFilter(ApplicationFilterChain.java:164) ~[tomcat-embed-core-10.1.26.jar:10.1.26]
	at org.apache.catalina.core.ApplicationFilterChain.doFilter(ApplicationFilterChain.java:140) ~[tomcat-embed-core-10.1.26.jar:10.1.26]
	at org.apache.catalina.core.StandardWrapperValve.invoke(StandardWrapperValve.java:167) ~[tomcat-embed-core-10.1.26.jar:10.1.26]
	at org.apache.catalina.core.StandardContextValve.invoke(StandardContextValve.java:90) ~[tomcat-embed-core-10.1.26.jar:10.1.26]
	at org.apache.catalina.authenticator.AuthenticatorBase.invoke(AuthenticatorBase.java:483) ~[tomcat-embed-core-10.1.26.jar:10.1.26]
	at org.apache.catalina.core.StandardHostValve.invoke(StandardHostValve.java:115) ~[tomcat-embed-core-10.1.26.jar:10.1.26]
	at org.apache.catalina.valves.ErrorReportValve.invoke(ErrorReportValve.java:93) ~[tomcat-embed-core-10.1.26.jar:10.1.26]
	at org.apache.catalina.core.StandardEngineValve.invoke(StandardEngineValve.java:74) ~[tomcat-embed-core-10.1.26.jar:10.1.26]
	at org.apache.catalina.connector.CoyoteAdapter.service(CoyoteAdapter.java:344) ~[tomcat-embed-core-10.1.26.jar:10.1.26]
	at org.apache.coyote.http11.Http11Processor.service(Http11Processor.java:389) ~[tomcat-embed-core-10.1.26.jar:10.1.26]
	at org.apache.coyote.AbstractProcessorLight.process(AbstractProcessorLight.java:63) ~[tomcat-embed-core-10.1.26.jar:10.1.26]
	at org.apache.coyote.AbstractProtocol$ConnectionHandler.process(AbstractProtocol.java:904) ~[tomcat-embed-core-10.1.26.jar:10.1.26]
	at org.apache.tomcat.util.net.NioEndpoint$SocketProcessor.doRun(NioEndpoint.java:1741) ~[tomcat-embed-core-10.1.26.jar:10.1.26]
	at org.apache.tomcat.util.net.SocketProcessorBase.run(SocketProcessorBase.java:52) ~[tomcat-embed-core-10.1.26.jar:10.1.26]
	at org.apache.tomcat.util.threads.ThreadPoolExecutor.runWorker(ThreadPoolExecutor.java:1190) ~[tomcat-embed-core-10.1.26.jar:10.1.26]
	at org.apache.tomcat.util.threads.ThreadPoolExecutor$Worker.run(ThreadPoolExecutor.java:659) ~[tomcat-embed-core-10.1.26.jar:10.1.26]
	at org.apache.tomcat.util.threads.TaskThread$WrappingRunnable.run(TaskThread.java:63) ~[tomcat-embed-core-10.1.26.jar:10.1.26]
	at java.base/java.lang.Thread.run(Thread.java:1575) ~[na:na]

2025-04-01T08:02:04.515+02:00 DEBUG 7081 --- [http-nio-8080-exec-2] o.s.web.servlet.DispatcherServlet        : "ERROR" dispatch for POST "/error", parameters={masked}
2025-04-01T08:02:04.516+02:00 DEBUG 7081 --- [http-nio-8080-exec-2] s.w.s.m.m.a.RequestMappingHandlerMapping : Mapped to org.springframework.boot.autoconfigure.web.servlet.error.BasicErrorController#errorHtml(HttpServletRequest, HttpServletResponse)
2025-04-01T08:02:04.524+02:00 DEBUG 7081 --- [http-nio-8080-exec-2] o.s.w.s.v.ContentNegotiatingViewResolver : Selected 'text/html' given [text/html, text/html;q=0.8]
2025-04-01T08:02:04.524+02:00 ERROR 7081 --- [http-nio-8080-exec-2] org.thymeleaf.TemplateEngine             : [THYMELEAF][http-nio-8080-exec-2] Exception processing template "error": Error resolving template [error], template might not exist or might not be accessible by any of the configured Template Resolvers

org.thymeleaf.exceptions.TemplateInputException: Error resolving template [error], template might not exist or might not be accessible by any of the configured Template Resolvers
	at org.thymeleaf.engine.TemplateManager.resolveTemplate(TemplateManager.java:869) ~[thymeleaf-3.1.2.RELEASE.jar:3.1.2.RELEASE]
	at org.thymeleaf.engine.TemplateManager.parseAndProcess(TemplateManager.java:607) ~[thymeleaf-3.1.2.RELEASE.jar:3.1.2.RELEASE]
	at org.thymeleaf.TemplateEngine.process(TemplateEngine.java:1103) ~[thymeleaf-3.1.2.RELEASE.jar:3.1.2.RELEASE]
	at org.thymeleaf.TemplateEngine.process(TemplateEngine.java:1077) ~[thymeleaf-3.1.2.RELEASE.jar:3.1.2.RELEASE]
	at org.thymeleaf.spring6.view.ThymeleafView.renderFragment(ThymeleafView.java:372) ~[thymeleaf-spring6-3.1.2.RELEASE.jar:3.1.2.RELEASE]
	at org.thymeleaf.spring6.view.ThymeleafView.render(ThymeleafView.java:192) ~[thymeleaf-spring6-3.1.2.RELEASE.jar:3.1.2.RELEASE]
	at org.springframework.web.servlet.DispatcherServlet.render(DispatcherServlet.java:1414) ~[spring-webmvc-6.0.0.jar:6.0.0]
	at org.springframework.web.servlet.DispatcherServlet.processDispatchResult(DispatcherServlet.java:1158) ~[spring-webmvc-6.0.0.jar:6.0.0]
	at org.springframework.web.servlet.DispatcherServlet.doDispatch(DispatcherServlet.java:1097) ~[spring-webmvc-6.0.0.jar:6.0.0]
	at org.springframework.web.servlet.DispatcherServlet.doService(DispatcherServlet.java:973) ~[spring-webmvc-6.0.0.jar:6.0.0]
	at org.springframework.web.servlet.FrameworkServlet.processRequest(FrameworkServlet.java:1003) ~[spring-webmvc-6.0.0.jar:6.0.0]
	at org.springframework.web.servlet.FrameworkServlet.doPost(FrameworkServlet.java:906) ~[spring-webmvc-6.0.0.jar:6.0.0]
	at jakarta.servlet.http.HttpServlet.service(HttpServlet.java:590) ~[tomcat-embed-core-10.1.26.jar:10.1.26]
	at org.springframework.web.servlet.FrameworkServlet.service(FrameworkServlet.java:880) ~[spring-webmvc-6.0.0.jar:6.0.0]
	at jakarta.servlet.http.HttpServlet.service(HttpServlet.java:658) ~[tomcat-embed-core-10.1.26.jar:10.1.26]
	at org.apache.catalina.core.ApplicationFilterChain.internalDoFilter(ApplicationFilterChain.java:195) ~[tomcat-embed-core-10.1.26.jar:10.1.26]
	at org.apache.catalina.core.ApplicationFilterChain.doFilter(ApplicationFilterChain.java:140) ~[tomcat-embed-core-10.1.26.jar:10.1.26]
	at org.springframework.web.filter.RequestContextFilter.doFilterInternal(RequestContextFilter.java:100) ~[spring-web-6.1.11.jar:6.1.11]
	at org.springframework.web.filter.OncePerRequestFilter.doFilter(OncePerRequestFilter.java:116) ~[spring-web-6.1.11.jar:6.1.11]
	at org.apache.catalina.core.ApplicationFilterChain.internalDoFilter(ApplicationFilterChain.java:164) ~[tomcat-embed-core-10.1.26.jar:10.1.26]
	at org.apache.catalina.core.ApplicationFilterChain.doFilter(ApplicationFilterChain.java:140) ~[tomcat-embed-core-10.1.26.jar:10.1.26]
	at org.springframework.web.filter.OncePerRequestFilter.doFilter(OncePerRequestFilter.java:101) ~[spring-web-6.1.11.jar:6.1.11]
	at org.apache.catalina.core.ApplicationFilterChain.internalDoFilter(ApplicationFilterChain.java:164) ~[tomcat-embed-core-10.1.26.jar:10.1.26]
	at org.apache.catalina.core.ApplicationFilterChain.doFilter(ApplicationFilterChain.java:140) ~[tomcat-embed-core-10.1.26.jar:10.1.26]
	at org.springframework.web.filter.OncePerRequestFilter.doFilter(OncePerRequestFilter.java:101) ~[spring-web-6.1.11.jar:6.1.11]
	at org.apache.catalina.core.ApplicationFilterChain.internalDoFilter(ApplicationFilterChain.java:164) ~[tomcat-embed-core-10.1.26.jar:10.1.26]
	at org.apache.catalina.core.ApplicationFilterChain.doFilter(ApplicationFilterChain.java:140) ~[tomcat-embed-core-10.1.26.jar:10.1.26]
	at org.apache.catalina.core.ApplicationDispatcher.invoke(ApplicationDispatcher.java:632) ~[tomcat-embed-core-10.1.26.jar:10.1.26]
	at org.apache.catalina.core.ApplicationDispatcher.processRequest(ApplicationDispatcher.java:410) ~[tomcat-embed-core-10.1.26.jar:10.1.26]
	at org.apache.catalina.core.ApplicationDispatcher.doForward(ApplicationDispatcher.java:330) ~[tomcat-embed-core-10.1.26.jar:10.1.26]
	at org.apache.catalina.core.ApplicationDispatcher.forward(ApplicationDispatcher.java:267) ~[tomcat-embed-core-10.1.26.jar:10.1.26]
	at org.apache.catalina.core.StandardHostValve.custom(StandardHostValve.java:362) ~[tomcat-embed-core-10.1.26.jar:10.1.26]
	at org.apache.catalina.core.StandardHostValve.status(StandardHostValve.java:222) ~[tomcat-embed-core-10.1.26.jar:10.1.26]
	at org.apache.catalina.core.StandardHostValve.throwable(StandardHostValve.java:308) ~[tomcat-embed-core-10.1.26.jar:10.1.26]
	at org.apache.catalina.core.StandardHostValve.invoke(StandardHostValve.java:149) ~[tomcat-embed-core-10.1.26.jar:10.1.26]
	at org.apache.catalina.valves.ErrorReportValve.invoke(ErrorReportValve.java:93) ~[tomcat-embed-core-10.1.26.jar:10.1.26]
	at org.apache.catalina.core.StandardEngineValve.invoke(StandardEngineValve.java:74) ~[tomcat-embed-core-10.1.26.jar:10.1.26]
	at org.apache.catalina.connector.CoyoteAdapter.service(CoyoteAdapter.java:344) ~[tomcat-embed-core-10.1.26.jar:10.1.26]
	at org.apache.coyote.http11.Http11Processor.service(Http11Processor.java:389) ~[tomcat-embed-core-10.1.26.jar:10.1.26]
	at org.apache.coyote.AbstractProcessorLight.process(AbstractProcessorLight.java:63) ~[tomcat-embed-core-10.1.26.jar:10.1.26]
	at org.apache.coyote.AbstractProtocol$ConnectionHandler.process(AbstractProtocol.java:904) ~[tomcat-embed-core-10.1.26.jar:10.1.26]
	at org.apache.tomcat.util.net.NioEndpoint$SocketProcessor.doRun(NioEndpoint.java:1741) ~[tomcat-embed-core-10.1.26.jar:10.1.26]
	at org.apache.tomcat.util.net.SocketProcessorBase.run(SocketProcessorBase.java:52) ~[tomcat-embed-core-10.1.26.jar:10.1.26]
	at org.apache.tomcat.util.threads.ThreadPoolExecutor.runWorker(ThreadPoolExecutor.java:1190) ~[tomcat-embed-core-10.1.26.jar:10.1.26]
	at org.apache.tomcat.util.threads.ThreadPoolExecutor$Worker.run(ThreadPoolExecutor.java:659) ~[tomcat-embed-core-10.1.26.jar:10.1.26]
	at org.apache.tomcat.util.threads.TaskThread$WrappingRunnable.run(TaskThread.java:63) ~[tomcat-embed-core-10.1.26.jar:10.1.26]
	at java.base/java.lang.Thread.run(Thread.java:1575) ~[na:na]

2025-04-01T08:02:04.526+02:00 DEBUG 7081 --- [http-nio-8080-exec-2] o.s.web.servlet.DispatcherServlet        : Error rendering view [org.thymeleaf.spring6.view.ThymeleafView@3aea08ac]

org.thymeleaf.exceptions.TemplateInputException: Error resolving template [error], template might not exist or might not be accessible by any of the configured Template Resolvers
	at org.thymeleaf.engine.TemplateManager.resolveTemplate(TemplateManager.java:869) ~[thymeleaf-3.1.2.RELEASE.jar:3.1.2.RELEASE]
	at org.thymeleaf.engine.TemplateManager.parseAndProcess(TemplateManager.java:607) ~[thymeleaf-3.1.2.RELEASE.jar:3.1.2.RELEASE]
	at org.thymeleaf.TemplateEngine.process(TemplateEngine.java:1103) ~[thymeleaf-3.1.2.RELEASE.jar:3.1.2.RELEASE]
	at org.thymeleaf.TemplateEngine.process(TemplateEngine.java:1077) ~[thymeleaf-3.1.2.RELEASE.jar:3.1.2.RELEASE]
	at org.thymeleaf.spring6.view.ThymeleafView.renderFragment(ThymeleafView.java:372) ~[thymeleaf-spring6-3.1.2.RELEASE.jar:3.1.2.RELEASE]
	at org.thymeleaf.spring6.view.ThymeleafView.render(ThymeleafView.java:192) ~[thymeleaf-spring6-3.1.2.RELEASE.jar:3.1.2.RELEASE]
	at org.springframework.web.servlet.DispatcherServlet.render(DispatcherServlet.java:1414) ~[spring-webmvc-6.0.0.jar:6.0.0]
	at org.springframework.web.servlet.DispatcherServlet.processDispatchResult(DispatcherServlet.java:1158) ~[spring-webmvc-6.0.0.jar:6.0.0]
	at org.springframework.web.servlet.DispatcherServlet.doDispatch(DispatcherServlet.java:1097) ~[spring-webmvc-6.0.0.jar:6.0.0]
	at org.springframework.web.servlet.DispatcherServlet.doService(DispatcherServlet.java:973) ~[spring-webmvc-6.0.0.jar:6.0.0]
	at org.springframework.web.servlet.FrameworkServlet.processRequest(FrameworkServlet.java:1003) ~[spring-webmvc-6.0.0.jar:6.0.0]
	at org.springframework.web.servlet.FrameworkServlet.doPost(FrameworkServlet.java:906) ~[spring-webmvc-6.0.0.jar:6.0.0]
	at jakarta.servlet.http.HttpServlet.service(HttpServlet.java:590) ~[tomcat-embed-core-10.1.26.jar:10.1.26]
	at org.springframework.web.servlet.FrameworkServlet.service(FrameworkServlet.java:880) ~[spring-webmvc-6.0.0.jar:6.0.0]
	at jakarta.servlet.http.HttpServlet.service(HttpServlet.java:658) ~[tomcat-embed-core-10.1.26.jar:10.1.26]
	at org.apache.catalina.core.ApplicationFilterChain.internalDoFilter(ApplicationFilterChain.java:195) ~[tomcat-embed-core-10.1.26.jar:10.1.26]
	at org.apache.catalina.core.ApplicationFilterChain.doFilter(ApplicationFilterChain.java:140) ~[tomcat-embed-core-10.1.26.jar:10.1.26]
	at org.springframework.web.filter.RequestContextFilter.doFilterInternal(RequestContextFilter.java:100) ~[spring-web-6.1.11.jar:6.1.11]
	at org.springframework.web.filter.OncePerRequestFilter.doFilter(OncePerRequestFilter.java:116) ~[spring-web-6.1.11.jar:6.1.11]
	at org.apache.catalina.core.ApplicationFilterChain.internalDoFilter(ApplicationFilterChain.java:164) ~[tomcat-embed-core-10.1.26.jar:10.1.26]
	at org.apache.catalina.core.ApplicationFilterChain.doFilter(ApplicationFilterChain.java:140) ~[tomcat-embed-core-10.1.26.jar:10.1.26]
	at org.springframework.web.filter.OncePerRequestFilter.doFilter(OncePerRequestFilter.java:101) ~[spring-web-6.1.11.jar:6.1.11]
	at org.apache.catalina.core.ApplicationFilterChain.internalDoFilter(ApplicationFilterChain.java:164) ~[tomcat-embed-core-10.1.26.jar:10.1.26]
	at org.apache.catalina.core.ApplicationFilterChain.doFilter(ApplicationFilterChain.java:140) ~[tomcat-embed-core-10.1.26.jar:10.1.26]
	at org.springframework.web.filter.OncePerRequestFilter.doFilter(OncePerRequestFilter.java:101) ~[spring-web-6.1.11.jar:6.1.11]
	at org.apache.catalina.core.ApplicationFilterChain.internalDoFilter(ApplicationFilterChain.java:164) ~[tomcat-embed-core-10.1.26.jar:10.1.26]
	at org.apache.catalina.core.ApplicationFilterChain.doFilter(ApplicationFilterChain.java:140) ~[tomcat-embed-core-10.1.26.jar:10.1.26]
	at org.apache.catalina.core.ApplicationDispatcher.invoke(ApplicationDispatcher.java:632) ~[tomcat-embed-core-10.1.26.jar:10.1.26]
	at org.apache.catalina.core.ApplicationDispatcher.processRequest(ApplicationDispatcher.java:410) ~[tomcat-embed-core-10.1.26.jar:10.1.26]
	at org.apache.catalina.core.ApplicationDispatcher.doForward(ApplicationDispatcher.java:330) ~[tomcat-embed-core-10.1.26.jar:10.1.26]
	at org.apache.catalina.core.ApplicationDispatcher.forward(ApplicationDispatcher.java:267) ~[tomcat-embed-core-10.1.26.jar:10.1.26]
	at org.apache.catalina.core.StandardHostValve.custom(StandardHostValve.java:362) ~[tomcat-embed-core-10.1.26.jar:10.1.26]
	at org.apache.catalina.core.StandardHostValve.status(StandardHostValve.java:222) ~[tomcat-embed-core-10.1.26.jar:10.1.26]
	at org.apache.catalina.core.StandardHostValve.throwable(StandardHostValve.java:308) ~[tomcat-embed-core-10.1.26.jar:10.1.26]
	at org.apache.catalina.core.StandardHostValve.invoke(StandardHostValve.java:149) ~[tomcat-embed-core-10.1.26.jar:10.1.26]
	at org.apache.catalina.valves.ErrorReportValve.invoke(ErrorReportValve.java:93) ~[tomcat-embed-core-10.1.26.jar:10.1.26]
	at org.apache.catalina.core.StandardEngineValve.invoke(StandardEngineValve.java:74) ~[tomcat-embed-core-10.1.26.jar:10.1.26]
	at org.apache.catalina.connector.CoyoteAdapter.service(CoyoteAdapter.java:344) ~[tomcat-embed-core-10.1.26.jar:10.1.26]
	at org.apache.coyote.http11.Http11Processor.service(Http11Processor.java:389) ~[tomcat-embed-core-10.1.26.jar:10.1.26]
	at org.apache.coyote.AbstractProcessorLight.process(AbstractProcessorLight.java:63) ~[tomcat-embed-core-10.1.26.jar:10.1.26]
	at org.apache.coyote.AbstractProtocol$ConnectionHandler.process(AbstractProtocol.java:904) ~[tomcat-embed-core-10.1.26.jar:10.1.26]
	at org.apache.tomcat.util.net.NioEndpoint$SocketProcessor.doRun(NioEndpoint.java:1741) ~[tomcat-embed-core-10.1.26.jar:10.1.26]
	at org.apache.tomcat.util.net.SocketProcessorBase.run(SocketProcessorBase.java:52) ~[tomcat-embed-core-10.1.26.jar:10.1.26]
	at org.apache.tomcat.util.threads.ThreadPoolExecutor.runWorker(ThreadPoolExecutor.java:1190) ~[tomcat-embed-core-10.1.26.jar:10.1.26]
	at org.apache.tomcat.util.threads.ThreadPoolExecutor$Worker.run(ThreadPoolExecutor.java:659) ~[tomcat-embed-core-10.1.26.jar:10.1.26]
	at org.apache.tomcat.util.threads.TaskThread$WrappingRunnable.run(TaskThread.java:63) ~[tomcat-embed-core-10.1.26.jar:10.1.26]
	at java.base/java.lang.Thread.run(Thread.java:1575) ~[na:na]

2025-04-01T08:02:04.527+02:00 DEBUG 7081 --- [http-nio-8080-exec-2] o.s.web.servlet.DispatcherServlet        : Unresolved failure from "ERROR" dispatch: org.thymeleaf.exceptions.TemplateInputException: Error resolving template [error], template might not exist or might not be accessible by any of the configured Template Resolvers
2025-04-01T08:02:04.527+02:00 ERROR 7081 --- [http-nio-8080-exec-2] o.a.c.c.C.[.[.[/].[dispatcherServlet]    : Servlet.service() for servlet [dispatcherServlet] threw exception

org.thymeleaf.exceptions.TemplateInputException: Error resolving template [error], template might not exist or might not be accessible by any of the configured Template Resolvers
	at org.thymeleaf.engine.TemplateManager.resolveTemplate(TemplateManager.java:869) ~[thymeleaf-3.1.2.RELEASE.jar:3.1.2.RELEASE]
	at org.thymeleaf.engine.TemplateManager.parseAndProcess(TemplateManager.java:607) ~[thymeleaf-3.1.2.RELEASE.jar:3.1.2.RELEASE]
	at org.thymeleaf.TemplateEngine.process(TemplateEngine.java:1103) ~[thymeleaf-3.1.2.RELEASE.jar:3.1.2.RELEASE]
	at org.thymeleaf.TemplateEngine.process(TemplateEngine.java:1077) ~[thymeleaf-3.1.2.RELEASE.jar:3.1.2.RELEASE]
	at org.thymeleaf.spring6.view.ThymeleafView.renderFragment(ThymeleafView.java:372) ~[thymeleaf-spring6-3.1.2.RELEASE.jar:3.1.2.RELEASE]
	at org.thymeleaf.spring6.view.ThymeleafView.render(ThymeleafView.java:192) ~[thymeleaf-spring6-3.1.2.RELEASE.jar:3.1.2.RELEASE]
	at org.springframework.web.servlet.DispatcherServlet.render(DispatcherServlet.java:1414) ~[spring-webmvc-6.0.0.jar:6.0.0]
	at org.springframework.web.servlet.DispatcherServlet.processDispatchResult(DispatcherServlet.java:1158) ~[spring-webmvc-6.0.0.jar:6.0.0]
	at org.springframework.web.servlet.DispatcherServlet.doDispatch(DispatcherServlet.java:1097) ~[spring-webmvc-6.0.0.jar:6.0.0]
	at org.springframework.web.servlet.DispatcherServlet.doService(DispatcherServlet.java:973) ~[spring-webmvc-6.0.0.jar:6.0.0]
	at org.springframework.web.servlet.FrameworkServlet.processRequest(FrameworkServlet.java:1003) ~[spring-webmvc-6.0.0.jar:6.0.0]
	at org.springframework.web.servlet.FrameworkServlet.doPost(FrameworkServlet.java:906) ~[spring-webmvc-6.0.0.jar:6.0.0]
	at jakarta.servlet.http.HttpServlet.service(HttpServlet.java:590) ~[tomcat-embed-core-10.1.26.jar:10.1.26]
	at org.springframework.web.servlet.FrameworkServlet.service(FrameworkServlet.java:880) ~[spring-webmvc-6.0.0.jar:6.0.0]
	at jakarta.servlet.http.HttpServlet.service(HttpServlet.java:658) ~[tomcat-embed-core-10.1.26.jar:10.1.26]
	at org.apache.catalina.core.ApplicationFilterChain.internalDoFilter(ApplicationFilterChain.java:195) ~[tomcat-embed-core-10.1.26.jar:10.1.26]
	at org.apache.catalina.core.ApplicationFilterChain.doFilter(ApplicationFilterChain.java:140) ~[tomcat-embed-core-10.1.26.jar:10.1.26]
	at org.springframework.web.filter.RequestContextFilter.doFilterInternal(RequestContextFilter.java:100) ~[spring-web-6.1.11.jar:6.1.11]
	at org.springframework.web.filter.OncePerRequestFilter.doFilter(OncePerRequestFilter.java:116) ~[spring-web-6.1.11.jar:6.1.11]
	at org.apache.catalina.core.ApplicationFilterChain.internalDoFilter(ApplicationFilterChain.java:164) ~[tomcat-embed-core-10.1.26.jar:10.1.26]
	at org.apache.catalina.core.ApplicationFilterChain.doFilter(ApplicationFilterChain.java:140) ~[tomcat-embed-core-10.1.26.jar:10.1.26]
	at org.springframework.web.filter.OncePerRequestFilter.doFilter(OncePerRequestFilter.java:101) ~[spring-web-6.1.11.jar:6.1.11]
	at org.apache.catalina.core.ApplicationFilterChain.internalDoFilter(ApplicationFilterChain.java:164) ~[tomcat-embed-core-10.1.26.jar:10.1.26]
	at org.apache.catalina.core.ApplicationFilterChain.doFilter(ApplicationFilterChain.java:140) ~[tomcat-embed-core-10.1.26.jar:10.1.26]
	at org.springframework.web.filter.OncePerRequestFilter.doFilter(OncePerRequestFilter.java:101) ~[spring-web-6.1.11.jar:6.1.11]
	at org.apache.catalina.core.ApplicationFilterChain.internalDoFilter(ApplicationFilterChain.java:164) ~[tomcat-embed-core-10.1.26.jar:10.1.26]
	at org.apache.catalina.core.ApplicationFilterChain.doFilter(ApplicationFilterChain.java:140) ~[tomcat-embed-core-10.1.26.jar:10.1.26]
	at org.apache.catalina.core.ApplicationDispatcher.invoke(ApplicationDispatcher.java:632) ~[tomcat-embed-core-10.1.26.jar:10.1.26]
	at org.apache.catalina.core.ApplicationDispatcher.processRequest(ApplicationDispatcher.java:410) ~[tomcat-embed-core-10.1.26.jar:10.1.26]
	at org.apache.catalina.core.ApplicationDispatcher.doForward(ApplicationDispatcher.java:330) ~[tomcat-embed-core-10.1.26.jar:10.1.26]
	at org.apache.catalina.core.ApplicationDispatcher.forward(ApplicationDispatcher.java:267) ~[tomcat-embed-core-10.1.26.jar:10.1.26]
	at org.apache.catalina.core.StandardHostValve.custom(StandardHostValve.java:362) ~[tomcat-embed-core-10.1.26.jar:10.1.26]
	at org.apache.catalina.core.StandardHostValve.status(StandardHostValve.java:222) ~[tomcat-embed-core-10.1.26.jar:10.1.26]
	at org.apache.catalina.core.StandardHostValve.throwable(StandardHostValve.java:308) ~[tomcat-embed-core-10.1.26.jar:10.1.26]
	at org.apache.catalina.core.StandardHostValve.invoke(StandardHostValve.java:149) ~[tomcat-embed-core-10.1.26.jar:10.1.26]
	at org.apache.catalina.valves.ErrorReportValve.invoke(ErrorReportValve.java:93) ~[tomcat-embed-core-10.1.26.jar:10.1.26]
	at org.apache.catalina.core.StandardEngineValve.invoke(StandardEngineValve.java:74) ~[tomcat-embed-core-10.1.26.jar:10.1.26]
	at org.apache.catalina.connector.CoyoteAdapter.service(CoyoteAdapter.java:344) ~[tomcat-embed-core-10.1.26.jar:10.1.26]
	at org.apache.coyote.http11.Http11Processor.service(Http11Processor.java:389) ~[tomcat-embed-core-10.1.26.jar:10.1.26]
	at org.apache.coyote.AbstractProcessorLight.process(AbstractProcessorLight.java:63) ~[tomcat-embed-core-10.1.26.jar:10.1.26]
	at org.apache.coyote.AbstractProtocol$ConnectionHandler.process(AbstractProtocol.java:904) ~[tomcat-embed-core-10.1.26.jar:10.1.26]
	at org.apache.tomcat.util.net.NioEndpoint$SocketProcessor.doRun(NioEndpoint.java:1741) ~[tomcat-embed-core-10.1.26.jar:10.1.26]
	at org.apache.tomcat.util.net.SocketProcessorBase.run(SocketProcessorBase.java:52) ~[tomcat-embed-core-10.1.26.jar:10.1.26]
	at org.apache.tomcat.util.threads.ThreadPoolExecutor.runWorker(ThreadPoolExecutor.java:1190) ~[tomcat-embed-core-10.1.26.jar:10.1.26]
	at org.apache.tomcat.util.threads.ThreadPoolExecutor$Worker.run(ThreadPoolExecutor.java:659) ~[tomcat-embed-core-10.1.26.jar:10.1.26]
	at org.apache.tomcat.util.threads.TaskThread$WrappingRunnable.run(TaskThread.java:63) ~[tomcat-embed-core-10.1.26.jar:10.1.26]
	at java.base/java.lang.Thread.run(Thread.java:1575) ~[na:na]

2025-04-01T08:02:04.528+02:00 ERROR 7081 --- [http-nio-8080-exec-2] o.a.c.c.C.[Tomcat].[localhost]           : Exception Processing [ErrorPage[errorCode=0, location=/error]]

jakarta.servlet.ServletException: Request processing failed: org.thymeleaf.exceptions.TemplateInputException: Error resolving template [error], template might not exist or might not be accessible by any of the configured Template Resolvers
	at org.springframework.web.servlet.FrameworkServlet.processRequest(FrameworkServlet.java:1011) ~[spring-webmvc-6.0.0.jar:6.0.0]
	at org.springframework.web.servlet.FrameworkServlet.doPost(FrameworkServlet.java:906) ~[spring-webmvc-6.0.0.jar:6.0.0]
	at jakarta.servlet.http.HttpServlet.service(HttpServlet.java:590) ~[tomcat-embed-core-10.1.26.jar:10.1.26]
	at org.springframework.web.servlet.FrameworkServlet.service(FrameworkServlet.java:880) ~[spring-webmvc-6.0.0.jar:6.0.0]
	at jakarta.servlet.http.HttpServlet.service(HttpServlet.java:658) ~[tomcat-embed-core-10.1.26.jar:10.1.26]
	at org.apache.catalina.core.ApplicationFilterChain.internalDoFilter(ApplicationFilterChain.java:195) ~[tomcat-embed-core-10.1.26.jar:10.1.26]
	at org.apache.catalina.core.ApplicationFilterChain.doFilter(ApplicationFilterChain.java:140) ~[tomcat-embed-core-10.1.26.jar:10.1.26]
	at org.springframework.web.filter.RequestContextFilter.doFilterInternal(RequestContextFilter.java:100) ~[spring-web-6.1.11.jar:6.1.11]
	at org.springframework.web.filter.OncePerRequestFilter.doFilter(OncePerRequestFilter.java:116) ~[spring-web-6.1.11.jar:6.1.11]
	at org.apache.catalina.core.ApplicationFilterChain.internalDoFilter(ApplicationFilterChain.java:164) ~[tomcat-embed-core-10.1.26.jar:10.1.26]
	at org.apache.catalina.core.ApplicationFilterChain.doFilter(ApplicationFilterChain.java:140) ~[tomcat-embed-core-10.1.26.jar:10.1.26]
	at org.springframework.web.filter.OncePerRequestFilter.doFilter(OncePerRequestFilter.java:101) ~[spring-web-6.1.11.jar:6.1.11]
	at org.apache.catalina.core.ApplicationFilterChain.internalDoFilter(ApplicationFilterChain.java:164) ~[tomcat-embed-core-10.1.26.jar:10.1.26]
	at org.apache.catalina.core.ApplicationFilterChain.doFilter(ApplicationFilterChain.java:140) ~[tomcat-embed-core-10.1.26.jar:10.1.26]
	at org.springframework.web.filter.OncePerRequestFilter.doFilter(OncePerRequestFilter.java:101) ~[spring-web-6.1.11.jar:6.1.11]
	at org.apache.catalina.core.ApplicationFilterChain.internalDoFilter(ApplicationFilterChain.java:164) ~[tomcat-embed-core-10.1.26.jar:10.1.26]
	at org.apache.catalina.core.ApplicationFilterChain.doFilter(ApplicationFilterChain.java:140) ~[tomcat-embed-core-10.1.26.jar:10.1.26]
	at org.apache.catalina.core.ApplicationDispatcher.invoke(ApplicationDispatcher.java:632) ~[tomcat-embed-core-10.1.26.jar:10.1.26]
	at org.apache.catalina.core.ApplicationDispatcher.processRequest(ApplicationDispatcher.java:410) ~[tomcat-embed-core-10.1.26.jar:10.1.26]
	at org.apache.catalina.core.ApplicationDispatcher.doForward(ApplicationDispatcher.java:330) ~[tomcat-embed-core-10.1.26.jar:10.1.26]
	at org.apache.catalina.core.ApplicationDispatcher.forward(ApplicationDispatcher.java:267) ~[tomcat-embed-core-10.1.26.jar:10.1.26]
	at org.apache.catalina.core.StandardHostValve.custom(StandardHostValve.java:362) ~[tomcat-embed-core-10.1.26.jar:10.1.26]
	at org.apache.catalina.core.StandardHostValve.status(StandardHostValve.java:222) ~[tomcat-embed-core-10.1.26.jar:10.1.26]
	at org.apache.catalina.core.StandardHostValve.throwable(StandardHostValve.java:308) ~[tomcat-embed-core-10.1.26.jar:10.1.26]
	at org.apache.catalina.core.StandardHostValve.invoke(StandardHostValve.java:149) ~[tomcat-embed-core-10.1.26.jar:10.1.26]
	at org.apache.catalina.valves.ErrorReportValve.invoke(ErrorReportValve.java:93) ~[tomcat-embed-core-10.1.26.jar:10.1.26]
	at org.apache.catalina.core.StandardEngineValve.invoke(StandardEngineValve.java:74) ~[tomcat-embed-core-10.1.26.jar:10.1.26]
	at org.apache.catalina.connector.CoyoteAdapter.service(CoyoteAdapter.java:344) ~[tomcat-embed-core-10.1.26.jar:10.1.26]
	at org.apache.coyote.http11.Http11Processor.service(Http11Processor.java:389) ~[tomcat-embed-core-10.1.26.jar:10.1.26]
	at org.apache.coyote.AbstractProcessorLight.process(AbstractProcessorLight.java:63) ~[tomcat-embed-core-10.1.26.jar:10.1.26]
	at org.apache.coyote.AbstractProtocol$ConnectionHandler.process(AbstractProtocol.java:904) ~[tomcat-embed-core-10.1.26.jar:10.1.26]
	at org.apache.tomcat.util.net.NioEndpoint$SocketProcessor.doRun(NioEndpoint.java:1741) ~[tomcat-embed-core-10.1.26.jar:10.1.26]
	at org.apache.tomcat.util.net.SocketProcessorBase.run(SocketProcessorBase.java:52) ~[tomcat-embed-core-10.1.26.jar:10.1.26]
	at org.apache.tomcat.util.threads.ThreadPoolExecutor.runWorker(ThreadPoolExecutor.java:1190) ~[tomcat-embed-core-10.1.26.jar:10.1.26]
	at org.apache.tomcat.util.threads.ThreadPoolExecutor$Worker.run(ThreadPoolExecutor.java:659) ~[tomcat-embed-core-10.1.26.jar:10.1.26]
	at org.apache.tomcat.util.threads.TaskThread$WrappingRunnable.run(TaskThread.java:63) ~[tomcat-embed-core-10.1.26.jar:10.1.26]
	at java.base/java.lang.Thread.run(Thread.java:1575) ~[na:na]
Caused by: org.thymeleaf.exceptions.TemplateInputException: Error resolving template [error], template might not exist or might not be accessible by any of the configured Template Resolvers
	at org.thymeleaf.engine.TemplateManager.resolveTemplate(TemplateManager.java:869) ~[thymeleaf-3.1.2.RELEASE.jar:3.1.2.RELEASE]
	at org.thymeleaf.engine.TemplateManager.parseAndProcess(TemplateManager.java:607) ~[thymeleaf-3.1.2.RELEASE.jar:3.1.2.RELEASE]
	at org.thymeleaf.TemplateEngine.process(TemplateEngine.java:1103) ~[thymeleaf-3.1.2.RELEASE.jar:3.1.2.RELEASE]
	at org.thymeleaf.TemplateEngine.process(TemplateEngine.java:1077) ~[thymeleaf-3.1.2.RELEASE.jar:3.1.2.RELEASE]
	at org.thymeleaf.spring6.view.ThymeleafView.renderFragment(ThymeleafView.java:372) ~[thymeleaf-spring6-3.1.2.RELEASE.jar:3.1.2.RELEASE]
	at org.thymeleaf.spring6.view.ThymeleafView.render(ThymeleafView.java:192) ~[thymeleaf-spring6-3.1.2.RELEASE.jar:3.1.2.RELEASE]
	at org.springframework.web.servlet.DispatcherServlet.render(DispatcherServlet.java:1414) ~[spring-webmvc-6.0.0.jar:6.0.0]
	at org.springframework.web.servlet.DispatcherServlet.processDispatchResult(DispatcherServlet.java:1158) ~[spring-webmvc-6.0.0.jar:6.0.0]
	at org.springframework.web.servlet.DispatcherServlet.doDispatch(DispatcherServlet.java:1097) ~[spring-webmvc-6.0.0.jar:6.0.0]
	at org.springframework.web.servlet.DispatcherServlet.doService(DispatcherServlet.java:973) ~[spring-webmvc-6.0.0.jar:6.0.0]
	at org.springframework.web.servlet.FrameworkServlet.processRequest(FrameworkServlet.java:1003) ~[spring-webmvc-6.0.0.jar:6.0.0]
	... 36 common frames omitted

2025-04-01T08:02:34.401+02:00 DEBUG 7081 --- [http-nio-8080-exec-3] o.s.web.servlet.DispatcherServlet        : GET "/index", parameters={}
2025-04-01T08:02:34.402+02:00 DEBUG 7081 --- [http-nio-8080-exec-3] s.w.s.m.m.a.RequestMappingHandlerMapping : Mapped to org.jboss.as.quickstarts.kitchensink.controller.HomeController#index(Model)
2025-04-01T08:02:34.412+02:00 DEBUG 7081 --- [http-nio-8080-exec-3] o.s.w.s.v.ContentNegotiatingViewResolver : Selected 'text/html' given [text/html, application/xhtml+xml, image/avif, image/webp, image/apng, application/xml;q=0.9, */*;q=0.8, application/signed-exchange;v=b3;q=0.7]
2025-04-01T08:02:34.419+02:00 DEBUG 7081 --- [http-nio-8080-exec-3] o.s.web.servlet.DispatcherServlet        : Completed 200 OK
2025-04-01T08:02:42.316+02:00 DEBUG 7081 --- [http-nio-8080-exec-4] o.s.web.servlet.DispatcherServlet        : POST "/members/register", parameters={masked}
2025-04-01T08:02:42.317+02:00 DEBUG 7081 --- [http-nio-8080-exec-4] s.w.s.m.m.a.RequestMappingHandlerMapping : Mapped to org.jboss.as.quickstarts.kitchensink.controller.MemberRestController#register(Member, BindingResult, RedirectAttributes)
2025-04-01T08:02:42.318+02:00 DEBUG 7081 --- [http-nio-8080-exec-4] o.s.web.method.HandlerMethod             : Could not resolve parameter [0] in public java.lang.String org.jboss.as.quickstarts.kitchensink.controller.MemberRestController.register(org.jboss.as.quickstarts.kitchensink.model.Member,org.springframework.validation.BindingResult,org.springframework.web.servlet.mvc.support.RedirectAttributes): class org.springframework.web.servlet.mvc.method.annotation.ExtendedServletRequestDataBinder cannot be cast to class org.springframework.web.bind.support.WebRequestDataBinder (org.springframework.web.servlet.mvc.method.annotation.ExtendedServletRequestDataBinder and org.springframework.web.bind.support.WebRequestDataBinder are in unnamed module of loader 'app')
2025-04-01T08:02:42.318+02:00 DEBUG 7081 --- [http-nio-8080-exec-4] o.s.web.servlet.DispatcherServlet        : Failed to complete request: java.lang.ClassCastException: class org.springframework.web.servlet.mvc.method.annotation.ExtendedServletRequestDataBinder cannot be cast to class org.springframework.web.bind.support.WebRequestDataBinder (org.springframework.web.servlet.mvc.method.annotation.ExtendedServletRequestDataBinder and org.springframework.web.bind.support.WebRequestDataBinder are in unnamed module of loader 'app')
2025-04-01T08:02:42.319+02:00 ERROR 7081 --- [http-nio-8080-exec-4] o.a.c.c.C.[.[.[/].[dispatcherServlet]    : Servlet.service() for servlet [dispatcherServlet] in context with path [] threw exception [Request processing failed: java.lang.ClassCastException: class org.springframework.web.servlet.mvc.method.annotation.ExtendedServletRequestDataBinder cannot be cast to class org.springframework.web.bind.support.WebRequestDataBinder (org.springframework.web.servlet.mvc.method.annotation.ExtendedServletRequestDataBinder and org.springframework.web.bind.support.WebRequestDataBinder are in unnamed module of loader 'app')] with root cause

java.lang.ClassCastException: class org.springframework.web.servlet.mvc.method.annotation.ExtendedServletRequestDataBinder cannot be cast to class org.springframework.web.bind.support.WebRequestDataBinder (org.springframework.web.servlet.mvc.method.annotation.ExtendedServletRequestDataBinder and org.springframework.web.bind.support.WebRequestDataBinder are in unnamed module of loader 'app')
	at org.springframework.web.method.annotation.ModelAttributeMethodProcessor.constructAttribute(ModelAttributeMethodProcessor.java:207) ~[spring-web-6.1.11.jar:6.1.11]
	at org.springframework.web.method.annotation.ModelAttributeMethodProcessor.resolveArgument(ModelAttributeMethodProcessor.java:148) ~[spring-web-6.1.11.jar:6.1.11]
	at org.springframework.web.method.support.HandlerMethodArgumentResolverComposite.resolveArgument(HandlerMethodArgumentResolverComposite.java:122) ~[spring-web-6.1.11.jar:6.1.11]
	at org.springframework.web.method.support.InvocableHandlerMethod.getMethodArgumentValues(InvocableHandlerMethod.java:224) ~[spring-web-6.1.11.jar:6.1.11]
	at org.springframework.web.method.support.InvocableHandlerMethod.invokeForRequest(InvocableHandlerMethod.java:178) ~[spring-web-6.1.11.jar:6.1.11]
	at org.springframework.web.servlet.mvc.method.annotation.ServletInvocableHandlerMethod.invokeAndHandle(ServletInvocableHandlerMethod.java:117) ~[spring-webmvc-6.0.0.jar:6.0.0]
	at org.springframework.web.servlet.mvc.method.annotation.RequestMappingHandlerAdapter.invokeHandlerMethod(RequestMappingHandlerAdapter.java:891) ~[spring-webmvc-6.0.0.jar:6.0.0]
	at org.springframework.web.servlet.mvc.method.annotation.RequestMappingHandlerAdapter.handleInternal(RequestMappingHandlerAdapter.java:804) ~[spring-webmvc-6.0.0.jar:6.0.0]
	at org.springframework.web.servlet.mvc.method.AbstractHandlerMethodAdapter.handle(AbstractHandlerMethodAdapter.java:87) ~[spring-webmvc-6.0.0.jar:6.0.0]
	at org.springframework.web.servlet.DispatcherServlet.doDispatch(DispatcherServlet.java:1080) ~[spring-webmvc-6.0.0.jar:6.0.0]
	at org.springframework.web.servlet.DispatcherServlet.doService(DispatcherServlet.java:973) ~[spring-webmvc-6.0.0.jar:6.0.0]
	at org.springframework.web.servlet.FrameworkServlet.processRequest(FrameworkServlet.java:1003) ~[spring-webmvc-6.0.0.jar:6.0.0]
	at org.springframework.web.servlet.FrameworkServlet.doPost(FrameworkServlet.java:906) ~[spring-webmvc-6.0.0.jar:6.0.0]
	at jakarta.servlet.http.HttpServlet.service(HttpServlet.java:590) ~[tomcat-embed-core-10.1.26.jar:10.1.26]
	at org.springframework.web.servlet.FrameworkServlet.service(FrameworkServlet.java:880) ~[spring-webmvc-6.0.0.jar:6.0.0]
	at jakarta.servlet.http.HttpServlet.service(HttpServlet.java:658) ~[tomcat-embed-core-10.1.26.jar:10.1.26]
	at org.apache.catalina.core.ApplicationFilterChain.internalDoFilter(ApplicationFilterChain.java:195) ~[tomcat-embed-core-10.1.26.jar:10.1.26]
	at org.apache.catalina.core.ApplicationFilterChain.doFilter(ApplicationFilterChain.java:140) ~[tomcat-embed-core-10.1.26.jar:10.1.26]
	at org.apache.tomcat.websocket.server.WsFilter.doFilter(WsFilter.java:51) ~[tomcat-embed-websocket-10.1.26.jar:10.1.26]
	at org.apache.catalina.core.ApplicationFilterChain.internalDoFilter(ApplicationFilterChain.java:164) ~[tomcat-embed-core-10.1.26.jar:10.1.26]
	at org.apache.catalina.core.ApplicationFilterChain.doFilter(ApplicationFilterChain.java:140) ~[tomcat-embed-core-10.1.26.jar:10.1.26]
	at org.springframework.web.filter.RequestContextFilter.doFilterInternal(RequestContextFilter.java:100) ~[spring-web-6.1.11.jar:6.1.11]
	at org.springframework.web.filter.OncePerRequestFilter.doFilter(OncePerRequestFilter.java:116) ~[spring-web-6.1.11.jar:6.1.11]
	at org.apache.catalina.core.ApplicationFilterChain.internalDoFilter(ApplicationFilterChain.java:164) ~[tomcat-embed-core-10.1.26.jar:10.1.26]
	at org.apache.catalina.core.ApplicationFilterChain.doFilter(ApplicationFilterChain.java:140) ~[tomcat-embed-core-10.1.26.jar:10.1.26]
	at org.springframework.web.filter.FormContentFilter.doFilterInternal(FormContentFilter.java:93) ~[spring-web-6.1.11.jar:6.1.11]
	at org.springframework.web.filter.OncePerRequestFilter.doFilter(OncePerRequestFilter.java:116) ~[spring-web-6.1.11.jar:6.1.11]
	at org.apache.catalina.core.ApplicationFilterChain.internalDoFilter(ApplicationFilterChain.java:164) ~[tomcat-embed-core-10.1.26.jar:10.1.26]
	at org.apache.catalina.core.ApplicationFilterChain.doFilter(ApplicationFilterChain.java:140) ~[tomcat-embed-core-10.1.26.jar:10.1.26]
	at org.springframework.web.filter.CharacterEncodingFilter.doFilterInternal(CharacterEncodingFilter.java:201) ~[spring-web-6.1.11.jar:6.1.11]
	at org.springframework.web.filter.OncePerRequestFilter.doFilter(OncePerRequestFilter.java:116) ~[spring-web-6.1.11.jar:6.1.11]
	at org.apache.catalina.core.ApplicationFilterChain.internalDoFilter(ApplicationFilterChain.java:164) ~[tomcat-embed-core-10.1.26.jar:10.1.26]
	at org.apache.catalina.core.ApplicationFilterChain.doFilter(ApplicationFilterChain.java:140) ~[tomcat-embed-core-10.1.26.jar:10.1.26]
	at org.apache.catalina.core.StandardWrapperValve.invoke(StandardWrapperValve.java:167) ~[tomcat-embed-core-10.1.26.jar:10.1.26]
	at org.apache.catalina.core.StandardContextValve.invoke(StandardContextValve.java:90) ~[tomcat-embed-core-10.1.26.jar:10.1.26]
	at org.apache.catalina.authenticator.AuthenticatorBase.invoke(AuthenticatorBase.java:483) ~[tomcat-embed-core-10.1.26.jar:10.1.26]
	at org.apache.catalina.core.StandardHostValve.invoke(StandardHostValve.java:115) ~[tomcat-embed-core-10.1.26.jar:10.1.26]
	at org.apache.catalina.valves.ErrorReportValve.invoke(ErrorReportValve.java:93) ~[tomcat-embed-core-10.1.26.jar:10.1.26]
	at org.apache.catalina.core.StandardEngineValve.invoke(StandardEngineValve.java:74) ~[tomcat-embed-core-10.1.26.jar:10.1.26]
	at org.apache.catalina.connector.CoyoteAdapter.service(CoyoteAdapter.java:344) ~[tomcat-embed-core-10.1.26.jar:10.1.26]
	at org.apache.coyote.http11.Http11Processor.service(Http11Processor.java:389) ~[tomcat-embed-core-10.1.26.jar:10.1.26]
	at org.apache.coyote.AbstractProcessorLight.process(AbstractProcessorLight.java:63) ~[tomcat-embed-core-10.1.26.jar:10.1.26]
	at org.apache.coyote.AbstractProtocol$ConnectionHandler.process(AbstractProtocol.java:904) ~[tomcat-embed-core-10.1.26.jar:10.1.26]
	at org.apache.tomcat.util.net.NioEndpoint$SocketProcessor.doRun(NioEndpoint.java:1741) ~[tomcat-embed-core-10.1.26.jar:10.1.26]
	at org.apache.tomcat.util.net.SocketProcessorBase.run(SocketProcessorBase.java:52) ~[tomcat-embed-core-10.1.26.jar:10.1.26]
	at org.apache.tomcat.util.threads.ThreadPoolExecutor.runWorker(ThreadPoolExecutor.java:1190) ~[tomcat-embed-core-10.1.26.jar:10.1.26]
	at org.apache.tomcat.util.threads.ThreadPoolExecutor$Worker.run(ThreadPoolExecutor.java:659) ~[tomcat-embed-core-10.1.26.jar:10.1.26]
	at org.apache.tomcat.util.threads.TaskThread$WrappingRunnable.run(TaskThread.java:63) ~[tomcat-embed-core-10.1.26.jar:10.1.26]
	at java.base/java.lang.Thread.run(Thread.java:1575) ~[na:na]

2025-04-01T08:02:42.324+02:00 DEBUG 7081 --- [http-nio-8080-exec-4] o.s.web.servlet.DispatcherServlet        : "ERROR" dispatch for POST "/error", parameters={masked}
2025-04-01T08:02:42.326+02:00 DEBUG 7081 --- [http-nio-8080-exec-4] s.w.s.m.m.a.RequestMappingHandlerMapping : Mapped to org.springframework.boot.autoconfigure.web.servlet.error.BasicErrorController#errorHtml(HttpServletRequest, HttpServletResponse)
2025-04-01T08:02:42.329+02:00 DEBUG 7081 --- [http-nio-8080-exec-4] o.s.w.s.v.ContentNegotiatingViewResolver : Selected 'text/html' given [text/html, text/html;q=0.8]
2025-04-01T08:02:42.330+02:00 ERROR 7081 --- [http-nio-8080-exec-4] org.thymeleaf.TemplateEngine             : [THYMELEAF][http-nio-8080-exec-4] Exception processing template "error": Error resolving template [error], template might not exist or might not be accessible by any of the configured Template Resolvers

org.thymeleaf.exceptions.TemplateInputException: Error resolving template [error], template might not exist or might not be accessible by any of the configured Template Resolvers
	at org.thymeleaf.engine.TemplateManager.resolveTemplate(TemplateManager.java:869) ~[thymeleaf-3.1.2.RELEASE.jar:3.1.2.RELEASE]
	at org.thymeleaf.engine.TemplateManager.parseAndProcess(TemplateManager.java:607) ~[thymeleaf-3.1.2.RELEASE.jar:3.1.2.RELEASE]
	at org.thymeleaf.TemplateEngine.process(TemplateEngine.java:1103) ~[thymeleaf-3.1.2.RELEASE.jar:3.1.2.RELEASE]
	at org.thymeleaf.TemplateEngine.process(TemplateEngine.java:1077) ~[thymeleaf-3.1.2.RELEASE.jar:3.1.2.RELEASE]
	at org.thymeleaf.spring6.view.ThymeleafView.renderFragment(ThymeleafView.java:372) ~[thymeleaf-spring6-3.1.2.RELEASE.jar:3.1.2.RELEASE]
	at org.thymeleaf.spring6.view.ThymeleafView.render(ThymeleafView.java:192) ~[thymeleaf-spring6-3.1.2.RELEASE.jar:3.1.2.RELEASE]
	at org.springframework.web.servlet.DispatcherServlet.render(DispatcherServlet.java:1414) ~[spring-webmvc-6.0.0.jar:6.0.0]
	at org.springframework.web.servlet.DispatcherServlet.processDispatchResult(DispatcherServlet.java:1158) ~[spring-webmvc-6.0.0.jar:6.0.0]
	at org.springframework.web.servlet.DispatcherServlet.doDispatch(DispatcherServlet.java:1097) ~[spring-webmvc-6.0.0.jar:6.0.0]
	at org.springframework.web.servlet.DispatcherServlet.doService(DispatcherServlet.java:973) ~[spring-webmvc-6.0.0.jar:6.0.0]
	at org.springframework.web.servlet.FrameworkServlet.processRequest(FrameworkServlet.java:1003) ~[spring-webmvc-6.0.0.jar:6.0.0]
	at org.springframework.web.servlet.FrameworkServlet.doPost(FrameworkServlet.java:906) ~[spring-webmvc-6.0.0.jar:6.0.0]
	at jakarta.servlet.http.HttpServlet.service(HttpServlet.java:590) ~[tomcat-embed-core-10.1.26.jar:10.1.26]
	at org.springframework.web.servlet.FrameworkServlet.service(FrameworkServlet.java:880) ~[spring-webmvc-6.0.0.jar:6.0.0]
	at jakarta.servlet.http.HttpServlet.service(HttpServlet.java:658) ~[tomcat-embed-core-10.1.26.jar:10.1.26]
	at org.apache.catalina.core.ApplicationFilterChain.internalDoFilter(ApplicationFilterChain.java:195) ~[tomcat-embed-core-10.1.26.jar:10.1.26]
	at org.apache.catalina.core.ApplicationFilterChain.doFilter(ApplicationFilterChain.java:140) ~[tomcat-embed-core-10.1.26.jar:10.1.26]
	at org.springframework.web.filter.RequestContextFilter.doFilterInternal(RequestContextFilter.java:100) ~[spring-web-6.1.11.jar:6.1.11]
	at org.springframework.web.filter.OncePerRequestFilter.doFilter(OncePerRequestFilter.java:116) ~[spring-web-6.1.11.jar:6.1.11]
	at org.apache.catalina.core.ApplicationFilterChain.internalDoFilter(ApplicationFilterChain.java:164) ~[tomcat-embed-core-10.1.26.jar:10.1.26]
	at org.apache.catalina.core.ApplicationFilterChain.doFilter(ApplicationFilterChain.java:140) ~[tomcat-embed-core-10.1.26.jar:10.1.26]
	at org.springframework.web.filter.OncePerRequestFilter.doFilter(OncePerRequestFilter.java:101) ~[spring-web-6.1.11.jar:6.1.11]
	at org.apache.catalina.core.ApplicationFilterChain.internalDoFilter(ApplicationFilterChain.java:164) ~[tomcat-embed-core-10.1.26.jar:10.1.26]
	at org.apache.catalina.core.ApplicationFilterChain.doFilter(ApplicationFilterChain.java:140) ~[tomcat-embed-core-10.1.26.jar:10.1.26]
	at org.springframework.web.filter.OncePerRequestFilter.doFilter(OncePerRequestFilter.java:101) ~[spring-web-6.1.11.jar:6.1.11]
	at org.apache.catalina.core.ApplicationFilterChain.internalDoFilter(ApplicationFilterChain.java:164) ~[tomcat-embed-core-10.1.26.jar:10.1.26]
	at org.apache.catalina.core.ApplicationFilterChain.doFilter(ApplicationFilterChain.java:140) ~[tomcat-embed-core-10.1.26.jar:10.1.26]
	at org.apache.catalina.core.ApplicationDispatcher.invoke(ApplicationDispatcher.java:632) ~[tomcat-embed-core-10.1.26.jar:10.1.26]
	at org.apache.catalina.core.ApplicationDispatcher.processRequest(ApplicationDispatcher.java:410) ~[tomcat-embed-core-10.1.26.jar:10.1.26]
	at org.apache.catalina.core.ApplicationDispatcher.doForward(ApplicationDispatcher.java:330) ~[tomcat-embed-core-10.1.26.jar:10.1.26]
	at org.apache.catalina.core.ApplicationDispatcher.forward(ApplicationDispatcher.java:267) ~[tomcat-embed-core-10.1.26.jar:10.1.26]
	at org.apache.catalina.core.StandardHostValve.custom(StandardHostValve.java:362) ~[tomcat-embed-core-10.1.26.jar:10.1.26]
	at org.apache.catalina.core.StandardHostValve.status(StandardHostValve.java:222) ~[tomcat-embed-core-10.1.26.jar:10.1.26]
	at org.apache.catalina.core.StandardHostValve.throwable(StandardHostValve.java:308) ~[tomcat-embed-core-10.1.26.jar:10.1.26]
	at org.apache.catalina.core.StandardHostValve.invoke(StandardHostValve.java:149) ~[tomcat-embed-core-10.1.26.jar:10.1.26]
	at org.apache.catalina.valves.ErrorReportValve.invoke(ErrorReportValve.java:93) ~[tomcat-embed-core-10.1.26.jar:10.1.26]
	at org.apache.catalina.core.StandardEngineValve.invoke(StandardEngineValve.java:74) ~[tomcat-embed-core-10.1.26.jar:10.1.26]
	at org.apache.catalina.connector.CoyoteAdapter.service(CoyoteAdapter.java:344) ~[tomcat-embed-core-10.1.26.jar:10.1.26]
	at org.apache.coyote.http11.Http11Processor.service(Http11Processor.java:389) ~[tomcat-embed-core-10.1.26.jar:10.1.26]
	at org.apache.coyote.AbstractProcessorLight.process(AbstractProcessorLight.java:63) ~[tomcat-embed-core-10.1.26.jar:10.1.26]
	at org.apache.coyote.AbstractProtocol$ConnectionHandler.process(AbstractProtocol.java:904) ~[tomcat-embed-core-10.1.26.jar:10.1.26]
	at org.apache.tomcat.util.net.NioEndpoint$SocketProcessor.doRun(NioEndpoint.java:1741) ~[tomcat-embed-core-10.1.26.jar:10.1.26]
	at org.apache.tomcat.util.net.SocketProcessorBase.run(SocketProcessorBase.java:52) ~[tomcat-embed-core-10.1.26.jar:10.1.26]
	at org.apache.tomcat.util.threads.ThreadPoolExecutor.runWorker(ThreadPoolExecutor.java:1190) ~[tomcat-embed-core-10.1.26.jar:10.1.26]
	at org.apache.tomcat.util.threads.ThreadPoolExecutor$Worker.run(ThreadPoolExecutor.java:659) ~[tomcat-embed-core-10.1.26.jar:10.1.26]
	at org.apache.tomcat.util.threads.TaskThread$WrappingRunnable.run(TaskThread.java:63) ~[tomcat-embed-core-10.1.26.jar:10.1.26]
	at java.base/java.lang.Thread.run(Thread.java:1575) ~[na:na]

2025-04-01T08:02:42.332+02:00 DEBUG 7081 --- [http-nio-8080-exec-4] o.s.web.servlet.DispatcherServlet        : Error rendering view [org.thymeleaf.spring6.view.ThymeleafView@3aea08ac]

org.thymeleaf.exceptions.TemplateInputException: Error resolving template [error], template might not exist or might not be accessible by any of the configured Template Resolvers
	at org.thymeleaf.engine.TemplateManager.resolveTemplate(TemplateManager.java:869) ~[thymeleaf-3.1.2.RELEASE.jar:3.1.2.RELEASE]
	at org.thymeleaf.engine.TemplateManager.parseAndProcess(TemplateManager.java:607) ~[thymeleaf-3.1.2.RELEASE.jar:3.1.2.RELEASE]
	at org.thymeleaf.TemplateEngine.process(TemplateEngine.java:1103) ~[thymeleaf-3.1.2.RELEASE.jar:3.1.2.RELEASE]
	at org.thymeleaf.TemplateEngine.process(TemplateEngine.java:1077) ~[thymeleaf-3.1.2.RELEASE.jar:3.1.2.RELEASE]
	at org.thymeleaf.spring6.view.ThymeleafView.renderFragment(ThymeleafView.java:372) ~[thymeleaf-spring6-3.1.2.RELEASE.jar:3.1.2.RELEASE]
	at org.thymeleaf.spring6.view.ThymeleafView.render(ThymeleafView.java:192) ~[thymeleaf-spring6-3.1.2.RELEASE.jar:3.1.2.RELEASE]
	at org.springframework.web.servlet.DispatcherServlet.render(DispatcherServlet.java:1414) ~[spring-webmvc-6.0.0.jar:6.0.0]
	at org.springframework.web.servlet.DispatcherServlet.processDispatchResult(DispatcherServlet.java:1158) ~[spring-webmvc-6.0.0.jar:6.0.0]
	at org.springframework.web.servlet.DispatcherServlet.doDispatch(DispatcherServlet.java:1097) ~[spring-webmvc-6.0.0.jar:6.0.0]
	at org.springframework.web.servlet.DispatcherServlet.doService(DispatcherServlet.java:973) ~[spring-webmvc-6.0.0.jar:6.0.0]
	at org.springframework.web.servlet.FrameworkServlet.processRequest(FrameworkServlet.java:1003) ~[spring-webmvc-6.0.0.jar:6.0.0]
	at org.springframework.web.servlet.FrameworkServlet.doPost(FrameworkServlet.java:906) ~[spring-webmvc-6.0.0.jar:6.0.0]
	at jakarta.servlet.http.HttpServlet.service(HttpServlet.java:590) ~[tomcat-embed-core-10.1.26.jar:10.1.26]
	at org.springframework.web.servlet.FrameworkServlet.service(FrameworkServlet.java:880) ~[spring-webmvc-6.0.0.jar:6.0.0]
	at jakarta.servlet.http.HttpServlet.service(HttpServlet.java:658) ~[tomcat-embed-core-10.1.26.jar:10.1.26]
	at org.apache.catalina.core.ApplicationFilterChain.internalDoFilter(ApplicationFilterChain.java:195) ~[tomcat-embed-core-10.1.26.jar:10.1.26]
	at org.apache.catalina.core.ApplicationFilterChain.doFilter(ApplicationFilterChain.java:140) ~[tomcat-embed-core-10.1.26.jar:10.1.26]
	at org.springframework.web.filter.RequestContextFilter.doFilterInternal(RequestContextFilter.java:100) ~[spring-web-6.1.11.jar:6.1.11]
	at org.springframework.web.filter.OncePerRequestFilter.doFilter(OncePerRequestFilter.java:116) ~[spring-web-6.1.11.jar:6.1.11]
	at org.apache.catalina.core.ApplicationFilterChain.internalDoFilter(ApplicationFilterChain.java:164) ~[tomcat-embed-core-10.1.26.jar:10.1.26]
	at org.apache.catalina.core.ApplicationFilterChain.doFilter(ApplicationFilterChain.java:140) ~[tomcat-embed-core-10.1.26.jar:10.1.26]
	at org.springframework.web.filter.OncePerRequestFilter.doFilter(OncePerRequestFilter.java:101) ~[spring-web-6.1.11.jar:6.1.11]
	at org.apache.catalina.core.ApplicationFilterChain.internalDoFilter(ApplicationFilterChain.java:164) ~[tomcat-embed-core-10.1.26.jar:10.1.26]
	at org.apache.catalina.core.ApplicationFilterChain.doFilter(ApplicationFilterChain.java:140) ~[tomcat-embed-core-10.1.26.jar:10.1.26]
	at org.springframework.web.filter.OncePerRequestFilter.doFilter(OncePerRequestFilter.java:101) ~[spring-web-6.1.11.jar:6.1.11]
	at org.apache.catalina.core.ApplicationFilterChain.internalDoFilter(ApplicationFilterChain.java:164) ~[tomcat-embed-core-10.1.26.jar:10.1.26]
	at org.apache.catalina.core.ApplicationFilterChain.doFilter(ApplicationFilterChain.java:140) ~[tomcat-embed-core-10.1.26.jar:10.1.26]
	at org.apache.catalina.core.ApplicationDispatcher.invoke(ApplicationDispatcher.java:632) ~[tomcat-embed-core-10.1.26.jar:10.1.26]
	at org.apache.catalina.core.ApplicationDispatcher.processRequest(ApplicationDispatcher.java:410) ~[tomcat-embed-core-10.1.26.jar:10.1.26]
	at org.apache.catalina.core.ApplicationDispatcher.doForward(ApplicationDispatcher.java:330) ~[tomcat-embed-core-10.1.26.jar:10.1.26]
	at org.apache.catalina.core.ApplicationDispatcher.forward(ApplicationDispatcher.java:267) ~[tomcat-embed-core-10.1.26.jar:10.1.26]
	at org.apache.catalina.core.StandardHostValve.custom(StandardHostValve.java:362) ~[tomcat-embed-core-10.1.26.jar:10.1.26]
	at org.apache.catalina.core.StandardHostValve.status(StandardHostValve.java:222) ~[tomcat-embed-core-10.1.26.jar:10.1.26]
	at org.apache.catalina.core.StandardHostValve.throwable(StandardHostValve.java:308) ~[tomcat-embed-core-10.1.26.jar:10.1.26]
	at org.apache.catalina.core.StandardHostValve.invoke(StandardHostValve.java:149) ~[tomcat-embed-core-10.1.26.jar:10.1.26]
	at org.apache.catalina.valves.ErrorReportValve.invoke(ErrorReportValve.java:93) ~[tomcat-embed-core-10.1.26.jar:10.1.26]
	at org.apache.catalina.core.StandardEngineValve.invoke(StandardEngineValve.java:74) ~[tomcat-embed-core-10.1.26.jar:10.1.26]
	at org.apache.catalina.connector.CoyoteAdapter.service(CoyoteAdapter.java:344) ~[tomcat-embed-core-10.1.26.jar:10.1.26]
	at org.apache.coyote.http11.Http11Processor.service(Http11Processor.java:389) ~[tomcat-embed-core-10.1.26.jar:10.1.26]
	at org.apache.coyote.AbstractProcessorLight.process(AbstractProcessorLight.java:63) ~[tomcat-embed-core-10.1.26.jar:10.1.26]
	at org.apache.coyote.AbstractProtocol$ConnectionHandler.process(AbstractProtocol.java:904) ~[tomcat-embed-core-10.1.26.jar:10.1.26]
	at org.apache.tomcat.util.net.NioEndpoint$SocketProcessor.doRun(NioEndpoint.java:1741) ~[tomcat-embed-core-10.1.26.jar:10.1.26]
	at org.apache.tomcat.util.net.SocketProcessorBase.run(SocketProcessorBase.java:52) ~[tomcat-embed-core-10.1.26.jar:10.1.26]
	at org.apache.tomcat.util.threads.ThreadPoolExecutor.runWorker(ThreadPoolExecutor.java:1190) ~[tomcat-embed-core-10.1.26.jar:10.1.26]
	at org.apache.tomcat.util.threads.ThreadPoolExecutor$Worker.run(ThreadPoolExecutor.java:659) ~[tomcat-embed-core-10.1.26.jar:10.1.26]
	at org.apache.tomcat.util.threads.TaskThread$WrappingRunnable.run(TaskThread.java:63) ~[tomcat-embed-core-10.1.26.jar:10.1.26]
	at java.base/java.lang.Thread.run(Thread.java:1575) ~[na:na]

2025-04-01T08:02:42.334+02:00 DEBUG 7081 --- [http-nio-8080-exec-4] o.s.web.servlet.DispatcherServlet        : Unresolved failure from "ERROR" dispatch: org.thymeleaf.exceptions.TemplateInputException: Error resolving template [error], template might not exist or might not be accessible by any of the configured Template Resolvers
2025-04-01T08:02:42.334+02:00 ERROR 7081 --- [http-nio-8080-exec-4] o.a.c.c.C.[.[.[/].[dispatcherServlet]    : Servlet.service() for servlet [dispatcherServlet] threw exception

org.thymeleaf.exceptions.TemplateInputException: Error resolving template [error], template might not exist or might not be accessible by any of the configured Template Resolvers
	at org.thymeleaf.engine.TemplateManager.resolveTemplate(TemplateManager.java:869) ~[thymeleaf-3.1.2.RELEASE.jar:3.1.2.RELEASE]
	at org.thymeleaf.engine.TemplateManager.parseAndProcess(TemplateManager.java:607) ~[thymeleaf-3.1.2.RELEASE.jar:3.1.2.RELEASE]
	at org.thymeleaf.TemplateEngine.process(TemplateEngine.java:1103) ~[thymeleaf-3.1.2.RELEASE.jar:3.1.2.RELEASE]
	at org.thymeleaf.TemplateEngine.process(TemplateEngine.java:1077) ~[thymeleaf-3.1.2.RELEASE.jar:3.1.2.RELEASE]
	at org.thymeleaf.spring6.view.ThymeleafView.renderFragment(ThymeleafView.java:372) ~[thymeleaf-spring6-3.1.2.RELEASE.jar:3.1.2.RELEASE]
	at org.thymeleaf.spring6.view.ThymeleafView.render(ThymeleafView.java:192) ~[thymeleaf-spring6-3.1.2.RELEASE.jar:3.1.2.RELEASE]
	at org.springframework.web.servlet.DispatcherServlet.render(DispatcherServlet.java:1414) ~[spring-webmvc-6.0.0.jar:6.0.0]
	at org.springframework.web.servlet.DispatcherServlet.processDispatchResult(DispatcherServlet.java:1158) ~[spring-webmvc-6.0.0.jar:6.0.0]
	at org.springframework.web.servlet.DispatcherServlet.doDispatch(DispatcherServlet.java:1097) ~[spring-webmvc-6.0.0.jar:6.0.0]
	at org.springframework.web.servlet.DispatcherServlet.doService(DispatcherServlet.java:973) ~[spring-webmvc-6.0.0.jar:6.0.0]
	at org.springframework.web.servlet.FrameworkServlet.processRequest(FrameworkServlet.java:1003) ~[spring-webmvc-6.0.0.jar:6.0.0]
	at org.springframework.web.servlet.FrameworkServlet.doPost(FrameworkServlet.java:906) ~[spring-webmvc-6.0.0.jar:6.0.0]
	at jakarta.servlet.http.HttpServlet.service(HttpServlet.java:590) ~[tomcat-embed-core-10.1.26.jar:10.1.26]
	at org.springframework.web.servlet.FrameworkServlet.service(FrameworkServlet.java:880) ~[spring-webmvc-6.0.0.jar:6.0.0]
	at jakarta.servlet.http.HttpServlet.service(HttpServlet.java:658) ~[tomcat-embed-core-10.1.26.jar:10.1.26]
	at org.apache.catalina.core.ApplicationFilterChain.internalDoFilter(ApplicationFilterChain.java:195) ~[tomcat-embed-core-10.1.26.jar:10.1.26]
	at org.apache.catalina.core.ApplicationFilterChain.doFilter(ApplicationFilterChain.java:140) ~[tomcat-embed-core-10.1.26.jar:10.1.26]
	at org.springframework.web.filter.RequestContextFilter.doFilterInternal(RequestContextFilter.java:100) ~[spring-web-6.1.11.jar:6.1.11]
	at org.springframework.web.filter.OncePerRequestFilter.doFilter(OncePerRequestFilter.java:116) ~[spring-web-6.1.11.jar:6.1.11]
	at org.apache.catalina.core.ApplicationFilterChain.internalDoFilter(ApplicationFilterChain.java:164) ~[tomcat-embed-core-10.1.26.jar:10.1.26]
	at org.apache.catalina.core.ApplicationFilterChain.doFilter(ApplicationFilterChain.java:140) ~[tomcat-embed-core-10.1.26.jar:10.1.26]
	at org.springframework.web.filter.OncePerRequestFilter.doFilter(OncePerRequestFilter.java:101) ~[spring-web-6.1.11.jar:6.1.11]
	at org.apache.catalina.core.ApplicationFilterChain.internalDoFilter(ApplicationFilterChain.java:164) ~[tomcat-embed-core-10.1.26.jar:10.1.26]
	at org.apache.catalina.core.ApplicationFilterChain.doFilter(ApplicationFilterChain.java:140) ~[tomcat-embed-core-10.1.26.jar:10.1.26]
	at org.springframework.web.filter.OncePerRequestFilter.doFilter(OncePerRequestFilter.java:101) ~[spring-web-6.1.11.jar:6.1.11]
	at org.apache.catalina.core.ApplicationFilterChain.internalDoFilter(ApplicationFilterChain.java:164) ~[tomcat-embed-core-10.1.26.jar:10.1.26]
	at org.apache.catalina.core.ApplicationFilterChain.doFilter(ApplicationFilterChain.java:140) ~[tomcat-embed-core-10.1.26.jar:10.1.26]
	at org.apache.catalina.core.ApplicationDispatcher.invoke(ApplicationDispatcher.java:632) ~[tomcat-embed-core-10.1.26.jar:10.1.26]
	at org.apache.catalina.core.ApplicationDispatcher.processRequest(ApplicationDispatcher.java:410) ~[tomcat-embed-core-10.1.26.jar:10.1.26]
	at org.apache.catalina.core.ApplicationDispatcher.doForward(ApplicationDispatcher.java:330) ~[tomcat-embed-core-10.1.26.jar:10.1.26]
	at org.apache.catalina.core.ApplicationDispatcher.forward(ApplicationDispatcher.java:267) ~[tomcat-embed-core-10.1.26.jar:10.1.26]
	at org.apache.catalina.core.StandardHostValve.custom(StandardHostValve.java:362) ~[tomcat-embed-core-10.1.26.jar:10.1.26]
	at org.apache.catalina.core.StandardHostValve.status(StandardHostValve.java:222) ~[tomcat-embed-core-10.1.26.jar:10.1.26]
	at org.apache.catalina.core.StandardHostValve.throwable(StandardHostValve.java:308) ~[tomcat-embed-core-10.1.26.jar:10.1.26]
	at org.apache.catalina.core.StandardHostValve.invoke(StandardHostValve.java:149) ~[tomcat-embed-core-10.1.26.jar:10.1.26]
	at org.apache.catalina.valves.ErrorReportValve.invoke(ErrorReportValve.java:93) ~[tomcat-embed-core-10.1.26.jar:10.1.26]
	at org.apache.catalina.core.StandardEngineValve.invoke(StandardEngineValve.java:74) ~[tomcat-embed-core-10.1.26.jar:10.1.26]
	at org.apache.catalina.connector.CoyoteAdapter.service(CoyoteAdapter.java:344) ~[tomcat-embed-core-10.1.26.jar:10.1.26]
	at org.apache.coyote.http11.Http11Processor.service(Http11Processor.java:389) ~[tomcat-embed-core-10.1.26.jar:10.1.26]
	at org.apache.coyote.AbstractProcessorLight.process(AbstractProcessorLight.java:63) ~[tomcat-embed-core-10.1.26.jar:10.1.26]
	at org.apache.coyote.AbstractProtocol$ConnectionHandler.process(AbstractProtocol.java:904) ~[tomcat-embed-core-10.1.26.jar:10.1.26]
	at org.apache.tomcat.util.net.NioEndpoint$SocketProcessor.doRun(NioEndpoint.java:1741) ~[tomcat-embed-core-10.1.26.jar:10.1.26]
	at org.apache.tomcat.util.net.SocketProcessorBase.run(SocketProcessorBase.java:52) ~[tomcat-embed-core-10.1.26.jar:10.1.26]
	at org.apache.tomcat.util.threads.ThreadPoolExecutor.runWorker(ThreadPoolExecutor.java:1190) ~[tomcat-embed-core-10.1.26.jar:10.1.26]
	at org.apache.tomcat.util.threads.ThreadPoolExecutor$Worker.run(ThreadPoolExecutor.java:659) ~[tomcat-embed-core-10.1.26.jar:10.1.26]
	at org.apache.tomcat.util.threads.TaskThread$WrappingRunnable.run(TaskThread.java:63) ~[tomcat-embed-core-10.1.26.jar:10.1.26]
	at java.base/java.lang.Thread.run(Thread.java:1575) ~[na:na]

2025-04-01T08:02:42.335+02:00 ERROR 7081 --- [http-nio-8080-exec-4] o.a.c.c.C.[Tomcat].[localhost]           : Exception Processing [ErrorPage[errorCode=0, location=/error]]

jakarta.servlet.ServletException: Request processing failed: org.thymeleaf.exceptions.TemplateInputException: Error resolving template [error], template might not exist or might not be accessible by any of the configured Template Resolvers
	at org.springframework.web.servlet.FrameworkServlet.processRequest(FrameworkServlet.java:1011) ~[spring-webmvc-6.0.0.jar:6.0.0]
	at org.springframework.web.servlet.FrameworkServlet.doPost(FrameworkServlet.java:906) ~[spring-webmvc-6.0.0.jar:6.0.0]
	at jakarta.servlet.http.HttpServlet.service(HttpServlet.java:590) ~[tomcat-embed-core-10.1.26.jar:10.1.26]
	at org.springframework.web.servlet.FrameworkServlet.service(FrameworkServlet.java:880) ~[spring-webmvc-6.0.0.jar:6.0.0]
	at jakarta.servlet.http.HttpServlet.service(HttpServlet.java:658) ~[tomcat-embed-core-10.1.26.jar:10.1.26]
	at org.apache.catalina.core.ApplicationFilterChain.internalDoFilter(ApplicationFilterChain.java:195) ~[tomcat-embed-core-10.1.26.jar:10.1.26]
	at org.apache.catalina.core.ApplicationFilterChain.doFilter(ApplicationFilterChain.java:140) ~[tomcat-embed-core-10.1.26.jar:10.1.26]
	at org.springframework.web.filter.RequestContextFilter.doFilterInternal(RequestContextFilter.java:100) ~[spring-web-6.1.11.jar:6.1.11]
	at org.springframework.web.filter.OncePerRequestFilter.doFilter(OncePerRequestFilter.java:116) ~[spring-web-6.1.11.jar:6.1.11]
	at org.apache.catalina.core.ApplicationFilterChain.internalDoFilter(ApplicationFilterChain.java:164) ~[tomcat-embed-core-10.1.26.jar:10.1.26]
	at org.apache.catalina.core.ApplicationFilterChain.doFilter(ApplicationFilterChain.java:140) ~[tomcat-embed-core-10.1.26.jar:10.1.26]
	at org.springframework.web.filter.OncePerRequestFilter.doFilter(OncePerRequestFilter.java:101) ~[spring-web-6.1.11.jar:6.1.11]
	at org.apache.catalina.core.ApplicationFilterChain.internalDoFilter(ApplicationFilterChain.java:164) ~[tomcat-embed-core-10.1.26.jar:10.1.26]
	at org.apache.catalina.core.ApplicationFilterChain.doFilter(ApplicationFilterChain.java:140) ~[tomcat-embed-core-10.1.26.jar:10.1.26]
	at org.springframework.web.filter.OncePerRequestFilter.doFilter(OncePerRequestFilter.java:101) ~[spring-web-6.1.11.jar:6.1.11]
	at org.apache.catalina.core.ApplicationFilterChain.internalDoFilter(ApplicationFilterChain.java:164) ~[tomcat-embed-core-10.1.26.jar:10.1.26]
	at org.apache.catalina.core.ApplicationFilterChain.doFilter(ApplicationFilterChain.java:140) ~[tomcat-embed-core-10.1.26.jar:10.1.26]
	at org.apache.catalina.core.ApplicationDispatcher.invoke(ApplicationDispatcher.java:632) ~[tomcat-embed-core-10.1.26.jar:10.1.26]
	at org.apache.catalina.core.ApplicationDispatcher.processRequest(ApplicationDispatcher.java:410) ~[tomcat-embed-core-10.1.26.jar:10.1.26]
	at org.apache.catalina.core.ApplicationDispatcher.doForward(ApplicationDispatcher.java:330) ~[tomcat-embed-core-10.1.26.jar:10.1.26]
	at org.apache.catalina.core.ApplicationDispatcher.forward(ApplicationDispatcher.java:267) ~[tomcat-embed-core-10.1.26.jar:10.1.26]
	at org.apache.catalina.core.StandardHostValve.custom(StandardHostValve.java:362) ~[tomcat-embed-core-10.1.26.jar:10.1.26]
	at org.apache.catalina.core.StandardHostValve.status(StandardHostValve.java:222) ~[tomcat-embed-core-10.1.26.jar:10.1.26]
	at org.apache.catalina.core.StandardHostValve.throwable(StandardHostValve.java:308) ~[tomcat-embed-core-10.1.26.jar:10.1.26]
	at org.apache.catalina.core.StandardHostValve.invoke(StandardHostValve.java:149) ~[tomcat-embed-core-10.1.26.jar:10.1.26]
	at org.apache.catalina.valves.ErrorReportValve.invoke(ErrorReportValve.java:93) ~[tomcat-embed-core-10.1.26.jar:10.1.26]
	at org.apache.catalina.core.StandardEngineValve.invoke(StandardEngineValve.java:74) ~[tomcat-embed-core-10.1.26.jar:10.1.26]
	at org.apache.catalina.connector.CoyoteAdapter.service(CoyoteAdapter.java:344) ~[tomcat-embed-core-10.1.26.jar:10.1.26]
	at org.apache.coyote.http11.Http11Processor.service(Http11Processor.java:389) ~[tomcat-embed-core-10.1.26.jar:10.1.26]
	at org.apache.coyote.AbstractProcessorLight.process(AbstractProcessorLight.java:63) ~[tomcat-embed-core-10.1.26.jar:10.1.26]
	at org.apache.coyote.AbstractProtocol$ConnectionHandler.process(AbstractProtocol.java:904) ~[tomcat-embed-core-10.1.26.jar:10.1.26]
	at org.apache.tomcat.util.net.NioEndpoint$SocketProcessor.doRun(NioEndpoint.java:1741) ~[tomcat-embed-core-10.1.26.jar:10.1.26]
	at org.apache.tomcat.util.net.SocketProcessorBase.run(SocketProcessorBase.java:52) ~[tomcat-embed-core-10.1.26.jar:10.1.26]
	at org.apache.tomcat.util.threads.ThreadPoolExecutor.runWorker(ThreadPoolExecutor.java:1190) ~[tomcat-embed-core-10.1.26.jar:10.1.26]
	at org.apache.tomcat.util.threads.ThreadPoolExecutor$Worker.run(ThreadPoolExecutor.java:659) ~[tomcat-embed-core-10.1.26.jar:10.1.26]
	at org.apache.tomcat.util.threads.TaskThread$WrappingRunnable.run(TaskThread.java:63) ~[tomcat-embed-core-10.1.26.jar:10.1.26]
	at java.base/java.lang.Thread.run(Thread.java:1575) ~[na:na]
Caused by: org.thymeleaf.exceptions.TemplateInputException: Error resolving template [error], template might not exist or might not be accessible by any of the configured Template Resolvers
	at org.thymeleaf.engine.TemplateManager.resolveTemplate(TemplateManager.java:869) ~[thymeleaf-3.1.2.RELEASE.jar:3.1.2.RELEASE]
	at org.thymeleaf.engine.TemplateManager.parseAndProcess(TemplateManager.java:607) ~[thymeleaf-3.1.2.RELEASE.jar:3.1.2.RELEASE]
	at org.thymeleaf.TemplateEngine.process(TemplateEngine.java:1103) ~[thymeleaf-3.1.2.RELEASE.jar:3.1.2.RELEASE]
	at org.thymeleaf.TemplateEngine.process(TemplateEngine.java:1077) ~[thymeleaf-3.1.2.RELEASE.jar:3.1.2.RELEASE]
	at org.thymeleaf.spring6.view.ThymeleafView.renderFragment(ThymeleafView.java:372) ~[thymeleaf-spring6-3.1.2.RELEASE.jar:3.1.2.RELEASE]
	at org.thymeleaf.spring6.view.ThymeleafView.render(ThymeleafView.java:192) ~[thymeleaf-spring6-3.1.2.RELEASE.jar:3.1.2.RELEASE]
	at org.springframework.web.servlet.DispatcherServlet.render(DispatcherServlet.java:1414) ~[spring-webmvc-6.0.0.jar:6.0.0]
	at org.springframework.web.servlet.DispatcherServlet.processDispatchResult(DispatcherServlet.java:1158) ~[spring-webmvc-6.0.0.jar:6.0.0]
	at org.springframework.web.servlet.DispatcherServlet.doDispatch(DispatcherServlet.java:1097) ~[spring-webmvc-6.0.0.jar:6.0.0]
	at org.springframework.web.servlet.DispatcherServlet.doService(DispatcherServlet.java:973) ~[spring-webmvc-6.0.0.jar:6.0.0]
	at org.springframework.web.servlet.FrameworkServlet.processRequest(FrameworkServlet.java:1003) ~[spring-webmvc-6.0.0.jar:6.0.0]
	... 36 common frames omitted

2025-04-01T08:05:03.978+02:00  INFO 7081 --- [SpringApplicationShutdownHook] j.LocalContainerEntityManagerFactoryBean : Closing JPA EntityManagerFactory for persistence unit 'default'
2025-04-01T08:05:03.980+02:00  INFO 7081 --- [SpringApplicationShutdownHook] com.zaxxer.hikari.HikariDataSource       : HikariPool-1 - Shutdown initiated...
2025-04-01T08:05:03.982+02:00  INFO 7081 --- [SpringApplicationShutdownHook] com.zaxxer.hikari.HikariDataSource       : HikariPool-1 - Shutdown completed.
2025-04-01T08:05:16.260+02:00  INFO 7226 --- [main] o.j.a.q.kitchensink.Application          : Starting Application using Java 23.0.2 with PID 7226 (/Users/marcosordi/Documents/mongodb/mongokitch/kitchensinkmongo/kitchensink/target/classes started by marcosordi in /Users/marcosordi/Documents/mongodb/mongokitch/kitchensinkmongo/kitchensink)
2025-04-01T08:05:16.261+02:00 DEBUG 7226 --- [main] o.j.a.q.kitchensink.Application          : Running with Spring Boot v3.3.2, Spring v6.1.11
2025-04-01T08:05:16.262+02:00  INFO 7226 --- [main] o.j.a.q.kitchensink.Application          : No active profile set, falling back to 1 default profile: "default"
2025-04-01T08:05:16.473+02:00  INFO 7226 --- [main] .s.d.r.c.RepositoryConfigurationDelegate : Multiple Spring Data modules found, entering strict repository configuration mode
2025-04-01T08:05:16.473+02:00  INFO 7226 --- [main] .s.d.r.c.RepositoryConfigurationDelegate : Bootstrapping Spring Data MongoDB repositories in DEFAULT mode.
2025-04-01T08:05:16.530+02:00  INFO 7226 --- [main] .s.d.r.c.RepositoryConfigurationDelegate : Finished Spring Data repository scanning in 54 ms. Found 1 MongoDB repository interface.
2025-04-01T08:05:16.532+02:00  INFO 7226 --- [main] .s.d.r.c.RepositoryConfigurationDelegate : Multiple Spring Data modules found, entering strict repository configuration mode
2025-04-01T08:05:16.532+02:00  INFO 7226 --- [main] .s.d.r.c.RepositoryConfigurationDelegate : Bootstrapping Spring Data MongoDB repositories in DEFAULT mode.
2025-04-01T08:05:16.533+02:00  INFO 7226 --- [main] .s.d.r.c.RepositoryConfigurationDelegate : Finished Spring Data repository scanning in 1 ms. Found 1 MongoDB repository interface.
2025-04-01T08:05:16.599+02:00  INFO 7226 --- [main] .s.d.r.c.RepositoryConfigurationDelegate : Multiple Spring Data modules found, entering strict repository configuration mode
2025-04-01T08:05:16.600+02:00  INFO 7226 --- [main] .s.d.r.c.RepositoryConfigurationDelegate : Bootstrapping Spring Data JPA repositories in DEFAULT mode.
2025-04-01T08:05:16.608+02:00  INFO 7226 --- [main] .RepositoryConfigurationExtensionSupport : Spring Data JPA - Could not safely identify store assignment for repository candidate interface org.jboss.as.quickstarts.kitchensink.data.MemberRepository; If you want this repository to be a JPA repository, consider annotating your entities with one of these annotations: jakarta.persistence.Entity, jakarta.persistence.MappedSuperclass (preferred), or consider extending one of the following types with your repository: org.springframework.data.jpa.repository.JpaRepository
2025-04-01T08:05:16.608+02:00  INFO 7226 --- [main] .s.d.r.c.RepositoryConfigurationDelegate : Finished Spring Data repository scanning in 7 ms. Found 0 JPA repository interfaces.
2025-04-01T08:05:16.835+02:00  INFO 7226 --- [main] o.s.b.w.embedded.tomcat.TomcatWebServer  : Tomcat initialized with port 8080 (http)
2025-04-01T08:05:16.841+02:00  INFO 7226 --- [main] o.apache.catalina.core.StandardService   : Starting service [Tomcat]
2025-04-01T08:05:16.841+02:00  INFO 7226 --- [main] o.apache.catalina.core.StandardEngine    : Starting Servlet engine: [Apache Tomcat/10.1.26]
2025-04-01T08:05:16.866+02:00  INFO 7226 --- [main] o.a.c.c.C.[Tomcat].[localhost].[/]       : Initializing Spring embedded WebApplicationContext
2025-04-01T08:05:16.866+02:00  INFO 7226 --- [main] w.s.c.ServletWebServerApplicationContext : Root WebApplicationContext: initialization completed in 577 ms
2025-04-01T08:05:16.879+02:00  INFO 7226 --- [main] com.zaxxer.hikari.HikariDataSource       : HikariPool-1 - Starting...
2025-04-01T08:05:16.955+02:00  INFO 7226 --- [main] com.zaxxer.hikari.pool.HikariPool        : HikariPool-1 - Added connection conn0: url=jdbc:h2:mem:631a081b-cf41-43cf-984d-0a17761ffca4 user=SA
2025-04-01T08:05:16.956+02:00  INFO 7226 --- [main] com.zaxxer.hikari.HikariDataSource       : HikariPool-1 - Start completed.
2025-04-01T08:05:16.962+02:00  INFO 7226 --- [main] o.s.b.a.h2.H2ConsoleAutoConfiguration    : H2 console available at '/h2-console'. Database available at 'jdbc:h2:mem:631a081b-cf41-43cf-984d-0a17761ffca4'
2025-04-01T08:05:17.168+02:00  INFO 7226 --- [main] SQL dialect                              : HHH000400: Using dialect: org.hibernate.dialect.H2Dialect
2025-04-01T08:05:17.289+02:00  INFO 7226 --- [main] j.LocalContainerEntityManagerFactoryBean : Initialized JPA EntityManagerFactory for persistence unit 'default'
2025-04-01T08:05:17.363+02:00  INFO 7226 --- [main] org.mongodb.driver.client                : MongoClient with metadata {"driver": {"name": "mongo-java-driver|sync|spring-boot", "version": "5.0.1"}, "os": {"type": "Darwin", "name": "Mac OS X", "architecture": "aarch64", "version": "14.6.1"}, "platform": "Java/Homebrew/23.0.2"} created with settings MongoClientSettings{readPreference=primary, writeConcern=WriteConcern{w=null, wTimeout=null ms, journal=null}, retryWrites=true, retryReads=true, readConcern=ReadConcern{level=null}, credential=null, transportSettings=null, commandListeners=[], codecRegistry=ProvidersCodecRegistry{codecProviders=[ValueCodecProvider{}, BsonValueCodecProvider{}, DBRefCodecProvider{}, DBObjectCodecProvider{}, DocumentCodecProvider{}, CollectionCodecProvider{}, IterableCodecProvider{}, MapCodecProvider{}, GeoJsonCodecProvider{}, GridFSFileCodecProvider{}, Jsr310CodecProvider{}, JsonObjectCodecProvider{}, BsonCodecProvider{}, EnumCodecProvider{}, com.mongodb.client.model.mql.ExpressionCodecProvider@2f8f40cc, com.mongodb.Jep395RecordCodecProvider@14d81f2c, com.mongodb.KotlinCodecProvider@5dd3727c]}, loggerSettings=LoggerSettings{maxDocumentLength=1000}, clusterSettings={hosts=[localhost:27017], srvServiceName=mongodb, mode=SINGLE, requiredClusterType=UNKNOWN, requiredReplicaSetName='null', serverSelector='null', clusterListeners='[]', serverSelectionTimeout='30000 ms', localThreshold='15 ms'}, socketSettings=SocketSettings{connectTimeoutMS=10000, readTimeoutMS=0, receiveBufferSize=0, proxySettings=ProxySettings{host=null, port=null, username=null, password=null}}, heartbeatSocketSettings=SocketSettings{connectTimeoutMS=10000, readTimeoutMS=10000, receiveBufferSize=0, proxySettings=ProxySettings{host=null, port=null, username=null, password=null}}, connectionPoolSettings=ConnectionPoolSettings{maxSize=100, minSize=0, maxWaitTimeMS=120000, maxConnectionLifeTimeMS=0, maxConnectionIdleTimeMS=0, maintenanceInitialDelayMS=0, maintenanceFrequencyMS=60000, connectionPoolListeners=[], maxConnecting=2}, serverSettings=ServerSettings{heartbeatFrequencyMS=10000, minHeartbeatFrequencyMS=500, serverListeners='[]', serverMonitorListeners='[]'}, sslSettings=SslSettings{enabled=false, invalidHostNameAllowed=false, context=null}, applicationName='null', compressorList=[], uuidRepresentation=JAVA_LEGACY, serverApi=null, autoEncryptionSettings=null, dnsClient=null, inetAddressResolver=null, contextProvider=null}
2025-04-01T08:05:17.382+02:00  INFO 7226 --- [cluster-ClusterId{value='67eb821d8078373a33bc6df0', description='null'}-localhost:27017] org.mongodb.driver.cluster               : Monitor thread successfully connected to server with description ServerDescription{address=localhost:27017, type=STANDALONE, state=CONNECTED, ok=true, minWireVersion=0, maxWireVersion=25, maxDocumentSize=16777216, logicalSessionTimeoutMinutes=30, roundTripTimeNanos=9727708}
2025-04-01T08:05:17.544+02:00  INFO 7226 --- [main] o.j.a.q.k.controller.MemberController    : Total members cazzo found: 7
2025-04-01T08:05:17.608+02:00  WARN 7226 --- [main] JpaBaseConfiguration$JpaWebConfiguration : spring.jpa.open-in-view is enabled by default. Therefore, database queries may be performed during view rendering. Explicitly configure spring.jpa.open-in-view to disable this warning
2025-04-01T08:05:17.620+02:00  INFO 7226 --- [main] o.s.b.a.w.s.WelcomePageHandlerMapping    : Adding welcome page: ServletContext resource [/index.html]
2025-04-01T08:05:17.648+02:00 DEBUG 7226 --- [main] s.w.s.m.m.a.RequestMappingHandlerMapping : 10 mappings in 'requestMappingHandlerMapping'
2025-04-01T08:05:17.687+02:00 DEBUG 7226 --- [main] o.s.w.s.handler.SimpleUrlHandlerMapping  : Patterns [/webjars/**, /**] in 'resourceHandlerMapping'
2025-04-01T08:05:17.704+02:00 DEBUG 7226 --- [main] s.w.s.m.m.a.RequestMappingHandlerAdapter : ControllerAdvice beans: 0 @ModelAttribute, 0 @InitBinder, 1 RequestBodyAdvice, 1 ResponseBodyAdvice
2025-04-01T08:05:17.719+02:00 DEBUG 7226 --- [main] .m.m.a.ExceptionHandlerExceptionResolver : ControllerAdvice beans: 0 @ExceptionHandler, 1 ResponseBodyAdvice
2025-04-01T08:05:17.782+02:00  INFO 7226 --- [main] o.s.b.w.embedded.tomcat.TomcatWebServer  : Tomcat started on port 8080 (http) with context path '/'
2025-04-01T08:05:17.786+02:00  INFO 7226 --- [main] o.j.a.q.kitchensink.Application          : Started Application in 1.707 seconds (process running for 1.876)
2025-04-01T08:05:25.880+02:00  INFO 7226 --- [http-nio-8080-exec-1] o.a.c.c.C.[Tomcat].[localhost].[/]       : Initializing Spring DispatcherServlet 'dispatcherServlet'
2025-04-01T08:05:25.880+02:00  INFO 7226 --- [http-nio-8080-exec-1] o.s.web.servlet.DispatcherServlet        : Initializing Servlet 'dispatcherServlet'
2025-04-01T08:05:25.881+02:00 DEBUG 7226 --- [http-nio-8080-exec-1] o.s.web.servlet.DispatcherServlet        : Detected StandardServletMultipartResolver
2025-04-01T08:05:25.881+02:00 DEBUG 7226 --- [http-nio-8080-exec-1] o.s.web.servlet.DispatcherServlet        : Detected AcceptHeaderLocaleResolver
2025-04-01T08:05:25.881+02:00 DEBUG 7226 --- [http-nio-8080-exec-1] o.s.web.servlet.DispatcherServlet        : Detected FixedThemeResolver
2025-04-01T08:05:25.881+02:00 DEBUG 7226 --- [http-nio-8080-exec-1] o.s.web.servlet.DispatcherServlet        : Detected org.springframework.web.servlet.view.DefaultRequestToViewNameTranslator@1a56f608
2025-04-01T08:05:25.882+02:00 DEBUG 7226 --- [http-nio-8080-exec-1] o.s.web.servlet.DispatcherServlet        : Detected org.springframework.web.servlet.support.SessionFlashMapManager@e2344da
2025-04-01T08:05:25.882+02:00 DEBUG 7226 --- [http-nio-8080-exec-1] o.s.web.servlet.DispatcherServlet        : enableLoggingRequestDetails='false': request parameters and headers will be masked to prevent unsafe logging of potentially sensitive data
2025-04-01T08:05:25.882+02:00  INFO 7226 --- [http-nio-8080-exec-1] o.s.web.servlet.DispatcherServlet        : Completed initialization in 1 ms
2025-04-01T08:05:25.887+02:00 DEBUG 7226 --- [http-nio-8080-exec-1] o.s.web.servlet.DispatcherServlet        : GET "/index", parameters={}
2025-04-01T08:05:25.892+02:00 DEBUG 7226 --- [http-nio-8080-exec-1] s.w.s.m.m.a.RequestMappingHandlerMapping : Mapped to org.jboss.as.quickstarts.kitchensink.controller.HomeController#index(Model)
2025-04-01T08:05:25.933+02:00 DEBUG 7226 --- [http-nio-8080-exec-1] o.s.w.s.v.ContentNegotiatingViewResolver : Selected 'text/html' given [text/html, application/xhtml+xml, image/avif, image/webp, image/apng, application/xml;q=0.9, */*;q=0.8, application/signed-exchange;v=b3;q=0.7]
2025-04-01T08:05:26.084+02:00 DEBUG 7226 --- [http-nio-8080-exec-1] o.s.web.servlet.DispatcherServlet        : Completed 200 OK
2025-04-01T08:05:32.199+02:00 DEBUG 7226 --- [http-nio-8080-exec-2] o.s.web.servlet.DispatcherServlet        : POST "/members/register", parameters={masked}
2025-04-01T08:05:32.201+02:00 DEBUG 7226 --- [http-nio-8080-exec-2] s.w.s.m.m.a.RequestMappingHandlerMapping : Mapped to org.jboss.as.quickstarts.kitchensink.controller.MemberRestController#register(Member, BindingResult, RedirectAttributes)
2025-04-01T08:05:32.216+02:00 DEBUG 7226 --- [http-nio-8080-exec-2] o.s.web.method.HandlerMethod             : Could not resolve parameter [0] in public java.lang.String org.jboss.as.quickstarts.kitchensink.controller.MemberRestController.register(org.jboss.as.quickstarts.kitchensink.model.Member,org.springframework.validation.BindingResult,org.springframework.web.servlet.mvc.support.RedirectAttributes): class org.springframework.web.servlet.mvc.method.annotation.ExtendedServletRequestDataBinder cannot be cast to class org.springframework.web.bind.support.WebRequestDataBinder (org.springframework.web.servlet.mvc.method.annotation.ExtendedServletRequestDataBinder and org.springframework.web.bind.support.WebRequestDataBinder are in unnamed module of loader 'app')
2025-04-01T08:05:32.218+02:00 DEBUG 7226 --- [http-nio-8080-exec-2] o.s.web.servlet.DispatcherServlet        : Failed to complete request: java.lang.ClassCastException: class org.springframework.web.servlet.mvc.method.annotation.ExtendedServletRequestDataBinder cannot be cast to class org.springframework.web.bind.support.WebRequestDataBinder (org.springframework.web.servlet.mvc.method.annotation.ExtendedServletRequestDataBinder and org.springframework.web.bind.support.WebRequestDataBinder are in unnamed module of loader 'app')
2025-04-01T08:05:32.218+02:00 ERROR 7226 --- [http-nio-8080-exec-2] o.a.c.c.C.[.[.[/].[dispatcherServlet]    : Servlet.service() for servlet [dispatcherServlet] in context with path [] threw exception [Request processing failed: java.lang.ClassCastException: class org.springframework.web.servlet.mvc.method.annotation.ExtendedServletRequestDataBinder cannot be cast to class org.springframework.web.bind.support.WebRequestDataBinder (org.springframework.web.servlet.mvc.method.annotation.ExtendedServletRequestDataBinder and org.springframework.web.bind.support.WebRequestDataBinder are in unnamed module of loader 'app')] with root cause

java.lang.ClassCastException: class org.springframework.web.servlet.mvc.method.annotation.ExtendedServletRequestDataBinder cannot be cast to class org.springframework.web.bind.support.WebRequestDataBinder (org.springframework.web.servlet.mvc.method.annotation.ExtendedServletRequestDataBinder and org.springframework.web.bind.support.WebRequestDataBinder are in unnamed module of loader 'app')
	at org.springframework.web.method.annotation.ModelAttributeMethodProcessor.constructAttribute(ModelAttributeMethodProcessor.java:207) ~[spring-web-6.1.11.jar:6.1.11]
	at org.springframework.web.method.annotation.ModelAttributeMethodProcessor.resolveArgument(ModelAttributeMethodProcessor.java:148) ~[spring-web-6.1.11.jar:6.1.11]
	at org.springframework.web.method.support.HandlerMethodArgumentResolverComposite.resolveArgument(HandlerMethodArgumentResolverComposite.java:122) ~[spring-web-6.1.11.jar:6.1.11]
	at org.springframework.web.method.support.InvocableHandlerMethod.getMethodArgumentValues(InvocableHandlerMethod.java:224) ~[spring-web-6.1.11.jar:6.1.11]
	at org.springframework.web.method.support.InvocableHandlerMethod.invokeForRequest(InvocableHandlerMethod.java:178) ~[spring-web-6.1.11.jar:6.1.11]
	at org.springframework.web.servlet.mvc.method.annotation.ServletInvocableHandlerMethod.invokeAndHandle(ServletInvocableHandlerMethod.java:117) ~[spring-webmvc-6.0.0.jar:6.0.0]
	at org.springframework.web.servlet.mvc.method.annotation.RequestMappingHandlerAdapter.invokeHandlerMethod(RequestMappingHandlerAdapter.java:891) ~[spring-webmvc-6.0.0.jar:6.0.0]
	at org.springframework.web.servlet.mvc.method.annotation.RequestMappingHandlerAdapter.handleInternal(RequestMappingHandlerAdapter.java:804) ~[spring-webmvc-6.0.0.jar:6.0.0]
	at org.springframework.web.servlet.mvc.method.AbstractHandlerMethodAdapter.handle(AbstractHandlerMethodAdapter.java:87) ~[spring-webmvc-6.0.0.jar:6.0.0]
	at org.springframework.web.servlet.DispatcherServlet.doDispatch(DispatcherServlet.java:1080) ~[spring-webmvc-6.0.0.jar:6.0.0]
	at org.springframework.web.servlet.DispatcherServlet.doService(DispatcherServlet.java:973) ~[spring-webmvc-6.0.0.jar:6.0.0]
	at org.springframework.web.servlet.FrameworkServlet.processRequest(FrameworkServlet.java:1003) ~[spring-webmvc-6.0.0.jar:6.0.0]
	at org.springframework.web.servlet.FrameworkServlet.doPost(FrameworkServlet.java:906) ~[spring-webmvc-6.0.0.jar:6.0.0]
	at jakarta.servlet.http.HttpServlet.service(HttpServlet.java:590) ~[tomcat-embed-core-10.1.26.jar:10.1.26]
	at org.springframework.web.servlet.FrameworkServlet.service(FrameworkServlet.java:880) ~[spring-webmvc-6.0.0.jar:6.0.0]
	at jakarta.servlet.http.HttpServlet.service(HttpServlet.java:658) ~[tomcat-embed-core-10.1.26.jar:10.1.26]
	at org.apache.catalina.core.ApplicationFilterChain.internalDoFilter(ApplicationFilterChain.java:195) ~[tomcat-embed-core-10.1.26.jar:10.1.26]
	at org.apache.catalina.core.ApplicationFilterChain.doFilter(ApplicationFilterChain.java:140) ~[tomcat-embed-core-10.1.26.jar:10.1.26]
	at org.apache.tomcat.websocket.server.WsFilter.doFilter(WsFilter.java:51) ~[tomcat-embed-websocket-10.1.26.jar:10.1.26]
	at org.apache.catalina.core.ApplicationFilterChain.internalDoFilter(ApplicationFilterChain.java:164) ~[tomcat-embed-core-10.1.26.jar:10.1.26]
	at org.apache.catalina.core.ApplicationFilterChain.doFilter(ApplicationFilterChain.java:140) ~[tomcat-embed-core-10.1.26.jar:10.1.26]
	at org.springframework.web.filter.RequestContextFilter.doFilterInternal(RequestContextFilter.java:100) ~[spring-web-6.1.11.jar:6.1.11]
	at org.springframework.web.filter.OncePerRequestFilter.doFilter(OncePerRequestFilter.java:116) ~[spring-web-6.1.11.jar:6.1.11]
	at org.apache.catalina.core.ApplicationFilterChain.internalDoFilter(ApplicationFilterChain.java:164) ~[tomcat-embed-core-10.1.26.jar:10.1.26]
	at org.apache.catalina.core.ApplicationFilterChain.doFilter(ApplicationFilterChain.java:140) ~[tomcat-embed-core-10.1.26.jar:10.1.26]
	at org.springframework.web.filter.FormContentFilter.doFilterInternal(FormContentFilter.java:93) ~[spring-web-6.1.11.jar:6.1.11]
	at org.springframework.web.filter.OncePerRequestFilter.doFilter(OncePerRequestFilter.java:116) ~[spring-web-6.1.11.jar:6.1.11]
	at org.apache.catalina.core.ApplicationFilterChain.internalDoFilter(ApplicationFilterChain.java:164) ~[tomcat-embed-core-10.1.26.jar:10.1.26]
	at org.apache.catalina.core.ApplicationFilterChain.doFilter(ApplicationFilterChain.java:140) ~[tomcat-embed-core-10.1.26.jar:10.1.26]
	at org.springframework.web.filter.CharacterEncodingFilter.doFilterInternal(CharacterEncodingFilter.java:201) ~[spring-web-6.1.11.jar:6.1.11]
	at org.springframework.web.filter.OncePerRequestFilter.doFilter(OncePerRequestFilter.java:116) ~[spring-web-6.1.11.jar:6.1.11]
	at org.apache.catalina.core.ApplicationFilterChain.internalDoFilter(ApplicationFilterChain.java:164) ~[tomcat-embed-core-10.1.26.jar:10.1.26]
	at org.apache.catalina.core.ApplicationFilterChain.doFilter(ApplicationFilterChain.java:140) ~[tomcat-embed-core-10.1.26.jar:10.1.26]
	at org.apache.catalina.core.StandardWrapperValve.invoke(StandardWrapperValve.java:167) ~[tomcat-embed-core-10.1.26.jar:10.1.26]
	at org.apache.catalina.core.StandardContextValve.invoke(StandardContextValve.java:90) ~[tomcat-embed-core-10.1.26.jar:10.1.26]
	at org.apache.catalina.authenticator.AuthenticatorBase.invoke(AuthenticatorBase.java:483) ~[tomcat-embed-core-10.1.26.jar:10.1.26]
	at org.apache.catalina.core.StandardHostValve.invoke(StandardHostValve.java:115) ~[tomcat-embed-core-10.1.26.jar:10.1.26]
	at org.apache.catalina.valves.ErrorReportValve.invoke(ErrorReportValve.java:93) ~[tomcat-embed-core-10.1.26.jar:10.1.26]
	at org.apache.catalina.core.StandardEngineValve.invoke(StandardEngineValve.java:74) ~[tomcat-embed-core-10.1.26.jar:10.1.26]
	at org.apache.catalina.connector.CoyoteAdapter.service(CoyoteAdapter.java:344) ~[tomcat-embed-core-10.1.26.jar:10.1.26]
	at org.apache.coyote.http11.Http11Processor.service(Http11Processor.java:389) ~[tomcat-embed-core-10.1.26.jar:10.1.26]
	at org.apache.coyote.AbstractProcessorLight.process(AbstractProcessorLight.java:63) ~[tomcat-embed-core-10.1.26.jar:10.1.26]
	at org.apache.coyote.AbstractProtocol$ConnectionHandler.process(AbstractProtocol.java:904) ~[tomcat-embed-core-10.1.26.jar:10.1.26]
	at org.apache.tomcat.util.net.NioEndpoint$SocketProcessor.doRun(NioEndpoint.java:1741) ~[tomcat-embed-core-10.1.26.jar:10.1.26]
	at org.apache.tomcat.util.net.SocketProcessorBase.run(SocketProcessorBase.java:52) ~[tomcat-embed-core-10.1.26.jar:10.1.26]
	at org.apache.tomcat.util.threads.ThreadPoolExecutor.runWorker(ThreadPoolExecutor.java:1190) ~[tomcat-embed-core-10.1.26.jar:10.1.26]
	at org.apache.tomcat.util.threads.ThreadPoolExecutor$Worker.run(ThreadPoolExecutor.java:659) ~[tomcat-embed-core-10.1.26.jar:10.1.26]
	at org.apache.tomcat.util.threads.TaskThread$WrappingRunnable.run(TaskThread.java:63) ~[tomcat-embed-core-10.1.26.jar:10.1.26]
	at java.base/java.lang.Thread.run(Thread.java:1575) ~[na:na]

2025-04-01T08:05:32.223+02:00 DEBUG 7226 --- [http-nio-8080-exec-2] o.s.web.servlet.DispatcherServlet        : "ERROR" dispatch for POST "/error", parameters={masked}
2025-04-01T08:05:32.224+02:00 DEBUG 7226 --- [http-nio-8080-exec-2] s.w.s.m.m.a.RequestMappingHandlerMapping : Mapped to org.springframework.boot.autoconfigure.web.servlet.error.BasicErrorController#errorHtml(HttpServletRequest, HttpServletResponse)
2025-04-01T08:05:32.229+02:00 DEBUG 7226 --- [http-nio-8080-exec-2] o.s.w.s.v.ContentNegotiatingViewResolver : Selected 'text/html' given [text/html, text/html;q=0.8]
2025-04-01T08:05:32.230+02:00 ERROR 7226 --- [http-nio-8080-exec-2] org.thymeleaf.TemplateEngine             : [THYMELEAF][http-nio-8080-exec-2] Exception processing template "error": Error resolving template [error], template might not exist or might not be accessible by any of the configured Template Resolvers

org.thymeleaf.exceptions.TemplateInputException: Error resolving template [error], template might not exist or might not be accessible by any of the configured Template Resolvers
	at org.thymeleaf.engine.TemplateManager.resolveTemplate(TemplateManager.java:869) ~[thymeleaf-3.1.2.RELEASE.jar:3.1.2.RELEASE]
	at org.thymeleaf.engine.TemplateManager.parseAndProcess(TemplateManager.java:607) ~[thymeleaf-3.1.2.RELEASE.jar:3.1.2.RELEASE]
	at org.thymeleaf.TemplateEngine.process(TemplateEngine.java:1103) ~[thymeleaf-3.1.2.RELEASE.jar:3.1.2.RELEASE]
	at org.thymeleaf.TemplateEngine.process(TemplateEngine.java:1077) ~[thymeleaf-3.1.2.RELEASE.jar:3.1.2.RELEASE]
	at org.thymeleaf.spring6.view.ThymeleafView.renderFragment(ThymeleafView.java:372) ~[thymeleaf-spring6-3.1.2.RELEASE.jar:3.1.2.RELEASE]
	at org.thymeleaf.spring6.view.ThymeleafView.render(ThymeleafView.java:192) ~[thymeleaf-spring6-3.1.2.RELEASE.jar:3.1.2.RELEASE]
	at org.springframework.web.servlet.DispatcherServlet.render(DispatcherServlet.java:1414) ~[spring-webmvc-6.0.0.jar:6.0.0]
	at org.springframework.web.servlet.DispatcherServlet.processDispatchResult(DispatcherServlet.java:1158) ~[spring-webmvc-6.0.0.jar:6.0.0]
	at org.springframework.web.servlet.DispatcherServlet.doDispatch(DispatcherServlet.java:1097) ~[spring-webmvc-6.0.0.jar:6.0.0]
	at org.springframework.web.servlet.DispatcherServlet.doService(DispatcherServlet.java:973) ~[spring-webmvc-6.0.0.jar:6.0.0]
	at org.springframework.web.servlet.FrameworkServlet.processRequest(FrameworkServlet.java:1003) ~[spring-webmvc-6.0.0.jar:6.0.0]
	at org.springframework.web.servlet.FrameworkServlet.doPost(FrameworkServlet.java:906) ~[spring-webmvc-6.0.0.jar:6.0.0]
	at jakarta.servlet.http.HttpServlet.service(HttpServlet.java:590) ~[tomcat-embed-core-10.1.26.jar:10.1.26]
	at org.springframework.web.servlet.FrameworkServlet.service(FrameworkServlet.java:880) ~[spring-webmvc-6.0.0.jar:6.0.0]
	at jakarta.servlet.http.HttpServlet.service(HttpServlet.java:658) ~[tomcat-embed-core-10.1.26.jar:10.1.26]
	at org.apache.catalina.core.ApplicationFilterChain.internalDoFilter(ApplicationFilterChain.java:195) ~[tomcat-embed-core-10.1.26.jar:10.1.26]
	at org.apache.catalina.core.ApplicationFilterChain.doFilter(ApplicationFilterChain.java:140) ~[tomcat-embed-core-10.1.26.jar:10.1.26]
	at org.springframework.web.filter.RequestContextFilter.doFilterInternal(RequestContextFilter.java:100) ~[spring-web-6.1.11.jar:6.1.11]
	at org.springframework.web.filter.OncePerRequestFilter.doFilter(OncePerRequestFilter.java:116) ~[spring-web-6.1.11.jar:6.1.11]
	at org.apache.catalina.core.ApplicationFilterChain.internalDoFilter(ApplicationFilterChain.java:164) ~[tomcat-embed-core-10.1.26.jar:10.1.26]
	at org.apache.catalina.core.ApplicationFilterChain.doFilter(ApplicationFilterChain.java:140) ~[tomcat-embed-core-10.1.26.jar:10.1.26]
	at org.springframework.web.filter.OncePerRequestFilter.doFilter(OncePerRequestFilter.java:101) ~[spring-web-6.1.11.jar:6.1.11]
	at org.apache.catalina.core.ApplicationFilterChain.internalDoFilter(ApplicationFilterChain.java:164) ~[tomcat-embed-core-10.1.26.jar:10.1.26]
	at org.apache.catalina.core.ApplicationFilterChain.doFilter(ApplicationFilterChain.java:140) ~[tomcat-embed-core-10.1.26.jar:10.1.26]
	at org.springframework.web.filter.OncePerRequestFilter.doFilter(OncePerRequestFilter.java:101) ~[spring-web-6.1.11.jar:6.1.11]
	at org.apache.catalina.core.ApplicationFilterChain.internalDoFilter(ApplicationFilterChain.java:164) ~[tomcat-embed-core-10.1.26.jar:10.1.26]
	at org.apache.catalina.core.ApplicationFilterChain.doFilter(ApplicationFilterChain.java:140) ~[tomcat-embed-core-10.1.26.jar:10.1.26]
	at org.apache.catalina.core.ApplicationDispatcher.invoke(ApplicationDispatcher.java:632) ~[tomcat-embed-core-10.1.26.jar:10.1.26]
	at org.apache.catalina.core.ApplicationDispatcher.processRequest(ApplicationDispatcher.java:410) ~[tomcat-embed-core-10.1.26.jar:10.1.26]
	at org.apache.catalina.core.ApplicationDispatcher.doForward(ApplicationDispatcher.java:330) ~[tomcat-embed-core-10.1.26.jar:10.1.26]
	at org.apache.catalina.core.ApplicationDispatcher.forward(ApplicationDispatcher.java:267) ~[tomcat-embed-core-10.1.26.jar:10.1.26]
	at org.apache.catalina.core.StandardHostValve.custom(StandardHostValve.java:362) ~[tomcat-embed-core-10.1.26.jar:10.1.26]
	at org.apache.catalina.core.StandardHostValve.status(StandardHostValve.java:222) ~[tomcat-embed-core-10.1.26.jar:10.1.26]
	at org.apache.catalina.core.StandardHostValve.throwable(StandardHostValve.java:308) ~[tomcat-embed-core-10.1.26.jar:10.1.26]
	at org.apache.catalina.core.StandardHostValve.invoke(StandardHostValve.java:149) ~[tomcat-embed-core-10.1.26.jar:10.1.26]
	at org.apache.catalina.valves.ErrorReportValve.invoke(ErrorReportValve.java:93) ~[tomcat-embed-core-10.1.26.jar:10.1.26]
	at org.apache.catalina.core.StandardEngineValve.invoke(StandardEngineValve.java:74) ~[tomcat-embed-core-10.1.26.jar:10.1.26]
	at org.apache.catalina.connector.CoyoteAdapter.service(CoyoteAdapter.java:344) ~[tomcat-embed-core-10.1.26.jar:10.1.26]
	at org.apache.coyote.http11.Http11Processor.service(Http11Processor.java:389) ~[tomcat-embed-core-10.1.26.jar:10.1.26]
	at org.apache.coyote.AbstractProcessorLight.process(AbstractProcessorLight.java:63) ~[tomcat-embed-core-10.1.26.jar:10.1.26]
	at org.apache.coyote.AbstractProtocol$ConnectionHandler.process(AbstractProtocol.java:904) ~[tomcat-embed-core-10.1.26.jar:10.1.26]
	at org.apache.tomcat.util.net.NioEndpoint$SocketProcessor.doRun(NioEndpoint.java:1741) ~[tomcat-embed-core-10.1.26.jar:10.1.26]
	at org.apache.tomcat.util.net.SocketProcessorBase.run(SocketProcessorBase.java:52) ~[tomcat-embed-core-10.1.26.jar:10.1.26]
	at org.apache.tomcat.util.threads.ThreadPoolExecutor.runWorker(ThreadPoolExecutor.java:1190) ~[tomcat-embed-core-10.1.26.jar:10.1.26]
	at org.apache.tomcat.util.threads.ThreadPoolExecutor$Worker.run(ThreadPoolExecutor.java:659) ~[tomcat-embed-core-10.1.26.jar:10.1.26]
	at org.apache.tomcat.util.threads.TaskThread$WrappingRunnable.run(TaskThread.java:63) ~[tomcat-embed-core-10.1.26.jar:10.1.26]
	at java.base/java.lang.Thread.run(Thread.java:1575) ~[na:na]

2025-04-01T08:05:32.231+02:00 DEBUG 7226 --- [http-nio-8080-exec-2] o.s.web.servlet.DispatcherServlet        : Error rendering view [org.thymeleaf.spring6.view.ThymeleafView@6b493549]

org.thymeleaf.exceptions.TemplateInputException: Error resolving template [error], template might not exist or might not be accessible by any of the configured Template Resolvers
	at org.thymeleaf.engine.TemplateManager.resolveTemplate(TemplateManager.java:869) ~[thymeleaf-3.1.2.RELEASE.jar:3.1.2.RELEASE]
	at org.thymeleaf.engine.TemplateManager.parseAndProcess(TemplateManager.java:607) ~[thymeleaf-3.1.2.RELEASE.jar:3.1.2.RELEASE]
	at org.thymeleaf.TemplateEngine.process(TemplateEngine.java:1103) ~[thymeleaf-3.1.2.RELEASE.jar:3.1.2.RELEASE]
	at org.thymeleaf.TemplateEngine.process(TemplateEngine.java:1077) ~[thymeleaf-3.1.2.RELEASE.jar:3.1.2.RELEASE]
	at org.thymeleaf.spring6.view.ThymeleafView.renderFragment(ThymeleafView.java:372) ~[thymeleaf-spring6-3.1.2.RELEASE.jar:3.1.2.RELEASE]
	at org.thymeleaf.spring6.view.ThymeleafView.render(ThymeleafView.java:192) ~[thymeleaf-spring6-3.1.2.RELEASE.jar:3.1.2.RELEASE]
	at org.springframework.web.servlet.DispatcherServlet.render(DispatcherServlet.java:1414) ~[spring-webmvc-6.0.0.jar:6.0.0]
	at org.springframework.web.servlet.DispatcherServlet.processDispatchResult(DispatcherServlet.java:1158) ~[spring-webmvc-6.0.0.jar:6.0.0]
	at org.springframework.web.servlet.DispatcherServlet.doDispatch(DispatcherServlet.java:1097) ~[spring-webmvc-6.0.0.jar:6.0.0]
	at org.springframework.web.servlet.DispatcherServlet.doService(DispatcherServlet.java:973) ~[spring-webmvc-6.0.0.jar:6.0.0]
	at org.springframework.web.servlet.FrameworkServlet.processRequest(FrameworkServlet.java:1003) ~[spring-webmvc-6.0.0.jar:6.0.0]
	at org.springframework.web.servlet.FrameworkServlet.doPost(FrameworkServlet.java:906) ~[spring-webmvc-6.0.0.jar:6.0.0]
	at jakarta.servlet.http.HttpServlet.service(HttpServlet.java:590) ~[tomcat-embed-core-10.1.26.jar:10.1.26]
	at org.springframework.web.servlet.FrameworkServlet.service(FrameworkServlet.java:880) ~[spring-webmvc-6.0.0.jar:6.0.0]
	at jakarta.servlet.http.HttpServlet.service(HttpServlet.java:658) ~[tomcat-embed-core-10.1.26.jar:10.1.26]
	at org.apache.catalina.core.ApplicationFilterChain.internalDoFilter(ApplicationFilterChain.java:195) ~[tomcat-embed-core-10.1.26.jar:10.1.26]
	at org.apache.catalina.core.ApplicationFilterChain.doFilter(ApplicationFilterChain.java:140) ~[tomcat-embed-core-10.1.26.jar:10.1.26]
	at org.springframework.web.filter.RequestContextFilter.doFilterInternal(RequestContextFilter.java:100) ~[spring-web-6.1.11.jar:6.1.11]
	at org.springframework.web.filter.OncePerRequestFilter.doFilter(OncePerRequestFilter.java:116) ~[spring-web-6.1.11.jar:6.1.11]
	at org.apache.catalina.core.ApplicationFilterChain.internalDoFilter(ApplicationFilterChain.java:164) ~[tomcat-embed-core-10.1.26.jar:10.1.26]
	at org.apache.catalina.core.ApplicationFilterChain.doFilter(ApplicationFilterChain.java:140) ~[tomcat-embed-core-10.1.26.jar:10.1.26]
	at org.springframework.web.filter.OncePerRequestFilter.doFilter(OncePerRequestFilter.java:101) ~[spring-web-6.1.11.jar:6.1.11]
	at org.apache.catalina.core.ApplicationFilterChain.internalDoFilter(ApplicationFilterChain.java:164) ~[tomcat-embed-core-10.1.26.jar:10.1.26]
	at org.apache.catalina.core.ApplicationFilterChain.doFilter(ApplicationFilterChain.java:140) ~[tomcat-embed-core-10.1.26.jar:10.1.26]
	at org.springframework.web.filter.OncePerRequestFilter.doFilter(OncePerRequestFilter.java:101) ~[spring-web-6.1.11.jar:6.1.11]
	at org.apache.catalina.core.ApplicationFilterChain.internalDoFilter(ApplicationFilterChain.java:164) ~[tomcat-embed-core-10.1.26.jar:10.1.26]
	at org.apache.catalina.core.ApplicationFilterChain.doFilter(ApplicationFilterChain.java:140) ~[tomcat-embed-core-10.1.26.jar:10.1.26]
	at org.apache.catalina.core.ApplicationDispatcher.invoke(ApplicationDispatcher.java:632) ~[tomcat-embed-core-10.1.26.jar:10.1.26]
	at org.apache.catalina.core.ApplicationDispatcher.processRequest(ApplicationDispatcher.java:410) ~[tomcat-embed-core-10.1.26.jar:10.1.26]
	at org.apache.catalina.core.ApplicationDispatcher.doForward(ApplicationDispatcher.java:330) ~[tomcat-embed-core-10.1.26.jar:10.1.26]
	at org.apache.catalina.core.ApplicationDispatcher.forward(ApplicationDispatcher.java:267) ~[tomcat-embed-core-10.1.26.jar:10.1.26]
	at org.apache.catalina.core.StandardHostValve.custom(StandardHostValve.java:362) ~[tomcat-embed-core-10.1.26.jar:10.1.26]
	at org.apache.catalina.core.StandardHostValve.status(StandardHostValve.java:222) ~[tomcat-embed-core-10.1.26.jar:10.1.26]
	at org.apache.catalina.core.StandardHostValve.throwable(StandardHostValve.java:308) ~[tomcat-embed-core-10.1.26.jar:10.1.26]
	at org.apache.catalina.core.StandardHostValve.invoke(StandardHostValve.java:149) ~[tomcat-embed-core-10.1.26.jar:10.1.26]
	at org.apache.catalina.valves.ErrorReportValve.invoke(ErrorReportValve.java:93) ~[tomcat-embed-core-10.1.26.jar:10.1.26]
	at org.apache.catalina.core.StandardEngineValve.invoke(StandardEngineValve.java:74) ~[tomcat-embed-core-10.1.26.jar:10.1.26]
	at org.apache.catalina.connector.CoyoteAdapter.service(CoyoteAdapter.java:344) ~[tomcat-embed-core-10.1.26.jar:10.1.26]
	at org.apache.coyote.http11.Http11Processor.service(Http11Processor.java:389) ~[tomcat-embed-core-10.1.26.jar:10.1.26]
	at org.apache.coyote.AbstractProcessorLight.process(AbstractProcessorLight.java:63) ~[tomcat-embed-core-10.1.26.jar:10.1.26]
	at org.apache.coyote.AbstractProtocol$ConnectionHandler.process(AbstractProtocol.java:904) ~[tomcat-embed-core-10.1.26.jar:10.1.26]
	at org.apache.tomcat.util.net.NioEndpoint$SocketProcessor.doRun(NioEndpoint.java:1741) ~[tomcat-embed-core-10.1.26.jar:10.1.26]
	at org.apache.tomcat.util.net.SocketProcessorBase.run(SocketProcessorBase.java:52) ~[tomcat-embed-core-10.1.26.jar:10.1.26]
	at org.apache.tomcat.util.threads.ThreadPoolExecutor.runWorker(ThreadPoolExecutor.java:1190) ~[tomcat-embed-core-10.1.26.jar:10.1.26]
	at org.apache.tomcat.util.threads.ThreadPoolExecutor$Worker.run(ThreadPoolExecutor.java:659) ~[tomcat-embed-core-10.1.26.jar:10.1.26]
	at org.apache.tomcat.util.threads.TaskThread$WrappingRunnable.run(TaskThread.java:63) ~[tomcat-embed-core-10.1.26.jar:10.1.26]
	at java.base/java.lang.Thread.run(Thread.java:1575) ~[na:na]

2025-04-01T08:05:32.232+02:00 DEBUG 7226 --- [http-nio-8080-exec-2] o.s.web.servlet.DispatcherServlet        : Unresolved failure from "ERROR" dispatch: org.thymeleaf.exceptions.TemplateInputException: Error resolving template [error], template might not exist or might not be accessible by any of the configured Template Resolvers
2025-04-01T08:05:32.232+02:00 ERROR 7226 --- [http-nio-8080-exec-2] o.a.c.c.C.[.[.[/].[dispatcherServlet]    : Servlet.service() for servlet [dispatcherServlet] threw exception

org.thymeleaf.exceptions.TemplateInputException: Error resolving template [error], template might not exist or might not be accessible by any of the configured Template Resolvers
	at org.thymeleaf.engine.TemplateManager.resolveTemplate(TemplateManager.java:869) ~[thymeleaf-3.1.2.RELEASE.jar:3.1.2.RELEASE]
	at org.thymeleaf.engine.TemplateManager.parseAndProcess(TemplateManager.java:607) ~[thymeleaf-3.1.2.RELEASE.jar:3.1.2.RELEASE]
	at org.thymeleaf.TemplateEngine.process(TemplateEngine.java:1103) ~[thymeleaf-3.1.2.RELEASE.jar:3.1.2.RELEASE]
	at org.thymeleaf.TemplateEngine.process(TemplateEngine.java:1077) ~[thymeleaf-3.1.2.RELEASE.jar:3.1.2.RELEASE]
	at org.thymeleaf.spring6.view.ThymeleafView.renderFragment(ThymeleafView.java:372) ~[thymeleaf-spring6-3.1.2.RELEASE.jar:3.1.2.RELEASE]
	at org.thymeleaf.spring6.view.ThymeleafView.render(ThymeleafView.java:192) ~[thymeleaf-spring6-3.1.2.RELEASE.jar:3.1.2.RELEASE]
	at org.springframework.web.servlet.DispatcherServlet.render(DispatcherServlet.java:1414) ~[spring-webmvc-6.0.0.jar:6.0.0]
	at org.springframework.web.servlet.DispatcherServlet.processDispatchResult(DispatcherServlet.java:1158) ~[spring-webmvc-6.0.0.jar:6.0.0]
	at org.springframework.web.servlet.DispatcherServlet.doDispatch(DispatcherServlet.java:1097) ~[spring-webmvc-6.0.0.jar:6.0.0]
	at org.springframework.web.servlet.DispatcherServlet.doService(DispatcherServlet.java:973) ~[spring-webmvc-6.0.0.jar:6.0.0]
	at org.springframework.web.servlet.FrameworkServlet.processRequest(FrameworkServlet.java:1003) ~[spring-webmvc-6.0.0.jar:6.0.0]
	at org.springframework.web.servlet.FrameworkServlet.doPost(FrameworkServlet.java:906) ~[spring-webmvc-6.0.0.jar:6.0.0]
	at jakarta.servlet.http.HttpServlet.service(HttpServlet.java:590) ~[tomcat-embed-core-10.1.26.jar:10.1.26]
	at org.springframework.web.servlet.FrameworkServlet.service(FrameworkServlet.java:880) ~[spring-webmvc-6.0.0.jar:6.0.0]
	at jakarta.servlet.http.HttpServlet.service(HttpServlet.java:658) ~[tomcat-embed-core-10.1.26.jar:10.1.26]
	at org.apache.catalina.core.ApplicationFilterChain.internalDoFilter(ApplicationFilterChain.java:195) ~[tomcat-embed-core-10.1.26.jar:10.1.26]
	at org.apache.catalina.core.ApplicationFilterChain.doFilter(ApplicationFilterChain.java:140) ~[tomcat-embed-core-10.1.26.jar:10.1.26]
	at org.springframework.web.filter.RequestContextFilter.doFilterInternal(RequestContextFilter.java:100) ~[spring-web-6.1.11.jar:6.1.11]
	at org.springframework.web.filter.OncePerRequestFilter.doFilter(OncePerRequestFilter.java:116) ~[spring-web-6.1.11.jar:6.1.11]
	at org.apache.catalina.core.ApplicationFilterChain.internalDoFilter(ApplicationFilterChain.java:164) ~[tomcat-embed-core-10.1.26.jar:10.1.26]
	at org.apache.catalina.core.ApplicationFilterChain.doFilter(ApplicationFilterChain.java:140) ~[tomcat-embed-core-10.1.26.jar:10.1.26]
	at org.springframework.web.filter.OncePerRequestFilter.doFilter(OncePerRequestFilter.java:101) ~[spring-web-6.1.11.jar:6.1.11]
	at org.apache.catalina.core.ApplicationFilterChain.internalDoFilter(ApplicationFilterChain.java:164) ~[tomcat-embed-core-10.1.26.jar:10.1.26]
	at org.apache.catalina.core.ApplicationFilterChain.doFilter(ApplicationFilterChain.java:140) ~[tomcat-embed-core-10.1.26.jar:10.1.26]
	at org.springframework.web.filter.OncePerRequestFilter.doFilter(OncePerRequestFilter.java:101) ~[spring-web-6.1.11.jar:6.1.11]
	at org.apache.catalina.core.ApplicationFilterChain.internalDoFilter(ApplicationFilterChain.java:164) ~[tomcat-embed-core-10.1.26.jar:10.1.26]
	at org.apache.catalina.core.ApplicationFilterChain.doFilter(ApplicationFilterChain.java:140) ~[tomcat-embed-core-10.1.26.jar:10.1.26]
	at org.apache.catalina.core.ApplicationDispatcher.invoke(ApplicationDispatcher.java:632) ~[tomcat-embed-core-10.1.26.jar:10.1.26]
	at org.apache.catalina.core.ApplicationDispatcher.processRequest(ApplicationDispatcher.java:410) ~[tomcat-embed-core-10.1.26.jar:10.1.26]
	at org.apache.catalina.core.ApplicationDispatcher.doForward(ApplicationDispatcher.java:330) ~[tomcat-embed-core-10.1.26.jar:10.1.26]
	at org.apache.catalina.core.ApplicationDispatcher.forward(ApplicationDispatcher.java:267) ~[tomcat-embed-core-10.1.26.jar:10.1.26]
	at org.apache.catalina.core.StandardHostValve.custom(StandardHostValve.java:362) ~[tomcat-embed-core-10.1.26.jar:10.1.26]
	at org.apache.catalina.core.StandardHostValve.status(StandardHostValve.java:222) ~[tomcat-embed-core-10.1.26.jar:10.1.26]
	at org.apache.catalina.core.StandardHostValve.throwable(StandardHostValve.java:308) ~[tomcat-embed-core-10.1.26.jar:10.1.26]
	at org.apache.catalina.core.StandardHostValve.invoke(StandardHostValve.java:149) ~[tomcat-embed-core-10.1.26.jar:10.1.26]
	at org.apache.catalina.valves.ErrorReportValve.invoke(ErrorReportValve.java:93) ~[tomcat-embed-core-10.1.26.jar:10.1.26]
	at org.apache.catalina.core.StandardEngineValve.invoke(StandardEngineValve.java:74) ~[tomcat-embed-core-10.1.26.jar:10.1.26]
	at org.apache.catalina.connector.CoyoteAdapter.service(CoyoteAdapter.java:344) ~[tomcat-embed-core-10.1.26.jar:10.1.26]
	at org.apache.coyote.http11.Http11Processor.service(Http11Processor.java:389) ~[tomcat-embed-core-10.1.26.jar:10.1.26]
	at org.apache.coyote.AbstractProcessorLight.process(AbstractProcessorLight.java:63) ~[tomcat-embed-core-10.1.26.jar:10.1.26]
	at org.apache.coyote.AbstractProtocol$ConnectionHandler.process(AbstractProtocol.java:904) ~[tomcat-embed-core-10.1.26.jar:10.1.26]
	at org.apache.tomcat.util.net.NioEndpoint$SocketProcessor.doRun(NioEndpoint.java:1741) ~[tomcat-embed-core-10.1.26.jar:10.1.26]
	at org.apache.tomcat.util.net.SocketProcessorBase.run(SocketProcessorBase.java:52) ~[tomcat-embed-core-10.1.26.jar:10.1.26]
	at org.apache.tomcat.util.threads.ThreadPoolExecutor.runWorker(ThreadPoolExecutor.java:1190) ~[tomcat-embed-core-10.1.26.jar:10.1.26]
	at org.apache.tomcat.util.threads.ThreadPoolExecutor$Worker.run(ThreadPoolExecutor.java:659) ~[tomcat-embed-core-10.1.26.jar:10.1.26]
	at org.apache.tomcat.util.threads.TaskThread$WrappingRunnable.run(TaskThread.java:63) ~[tomcat-embed-core-10.1.26.jar:10.1.26]
	at java.base/java.lang.Thread.run(Thread.java:1575) ~[na:na]

2025-04-01T08:05:32.233+02:00 ERROR 7226 --- [http-nio-8080-exec-2] o.a.c.c.C.[Tomcat].[localhost]           : Exception Processing [ErrorPage[errorCode=0, location=/error]]

jakarta.servlet.ServletException: Request processing failed: org.thymeleaf.exceptions.TemplateInputException: Error resolving template [error], template might not exist or might not be accessible by any of the configured Template Resolvers
	at org.springframework.web.servlet.FrameworkServlet.processRequest(FrameworkServlet.java:1011) ~[spring-webmvc-6.0.0.jar:6.0.0]
	at org.springframework.web.servlet.FrameworkServlet.doPost(FrameworkServlet.java:906) ~[spring-webmvc-6.0.0.jar:6.0.0]
	at jakarta.servlet.http.HttpServlet.service(HttpServlet.java:590) ~[tomcat-embed-core-10.1.26.jar:10.1.26]
	at org.springframework.web.servlet.FrameworkServlet.service(FrameworkServlet.java:880) ~[spring-webmvc-6.0.0.jar:6.0.0]
	at jakarta.servlet.http.HttpServlet.service(HttpServlet.java:658) ~[tomcat-embed-core-10.1.26.jar:10.1.26]
	at org.apache.catalina.core.ApplicationFilterChain.internalDoFilter(ApplicationFilterChain.java:195) ~[tomcat-embed-core-10.1.26.jar:10.1.26]
	at org.apache.catalina.core.ApplicationFilterChain.doFilter(ApplicationFilterChain.java:140) ~[tomcat-embed-core-10.1.26.jar:10.1.26]
	at org.springframework.web.filter.RequestContextFilter.doFilterInternal(RequestContextFilter.java:100) ~[spring-web-6.1.11.jar:6.1.11]
	at org.springframework.web.filter.OncePerRequestFilter.doFilter(OncePerRequestFilter.java:116) ~[spring-web-6.1.11.jar:6.1.11]
	at org.apache.catalina.core.ApplicationFilterChain.internalDoFilter(ApplicationFilterChain.java:164) ~[tomcat-embed-core-10.1.26.jar:10.1.26]
	at org.apache.catalina.core.ApplicationFilterChain.doFilter(ApplicationFilterChain.java:140) ~[tomcat-embed-core-10.1.26.jar:10.1.26]
	at org.springframework.web.filter.OncePerRequestFilter.doFilter(OncePerRequestFilter.java:101) ~[spring-web-6.1.11.jar:6.1.11]
	at org.apache.catalina.core.ApplicationFilterChain.internalDoFilter(ApplicationFilterChain.java:164) ~[tomcat-embed-core-10.1.26.jar:10.1.26]
	at org.apache.catalina.core.ApplicationFilterChain.doFilter(ApplicationFilterChain.java:140) ~[tomcat-embed-core-10.1.26.jar:10.1.26]
	at org.springframework.web.filter.OncePerRequestFilter.doFilter(OncePerRequestFilter.java:101) ~[spring-web-6.1.11.jar:6.1.11]
	at org.apache.catalina.core.ApplicationFilterChain.internalDoFilter(ApplicationFilterChain.java:164) ~[tomcat-embed-core-10.1.26.jar:10.1.26]
	at org.apache.catalina.core.ApplicationFilterChain.doFilter(ApplicationFilterChain.java:140) ~[tomcat-embed-core-10.1.26.jar:10.1.26]
	at org.apache.catalina.core.ApplicationDispatcher.invoke(ApplicationDispatcher.java:632) ~[tomcat-embed-core-10.1.26.jar:10.1.26]
	at org.apache.catalina.core.ApplicationDispatcher.processRequest(ApplicationDispatcher.java:410) ~[tomcat-embed-core-10.1.26.jar:10.1.26]
	at org.apache.catalina.core.ApplicationDispatcher.doForward(ApplicationDispatcher.java:330) ~[tomcat-embed-core-10.1.26.jar:10.1.26]
	at org.apache.catalina.core.ApplicationDispatcher.forward(ApplicationDispatcher.java:267) ~[tomcat-embed-core-10.1.26.jar:10.1.26]
	at org.apache.catalina.core.StandardHostValve.custom(StandardHostValve.java:362) ~[tomcat-embed-core-10.1.26.jar:10.1.26]
	at org.apache.catalina.core.StandardHostValve.status(StandardHostValve.java:222) ~[tomcat-embed-core-10.1.26.jar:10.1.26]
	at org.apache.catalina.core.StandardHostValve.throwable(StandardHostValve.java:308) ~[tomcat-embed-core-10.1.26.jar:10.1.26]
	at org.apache.catalina.core.StandardHostValve.invoke(StandardHostValve.java:149) ~[tomcat-embed-core-10.1.26.jar:10.1.26]
	at org.apache.catalina.valves.ErrorReportValve.invoke(ErrorReportValve.java:93) ~[tomcat-embed-core-10.1.26.jar:10.1.26]
	at org.apache.catalina.core.StandardEngineValve.invoke(StandardEngineValve.java:74) ~[tomcat-embed-core-10.1.26.jar:10.1.26]
	at org.apache.catalina.connector.CoyoteAdapter.service(CoyoteAdapter.java:344) ~[tomcat-embed-core-10.1.26.jar:10.1.26]
	at org.apache.coyote.http11.Http11Processor.service(Http11Processor.java:389) ~[tomcat-embed-core-10.1.26.jar:10.1.26]
	at org.apache.coyote.AbstractProcessorLight.process(AbstractProcessorLight.java:63) ~[tomcat-embed-core-10.1.26.jar:10.1.26]
	at org.apache.coyote.AbstractProtocol$ConnectionHandler.process(AbstractProtocol.java:904) ~[tomcat-embed-core-10.1.26.jar:10.1.26]
	at org.apache.tomcat.util.net.NioEndpoint$SocketProcessor.doRun(NioEndpoint.java:1741) ~[tomcat-embed-core-10.1.26.jar:10.1.26]
	at org.apache.tomcat.util.net.SocketProcessorBase.run(SocketProcessorBase.java:52) ~[tomcat-embed-core-10.1.26.jar:10.1.26]
	at org.apache.tomcat.util.threads.ThreadPoolExecutor.runWorker(ThreadPoolExecutor.java:1190) ~[tomcat-embed-core-10.1.26.jar:10.1.26]
	at org.apache.tomcat.util.threads.ThreadPoolExecutor$Worker.run(ThreadPoolExecutor.java:659) ~[tomcat-embed-core-10.1.26.jar:10.1.26]
	at org.apache.tomcat.util.threads.TaskThread$WrappingRunnable.run(TaskThread.java:63) ~[tomcat-embed-core-10.1.26.jar:10.1.26]
	at java.base/java.lang.Thread.run(Thread.java:1575) ~[na:na]
Caused by: org.thymeleaf.exceptions.TemplateInputException: Error resolving template [error], template might not exist or might not be accessible by any of the configured Template Resolvers
	at org.thymeleaf.engine.TemplateManager.resolveTemplate(TemplateManager.java:869) ~[thymeleaf-3.1.2.RELEASE.jar:3.1.2.RELEASE]
	at org.thymeleaf.engine.TemplateManager.parseAndProcess(TemplateManager.java:607) ~[thymeleaf-3.1.2.RELEASE.jar:3.1.2.RELEASE]
	at org.thymeleaf.TemplateEngine.process(TemplateEngine.java:1103) ~[thymeleaf-3.1.2.RELEASE.jar:3.1.2.RELEASE]
	at org.thymeleaf.TemplateEngine.process(TemplateEngine.java:1077) ~[thymeleaf-3.1.2.RELEASE.jar:3.1.2.RELEASE]
	at org.thymeleaf.spring6.view.ThymeleafView.renderFragment(ThymeleafView.java:372) ~[thymeleaf-spring6-3.1.2.RELEASE.jar:3.1.2.RELEASE]
	at org.thymeleaf.spring6.view.ThymeleafView.render(ThymeleafView.java:192) ~[thymeleaf-spring6-3.1.2.RELEASE.jar:3.1.2.RELEASE]
	at org.springframework.web.servlet.DispatcherServlet.render(DispatcherServlet.java:1414) ~[spring-webmvc-6.0.0.jar:6.0.0]
	at org.springframework.web.servlet.DispatcherServlet.processDispatchResult(DispatcherServlet.java:1158) ~[spring-webmvc-6.0.0.jar:6.0.0]
	at org.springframework.web.servlet.DispatcherServlet.doDispatch(DispatcherServlet.java:1097) ~[spring-webmvc-6.0.0.jar:6.0.0]
	at org.springframework.web.servlet.DispatcherServlet.doService(DispatcherServlet.java:973) ~[spring-webmvc-6.0.0.jar:6.0.0]
	at org.springframework.web.servlet.FrameworkServlet.processRequest(FrameworkServlet.java:1003) ~[spring-webmvc-6.0.0.jar:6.0.0]
	... 36 common frames omitted

2025-04-01T08:07:29.411+02:00 DEBUG 7226 --- [http-nio-8080-exec-3] o.s.web.servlet.DispatcherServlet        : GET "/members/allMembers", parameters={}
2025-04-01T08:07:29.412+02:00 DEBUG 7226 --- [http-nio-8080-exec-3] s.w.s.m.m.a.RequestMappingHandlerMapping : Mapped to org.jboss.as.quickstarts.kitchensink.controller.MemberRestController#getAllMembers()
2025-04-01T08:07:29.420+02:00 DEBUG 7226 --- [http-nio-8080-exec-3] o.s.w.s.v.ContentNegotiatingViewResolver : View remains unresolved given [application/json]
2025-04-01T08:07:29.421+02:00 ERROR 7226 --- [http-nio-8080-exec-3] org.thymeleaf.TemplateEngine             : [THYMELEAF][http-nio-8080-exec-3] Exception processing template "members/allMembers": Error resolving template [members/allMembers], template might not exist or might not be accessible by any of the configured Template Resolvers

org.thymeleaf.exceptions.TemplateInputException: Error resolving template [members/allMembers], template might not exist or might not be accessible by any of the configured Template Resolvers
	at org.thymeleaf.engine.TemplateManager.resolveTemplate(TemplateManager.java:869) ~[thymeleaf-3.1.2.RELEASE.jar:3.1.2.RELEASE]
	at org.thymeleaf.engine.TemplateManager.parseAndProcess(TemplateManager.java:607) ~[thymeleaf-3.1.2.RELEASE.jar:3.1.2.RELEASE]
	at org.thymeleaf.TemplateEngine.process(TemplateEngine.java:1103) ~[thymeleaf-3.1.2.RELEASE.jar:3.1.2.RELEASE]
	at org.thymeleaf.TemplateEngine.process(TemplateEngine.java:1077) ~[thymeleaf-3.1.2.RELEASE.jar:3.1.2.RELEASE]
	at org.thymeleaf.spring6.view.ThymeleafView.renderFragment(ThymeleafView.java:372) ~[thymeleaf-spring6-3.1.2.RELEASE.jar:3.1.2.RELEASE]
	at org.thymeleaf.spring6.view.ThymeleafView.render(ThymeleafView.java:192) ~[thymeleaf-spring6-3.1.2.RELEASE.jar:3.1.2.RELEASE]
	at org.springframework.web.servlet.DispatcherServlet.render(DispatcherServlet.java:1414) ~[spring-webmvc-6.0.0.jar:6.0.0]
	at org.springframework.web.servlet.DispatcherServlet.processDispatchResult(DispatcherServlet.java:1158) ~[spring-webmvc-6.0.0.jar:6.0.0]
	at org.springframework.web.servlet.DispatcherServlet.doDispatch(DispatcherServlet.java:1097) ~[spring-webmvc-6.0.0.jar:6.0.0]
	at org.springframework.web.servlet.DispatcherServlet.doService(DispatcherServlet.java:973) ~[spring-webmvc-6.0.0.jar:6.0.0]
	at org.springframework.web.servlet.FrameworkServlet.processRequest(FrameworkServlet.java:1003) ~[spring-webmvc-6.0.0.jar:6.0.0]
	at org.springframework.web.servlet.FrameworkServlet.doGet(FrameworkServlet.java:895) ~[spring-webmvc-6.0.0.jar:6.0.0]
	at jakarta.servlet.http.HttpServlet.service(HttpServlet.java:564) ~[tomcat-embed-core-10.1.26.jar:10.1.26]
	at org.springframework.web.servlet.FrameworkServlet.service(FrameworkServlet.java:880) ~[spring-webmvc-6.0.0.jar:6.0.0]
	at jakarta.servlet.http.HttpServlet.service(HttpServlet.java:658) ~[tomcat-embed-core-10.1.26.jar:10.1.26]
	at org.apache.catalina.core.ApplicationFilterChain.internalDoFilter(ApplicationFilterChain.java:195) ~[tomcat-embed-core-10.1.26.jar:10.1.26]
	at org.apache.catalina.core.ApplicationFilterChain.doFilter(ApplicationFilterChain.java:140) ~[tomcat-embed-core-10.1.26.jar:10.1.26]
	at org.apache.tomcat.websocket.server.WsFilter.doFilter(WsFilter.java:51) ~[tomcat-embed-websocket-10.1.26.jar:10.1.26]
	at org.apache.catalina.core.ApplicationFilterChain.internalDoFilter(ApplicationFilterChain.java:164) ~[tomcat-embed-core-10.1.26.jar:10.1.26]
	at org.apache.catalina.core.ApplicationFilterChain.doFilter(ApplicationFilterChain.java:140) ~[tomcat-embed-core-10.1.26.jar:10.1.26]
	at org.springframework.web.filter.RequestContextFilter.doFilterInternal(RequestContextFilter.java:100) ~[spring-web-6.1.11.jar:6.1.11]
	at org.springframework.web.filter.OncePerRequestFilter.doFilter(OncePerRequestFilter.java:116) ~[spring-web-6.1.11.jar:6.1.11]
	at org.apache.catalina.core.ApplicationFilterChain.internalDoFilter(ApplicationFilterChain.java:164) ~[tomcat-embed-core-10.1.26.jar:10.1.26]
	at org.apache.catalina.core.ApplicationFilterChain.doFilter(ApplicationFilterChain.java:140) ~[tomcat-embed-core-10.1.26.jar:10.1.26]
	at org.springframework.web.filter.FormContentFilter.doFilterInternal(FormContentFilter.java:93) ~[spring-web-6.1.11.jar:6.1.11]
	at org.springframework.web.filter.OncePerRequestFilter.doFilter(OncePerRequestFilter.java:116) ~[spring-web-6.1.11.jar:6.1.11]
	at org.apache.catalina.core.ApplicationFilterChain.internalDoFilter(ApplicationFilterChain.java:164) ~[tomcat-embed-core-10.1.26.jar:10.1.26]
	at org.apache.catalina.core.ApplicationFilterChain.doFilter(ApplicationFilterChain.java:140) ~[tomcat-embed-core-10.1.26.jar:10.1.26]
	at org.springframework.web.filter.CharacterEncodingFilter.doFilterInternal(CharacterEncodingFilter.java:201) ~[spring-web-6.1.11.jar:6.1.11]
	at org.springframework.web.filter.OncePerRequestFilter.doFilter(OncePerRequestFilter.java:116) ~[spring-web-6.1.11.jar:6.1.11]
	at org.apache.catalina.core.ApplicationFilterChain.internalDoFilter(ApplicationFilterChain.java:164) ~[tomcat-embed-core-10.1.26.jar:10.1.26]
	at org.apache.catalina.core.ApplicationFilterChain.doFilter(ApplicationFilterChain.java:140) ~[tomcat-embed-core-10.1.26.jar:10.1.26]
	at org.apache.catalina.core.StandardWrapperValve.invoke(StandardWrapperValve.java:167) ~[tomcat-embed-core-10.1.26.jar:10.1.26]
	at org.apache.catalina.core.StandardContextValve.invoke(StandardContextValve.java:90) ~[tomcat-embed-core-10.1.26.jar:10.1.26]
	at org.apache.catalina.authenticator.AuthenticatorBase.invoke(AuthenticatorBase.java:483) ~[tomcat-embed-core-10.1.26.jar:10.1.26]
	at org.apache.catalina.core.StandardHostValve.invoke(StandardHostValve.java:115) ~[tomcat-embed-core-10.1.26.jar:10.1.26]
	at org.apache.catalina.valves.ErrorReportValve.invoke(ErrorReportValve.java:93) ~[tomcat-embed-core-10.1.26.jar:10.1.26]
	at org.apache.catalina.core.StandardEngineValve.invoke(StandardEngineValve.java:74) ~[tomcat-embed-core-10.1.26.jar:10.1.26]
	at org.apache.catalina.connector.CoyoteAdapter.service(CoyoteAdapter.java:344) ~[tomcat-embed-core-10.1.26.jar:10.1.26]
	at org.apache.coyote.http11.Http11Processor.service(Http11Processor.java:389) ~[tomcat-embed-core-10.1.26.jar:10.1.26]
	at org.apache.coyote.AbstractProcessorLight.process(AbstractProcessorLight.java:63) ~[tomcat-embed-core-10.1.26.jar:10.1.26]
	at org.apache.coyote.AbstractProtocol$ConnectionHandler.process(AbstractProtocol.java:904) ~[tomcat-embed-core-10.1.26.jar:10.1.26]
	at org.apache.tomcat.util.net.NioEndpoint$SocketProcessor.doRun(NioEndpoint.java:1741) ~[tomcat-embed-core-10.1.26.jar:10.1.26]
	at org.apache.tomcat.util.net.SocketProcessorBase.run(SocketProcessorBase.java:52) ~[tomcat-embed-core-10.1.26.jar:10.1.26]
	at org.apache.tomcat.util.threads.ThreadPoolExecutor.runWorker(ThreadPoolExecutor.java:1190) ~[tomcat-embed-core-10.1.26.jar:10.1.26]
	at org.apache.tomcat.util.threads.ThreadPoolExecutor$Worker.run(ThreadPoolExecutor.java:659) ~[tomcat-embed-core-10.1.26.jar:10.1.26]
	at org.apache.tomcat.util.threads.TaskThread$WrappingRunnable.run(TaskThread.java:63) ~[tomcat-embed-core-10.1.26.jar:10.1.26]
	at java.base/java.lang.Thread.run(Thread.java:1575) ~[na:na]

2025-04-01T08:07:29.426+02:00 DEBUG 7226 --- [http-nio-8080-exec-3] o.s.web.servlet.DispatcherServlet        : Error rendering view [org.thymeleaf.spring6.view.ThymeleafView@1fdf3670]

org.thymeleaf.exceptions.TemplateInputException: Error resolving template [members/allMembers], template might not exist or might not be accessible by any of the configured Template Resolvers
	at org.thymeleaf.engine.TemplateManager.resolveTemplate(TemplateManager.java:869) ~[thymeleaf-3.1.2.RELEASE.jar:3.1.2.RELEASE]
	at org.thymeleaf.engine.TemplateManager.parseAndProcess(TemplateManager.java:607) ~[thymeleaf-3.1.2.RELEASE.jar:3.1.2.RELEASE]
	at org.thymeleaf.TemplateEngine.process(TemplateEngine.java:1103) ~[thymeleaf-3.1.2.RELEASE.jar:3.1.2.RELEASE]
	at org.thymeleaf.TemplateEngine.process(TemplateEngine.java:1077) ~[thymeleaf-3.1.2.RELEASE.jar:3.1.2.RELEASE]
	at org.thymeleaf.spring6.view.ThymeleafView.renderFragment(ThymeleafView.java:372) ~[thymeleaf-spring6-3.1.2.RELEASE.jar:3.1.2.RELEASE]
	at org.thymeleaf.spring6.view.ThymeleafView.render(ThymeleafView.java:192) ~[thymeleaf-spring6-3.1.2.RELEASE.jar:3.1.2.RELEASE]
	at org.springframework.web.servlet.DispatcherServlet.render(DispatcherServlet.java:1414) ~[spring-webmvc-6.0.0.jar:6.0.0]
	at org.springframework.web.servlet.DispatcherServlet.processDispatchResult(DispatcherServlet.java:1158) ~[spring-webmvc-6.0.0.jar:6.0.0]
	at org.springframework.web.servlet.DispatcherServlet.doDispatch(DispatcherServlet.java:1097) ~[spring-webmvc-6.0.0.jar:6.0.0]
	at org.springframework.web.servlet.DispatcherServlet.doService(DispatcherServlet.java:973) ~[spring-webmvc-6.0.0.jar:6.0.0]
	at org.springframework.web.servlet.FrameworkServlet.processRequest(FrameworkServlet.java:1003) ~[spring-webmvc-6.0.0.jar:6.0.0]
	at org.springframework.web.servlet.FrameworkServlet.doGet(FrameworkServlet.java:895) ~[spring-webmvc-6.0.0.jar:6.0.0]
	at jakarta.servlet.http.HttpServlet.service(HttpServlet.java:564) ~[tomcat-embed-core-10.1.26.jar:10.1.26]
	at org.springframework.web.servlet.FrameworkServlet.service(FrameworkServlet.java:880) ~[spring-webmvc-6.0.0.jar:6.0.0]
	at jakarta.servlet.http.HttpServlet.service(HttpServlet.java:658) ~[tomcat-embed-core-10.1.26.jar:10.1.26]
	at org.apache.catalina.core.ApplicationFilterChain.internalDoFilter(ApplicationFilterChain.java:195) ~[tomcat-embed-core-10.1.26.jar:10.1.26]
	at org.apache.catalina.core.ApplicationFilterChain.doFilter(ApplicationFilterChain.java:140) ~[tomcat-embed-core-10.1.26.jar:10.1.26]
	at org.apache.tomcat.websocket.server.WsFilter.doFilter(WsFilter.java:51) ~[tomcat-embed-websocket-10.1.26.jar:10.1.26]
	at org.apache.catalina.core.ApplicationFilterChain.internalDoFilter(ApplicationFilterChain.java:164) ~[tomcat-embed-core-10.1.26.jar:10.1.26]
	at org.apache.catalina.core.ApplicationFilterChain.doFilter(ApplicationFilterChain.java:140) ~[tomcat-embed-core-10.1.26.jar:10.1.26]
	at org.springframework.web.filter.RequestContextFilter.doFilterInternal(RequestContextFilter.java:100) ~[spring-web-6.1.11.jar:6.1.11]
	at org.springframework.web.filter.OncePerRequestFilter.doFilter(OncePerRequestFilter.java:116) ~[spring-web-6.1.11.jar:6.1.11]
	at org.apache.catalina.core.ApplicationFilterChain.internalDoFilter(ApplicationFilterChain.java:164) ~[tomcat-embed-core-10.1.26.jar:10.1.26]
	at org.apache.catalina.core.ApplicationFilterChain.doFilter(ApplicationFilterChain.java:140) ~[tomcat-embed-core-10.1.26.jar:10.1.26]
	at org.springframework.web.filter.FormContentFilter.doFilterInternal(FormContentFilter.java:93) ~[spring-web-6.1.11.jar:6.1.11]
	at org.springframework.web.filter.OncePerRequestFilter.doFilter(OncePerRequestFilter.java:116) ~[spring-web-6.1.11.jar:6.1.11]
	at org.apache.catalina.core.ApplicationFilterChain.internalDoFilter(ApplicationFilterChain.java:164) ~[tomcat-embed-core-10.1.26.jar:10.1.26]
	at org.apache.catalina.core.ApplicationFilterChain.doFilter(ApplicationFilterChain.java:140) ~[tomcat-embed-core-10.1.26.jar:10.1.26]
	at org.springframework.web.filter.CharacterEncodingFilter.doFilterInternal(CharacterEncodingFilter.java:201) ~[spring-web-6.1.11.jar:6.1.11]
	at org.springframework.web.filter.OncePerRequestFilter.doFilter(OncePerRequestFilter.java:116) ~[spring-web-6.1.11.jar:6.1.11]
	at org.apache.catalina.core.ApplicationFilterChain.internalDoFilter(ApplicationFilterChain.java:164) ~[tomcat-embed-core-10.1.26.jar:10.1.26]
	at org.apache.catalina.core.ApplicationFilterChain.doFilter(ApplicationFilterChain.java:140) ~[tomcat-embed-core-10.1.26.jar:10.1.26]
	at org.apache.catalina.core.StandardWrapperValve.invoke(StandardWrapperValve.java:167) ~[tomcat-embed-core-10.1.26.jar:10.1.26]
	at org.apache.catalina.core.StandardContextValve.invoke(StandardContextValve.java:90) ~[tomcat-embed-core-10.1.26.jar:10.1.26]
	at org.apache.catalina.authenticator.AuthenticatorBase.invoke(AuthenticatorBase.java:483) ~[tomcat-embed-core-10.1.26.jar:10.1.26]
	at org.apache.catalina.core.StandardHostValve.invoke(StandardHostValve.java:115) ~[tomcat-embed-core-10.1.26.jar:10.1.26]
	at org.apache.catalina.valves.ErrorReportValve.invoke(ErrorReportValve.java:93) ~[tomcat-embed-core-10.1.26.jar:10.1.26]
	at org.apache.catalina.core.StandardEngineValve.invoke(StandardEngineValve.java:74) ~[tomcat-embed-core-10.1.26.jar:10.1.26]
	at org.apache.catalina.connector.CoyoteAdapter.service(CoyoteAdapter.java:344) ~[tomcat-embed-core-10.1.26.jar:10.1.26]
	at org.apache.coyote.http11.Http11Processor.service(Http11Processor.java:389) ~[tomcat-embed-core-10.1.26.jar:10.1.26]
	at org.apache.coyote.AbstractProcessorLight.process(AbstractProcessorLight.java:63) ~[tomcat-embed-core-10.1.26.jar:10.1.26]
	at org.apache.coyote.AbstractProtocol$ConnectionHandler.process(AbstractProtocol.java:904) ~[tomcat-embed-core-10.1.26.jar:10.1.26]
	at org.apache.tomcat.util.net.NioEndpoint$SocketProcessor.doRun(NioEndpoint.java:1741) ~[tomcat-embed-core-10.1.26.jar:10.1.26]
	at org.apache.tomcat.util.net.SocketProcessorBase.run(SocketProcessorBase.java:52) ~[tomcat-embed-core-10.1.26.jar:10.1.26]
	at org.apache.tomcat.util.threads.ThreadPoolExecutor.runWorker(ThreadPoolExecutor.java:1190) ~[tomcat-embed-core-10.1.26.jar:10.1.26]
	at org.apache.tomcat.util.threads.ThreadPoolExecutor$Worker.run(ThreadPoolExecutor.java:659) ~[tomcat-embed-core-10.1.26.jar:10.1.26]
	at org.apache.tomcat.util.threads.TaskThread$WrappingRunnable.run(TaskThread.java:63) ~[tomcat-embed-core-10.1.26.jar:10.1.26]
	at java.base/java.lang.Thread.run(Thread.java:1575) ~[na:na]

2025-04-01T08:07:29.430+02:00 DEBUG 7226 --- [http-nio-8080-exec-3] o.s.web.servlet.DispatcherServlet        : Failed to complete request: org.thymeleaf.exceptions.TemplateInputException: Error resolving template [members/allMembers], template might not exist or might not be accessible by any of the configured Template Resolvers
2025-04-01T08:07:29.431+02:00 ERROR 7226 --- [http-nio-8080-exec-3] o.a.c.c.C.[.[.[/].[dispatcherServlet]    : Servlet.service() for servlet [dispatcherServlet] in context with path [] threw exception [Request processing failed: org.thymeleaf.exceptions.TemplateInputException: Error resolving template [members/allMembers], template might not exist or might not be accessible by any of the configured Template Resolvers] with root cause

org.thymeleaf.exceptions.TemplateInputException: Error resolving template [members/allMembers], template might not exist or might not be accessible by any of the configured Template Resolvers
	at org.thymeleaf.engine.TemplateManager.resolveTemplate(TemplateManager.java:869) ~[thymeleaf-3.1.2.RELEASE.jar:3.1.2.RELEASE]
	at org.thymeleaf.engine.TemplateManager.parseAndProcess(TemplateManager.java:607) ~[thymeleaf-3.1.2.RELEASE.jar:3.1.2.RELEASE]
	at org.thymeleaf.TemplateEngine.process(TemplateEngine.java:1103) ~[thymeleaf-3.1.2.RELEASE.jar:3.1.2.RELEASE]
	at org.thymeleaf.TemplateEngine.process(TemplateEngine.java:1077) ~[thymeleaf-3.1.2.RELEASE.jar:3.1.2.RELEASE]
	at org.thymeleaf.spring6.view.ThymeleafView.renderFragment(ThymeleafView.java:372) ~[thymeleaf-spring6-3.1.2.RELEASE.jar:3.1.2.RELEASE]
	at org.thymeleaf.spring6.view.ThymeleafView.render(ThymeleafView.java:192) ~[thymeleaf-spring6-3.1.2.RELEASE.jar:3.1.2.RELEASE]
	at org.springframework.web.servlet.DispatcherServlet.render(DispatcherServlet.java:1414) ~[spring-webmvc-6.0.0.jar:6.0.0]
	at org.springframework.web.servlet.DispatcherServlet.processDispatchResult(DispatcherServlet.java:1158) ~[spring-webmvc-6.0.0.jar:6.0.0]
	at org.springframework.web.servlet.DispatcherServlet.doDispatch(DispatcherServlet.java:1097) ~[spring-webmvc-6.0.0.jar:6.0.0]
	at org.springframework.web.servlet.DispatcherServlet.doService(DispatcherServlet.java:973) ~[spring-webmvc-6.0.0.jar:6.0.0]
	at org.springframework.web.servlet.FrameworkServlet.processRequest(FrameworkServlet.java:1003) ~[spring-webmvc-6.0.0.jar:6.0.0]
	at org.springframework.web.servlet.FrameworkServlet.doGet(FrameworkServlet.java:895) ~[spring-webmvc-6.0.0.jar:6.0.0]
	at jakarta.servlet.http.HttpServlet.service(HttpServlet.java:564) ~[tomcat-embed-core-10.1.26.jar:10.1.26]
	at org.springframework.web.servlet.FrameworkServlet.service(FrameworkServlet.java:880) ~[spring-webmvc-6.0.0.jar:6.0.0]
	at jakarta.servlet.http.HttpServlet.service(HttpServlet.java:658) ~[tomcat-embed-core-10.1.26.jar:10.1.26]
	at org.apache.catalina.core.ApplicationFilterChain.internalDoFilter(ApplicationFilterChain.java:195) ~[tomcat-embed-core-10.1.26.jar:10.1.26]
	at org.apache.catalina.core.ApplicationFilterChain.doFilter(ApplicationFilterChain.java:140) ~[tomcat-embed-core-10.1.26.jar:10.1.26]
	at org.apache.tomcat.websocket.server.WsFilter.doFilter(WsFilter.java:51) ~[tomcat-embed-websocket-10.1.26.jar:10.1.26]
	at org.apache.catalina.core.ApplicationFilterChain.internalDoFilter(ApplicationFilterChain.java:164) ~[tomcat-embed-core-10.1.26.jar:10.1.26]
	at org.apache.catalina.core.ApplicationFilterChain.doFilter(ApplicationFilterChain.java:140) ~[tomcat-embed-core-10.1.26.jar:10.1.26]
	at org.springframework.web.filter.RequestContextFilter.doFilterInternal(RequestContextFilter.java:100) ~[spring-web-6.1.11.jar:6.1.11]
	at org.springframework.web.filter.OncePerRequestFilter.doFilter(OncePerRequestFilter.java:116) ~[spring-web-6.1.11.jar:6.1.11]
	at org.apache.catalina.core.ApplicationFilterChain.internalDoFilter(ApplicationFilterChain.java:164) ~[tomcat-embed-core-10.1.26.jar:10.1.26]
	at org.apache.catalina.core.ApplicationFilterChain.doFilter(ApplicationFilterChain.java:140) ~[tomcat-embed-core-10.1.26.jar:10.1.26]
	at org.springframework.web.filter.FormContentFilter.doFilterInternal(FormContentFilter.java:93) ~[spring-web-6.1.11.jar:6.1.11]
	at org.springframework.web.filter.OncePerRequestFilter.doFilter(OncePerRequestFilter.java:116) ~[spring-web-6.1.11.jar:6.1.11]
	at org.apache.catalina.core.ApplicationFilterChain.internalDoFilter(ApplicationFilterChain.java:164) ~[tomcat-embed-core-10.1.26.jar:10.1.26]
	at org.apache.catalina.core.ApplicationFilterChain.doFilter(ApplicationFilterChain.java:140) ~[tomcat-embed-core-10.1.26.jar:10.1.26]
	at org.springframework.web.filter.CharacterEncodingFilter.doFilterInternal(CharacterEncodingFilter.java:201) ~[spring-web-6.1.11.jar:6.1.11]
	at org.springframework.web.filter.OncePerRequestFilter.doFilter(OncePerRequestFilter.java:116) ~[spring-web-6.1.11.jar:6.1.11]
	at org.apache.catalina.core.ApplicationFilterChain.internalDoFilter(ApplicationFilterChain.java:164) ~[tomcat-embed-core-10.1.26.jar:10.1.26]
	at org.apache.catalina.core.ApplicationFilterChain.doFilter(ApplicationFilterChain.java:140) ~[tomcat-embed-core-10.1.26.jar:10.1.26]
	at org.apache.catalina.core.StandardWrapperValve.invoke(StandardWrapperValve.java:167) ~[tomcat-embed-core-10.1.26.jar:10.1.26]
	at org.apache.catalina.core.StandardContextValve.invoke(StandardContextValve.java:90) ~[tomcat-embed-core-10.1.26.jar:10.1.26]
	at org.apache.catalina.authenticator.AuthenticatorBase.invoke(AuthenticatorBase.java:483) ~[tomcat-embed-core-10.1.26.jar:10.1.26]
	at org.apache.catalina.core.StandardHostValve.invoke(StandardHostValve.java:115) ~[tomcat-embed-core-10.1.26.jar:10.1.26]
	at org.apache.catalina.valves.ErrorReportValve.invoke(ErrorReportValve.java:93) ~[tomcat-embed-core-10.1.26.jar:10.1.26]
	at org.apache.catalina.core.StandardEngineValve.invoke(StandardEngineValve.java:74) ~[tomcat-embed-core-10.1.26.jar:10.1.26]
	at org.apache.catalina.connector.CoyoteAdapter.service(CoyoteAdapter.java:344) ~[tomcat-embed-core-10.1.26.jar:10.1.26]
	at org.apache.coyote.http11.Http11Processor.service(Http11Processor.java:389) ~[tomcat-embed-core-10.1.26.jar:10.1.26]
	at org.apache.coyote.AbstractProcessorLight.process(AbstractProcessorLight.java:63) ~[tomcat-embed-core-10.1.26.jar:10.1.26]
	at org.apache.coyote.AbstractProtocol$ConnectionHandler.process(AbstractProtocol.java:904) ~[tomcat-embed-core-10.1.26.jar:10.1.26]
	at org.apache.tomcat.util.net.NioEndpoint$SocketProcessor.doRun(NioEndpoint.java:1741) ~[tomcat-embed-core-10.1.26.jar:10.1.26]
	at org.apache.tomcat.util.net.SocketProcessorBase.run(SocketProcessorBase.java:52) ~[tomcat-embed-core-10.1.26.jar:10.1.26]
	at org.apache.tomcat.util.threads.ThreadPoolExecutor.runWorker(ThreadPoolExecutor.java:1190) ~[tomcat-embed-core-10.1.26.jar:10.1.26]
	at org.apache.tomcat.util.threads.ThreadPoolExecutor$Worker.run(ThreadPoolExecutor.java:659) ~[tomcat-embed-core-10.1.26.jar:10.1.26]
	at org.apache.tomcat.util.threads.TaskThread$WrappingRunnable.run(TaskThread.java:63) ~[tomcat-embed-core-10.1.26.jar:10.1.26]
	at java.base/java.lang.Thread.run(Thread.java:1575) ~[na:na]

2025-04-01T08:07:29.433+02:00 DEBUG 7226 --- [http-nio-8080-exec-3] o.s.web.servlet.DispatcherServlet        : "ERROR" dispatch for GET "/error", parameters={}
2025-04-01T08:07:29.434+02:00 DEBUG 7226 --- [http-nio-8080-exec-3] s.w.s.m.m.a.RequestMappingHandlerMapping : Mapped to org.springframework.boot.autoconfigure.web.servlet.error.BasicErrorController#error(HttpServletRequest)
2025-04-01T08:07:29.451+02:00 DEBUG 7226 --- [http-nio-8080-exec-3] o.s.w.s.m.m.a.HttpEntityMethodProcessor  : Using 'application/json', given [application/json] and supported [application/json, application/*+json]
2025-04-01T08:07:29.453+02:00 DEBUG 7226 --- [http-nio-8080-exec-3] o.s.w.s.m.m.a.HttpEntityMethodProcessor  : Writing [{timestamp=Tue Apr 01 08:07:29 CEST 2025, status=500, error=Internal Server Error, path=/members/all (truncated)...]
2025-04-01T08:07:29.472+02:00 DEBUG 7226 --- [http-nio-8080-exec-3] o.s.web.servlet.DispatcherServlet        : Exiting from "ERROR" dispatch, status 500
2025-04-01T08:08:46.266+02:00 DEBUG 7226 --- [http-nio-8080-exec-5] o.s.web.servlet.DispatcherServlet        : GET "/index", parameters={}
2025-04-01T08:08:46.267+02:00 DEBUG 7226 --- [http-nio-8080-exec-5] s.w.s.m.m.a.RequestMappingHandlerMapping : Mapped to org.jboss.as.quickstarts.kitchensink.controller.HomeController#index(Model)
2025-04-01T08:08:46.275+02:00 DEBUG 7226 --- [http-nio-8080-exec-5] o.s.w.s.v.ContentNegotiatingViewResolver : Selected 'text/html' given [text/html, application/xhtml+xml, image/avif, image/webp, image/apng, application/xml;q=0.9, */*;q=0.8, application/signed-exchange;v=b3;q=0.7]
2025-04-01T08:08:46.283+02:00 DEBUG 7226 --- [http-nio-8080-exec-5] o.s.web.servlet.DispatcherServlet        : Completed 200 OK
2025-04-01T08:09:22.084+02:00 DEBUG 7226 --- [http-nio-8080-exec-6] o.s.web.servlet.DispatcherServlet        : POST "/members/register", parameters={masked}
2025-04-01T08:09:22.084+02:00 DEBUG 7226 --- [http-nio-8080-exec-6] s.w.s.m.m.a.RequestMappingHandlerMapping : Mapped to org.jboss.as.quickstarts.kitchensink.controller.MemberRestController#register(Member, BindingResult, RedirectAttributes)
2025-04-01T08:09:22.085+02:00 DEBUG 7226 --- [http-nio-8080-exec-6] o.s.web.method.HandlerMethod             : Could not resolve parameter [0] in public java.lang.String org.jboss.as.quickstarts.kitchensink.controller.MemberRestController.register(org.jboss.as.quickstarts.kitchensink.model.Member,org.springframework.validation.BindingResult,org.springframework.web.servlet.mvc.support.RedirectAttributes): class org.springframework.web.servlet.mvc.method.annotation.ExtendedServletRequestDataBinder cannot be cast to class org.springframework.web.bind.support.WebRequestDataBinder (org.springframework.web.servlet.mvc.method.annotation.ExtendedServletRequestDataBinder and org.springframework.web.bind.support.WebRequestDataBinder are in unnamed module of loader 'app')
2025-04-01T08:09:22.086+02:00 DEBUG 7226 --- [http-nio-8080-exec-6] o.s.web.servlet.DispatcherServlet        : Failed to complete request: java.lang.ClassCastException: class org.springframework.web.servlet.mvc.method.annotation.ExtendedServletRequestDataBinder cannot be cast to class org.springframework.web.bind.support.WebRequestDataBinder (org.springframework.web.servlet.mvc.method.annotation.ExtendedServletRequestDataBinder and org.springframework.web.bind.support.WebRequestDataBinder are in unnamed module of loader 'app')
2025-04-01T08:09:22.087+02:00 ERROR 7226 --- [http-nio-8080-exec-6] o.a.c.c.C.[.[.[/].[dispatcherServlet]    : Servlet.service() for servlet [dispatcherServlet] in context with path [] threw exception [Request processing failed: java.lang.ClassCastException: class org.springframework.web.servlet.mvc.method.annotation.ExtendedServletRequestDataBinder cannot be cast to class org.springframework.web.bind.support.WebRequestDataBinder (org.springframework.web.servlet.mvc.method.annotation.ExtendedServletRequestDataBinder and org.springframework.web.bind.support.WebRequestDataBinder are in unnamed module of loader 'app')] with root cause

java.lang.ClassCastException: class org.springframework.web.servlet.mvc.method.annotation.ExtendedServletRequestDataBinder cannot be cast to class org.springframework.web.bind.support.WebRequestDataBinder (org.springframework.web.servlet.mvc.method.annotation.ExtendedServletRequestDataBinder and org.springframework.web.bind.support.WebRequestDataBinder are in unnamed module of loader 'app')
	at org.springframework.web.method.annotation.ModelAttributeMethodProcessor.constructAttribute(ModelAttributeMethodProcessor.java:207) ~[spring-web-6.1.11.jar:6.1.11]
	at org.springframework.web.method.annotation.ModelAttributeMethodProcessor.resolveArgument(ModelAttributeMethodProcessor.java:148) ~[spring-web-6.1.11.jar:6.1.11]
	at org.springframework.web.method.support.HandlerMethodArgumentResolverComposite.resolveArgument(HandlerMethodArgumentResolverComposite.java:122) ~[spring-web-6.1.11.jar:6.1.11]
	at org.springframework.web.method.support.InvocableHandlerMethod.getMethodArgumentValues(InvocableHandlerMethod.java:224) ~[spring-web-6.1.11.jar:6.1.11]
	at org.springframework.web.method.support.InvocableHandlerMethod.invokeForRequest(InvocableHandlerMethod.java:178) ~[spring-web-6.1.11.jar:6.1.11]
	at org.springframework.web.servlet.mvc.method.annotation.ServletInvocableHandlerMethod.invokeAndHandle(ServletInvocableHandlerMethod.java:117) ~[spring-webmvc-6.0.0.jar:6.0.0]
	at org.springframework.web.servlet.mvc.method.annotation.RequestMappingHandlerAdapter.invokeHandlerMethod(RequestMappingHandlerAdapter.java:891) ~[spring-webmvc-6.0.0.jar:6.0.0]
	at org.springframework.web.servlet.mvc.method.annotation.RequestMappingHandlerAdapter.handleInternal(RequestMappingHandlerAdapter.java:804) ~[spring-webmvc-6.0.0.jar:6.0.0]
	at org.springframework.web.servlet.mvc.method.AbstractHandlerMethodAdapter.handle(AbstractHandlerMethodAdapter.java:87) ~[spring-webmvc-6.0.0.jar:6.0.0]
	at org.springframework.web.servlet.DispatcherServlet.doDispatch(DispatcherServlet.java:1080) ~[spring-webmvc-6.0.0.jar:6.0.0]
	at org.springframework.web.servlet.DispatcherServlet.doService(DispatcherServlet.java:973) ~[spring-webmvc-6.0.0.jar:6.0.0]
	at org.springframework.web.servlet.FrameworkServlet.processRequest(FrameworkServlet.java:1003) ~[spring-webmvc-6.0.0.jar:6.0.0]
	at org.springframework.web.servlet.FrameworkServlet.doPost(FrameworkServlet.java:906) ~[spring-webmvc-6.0.0.jar:6.0.0]
	at jakarta.servlet.http.HttpServlet.service(HttpServlet.java:590) ~[tomcat-embed-core-10.1.26.jar:10.1.26]
	at org.springframework.web.servlet.FrameworkServlet.service(FrameworkServlet.java:880) ~[spring-webmvc-6.0.0.jar:6.0.0]
	at jakarta.servlet.http.HttpServlet.service(HttpServlet.java:658) ~[tomcat-embed-core-10.1.26.jar:10.1.26]
	at org.apache.catalina.core.ApplicationFilterChain.internalDoFilter(ApplicationFilterChain.java:195) ~[tomcat-embed-core-10.1.26.jar:10.1.26]
	at org.apache.catalina.core.ApplicationFilterChain.doFilter(ApplicationFilterChain.java:140) ~[tomcat-embed-core-10.1.26.jar:10.1.26]
	at org.apache.tomcat.websocket.server.WsFilter.doFilter(WsFilter.java:51) ~[tomcat-embed-websocket-10.1.26.jar:10.1.26]
	at org.apache.catalina.core.ApplicationFilterChain.internalDoFilter(ApplicationFilterChain.java:164) ~[tomcat-embed-core-10.1.26.jar:10.1.26]
	at org.apache.catalina.core.ApplicationFilterChain.doFilter(ApplicationFilterChain.java:140) ~[tomcat-embed-core-10.1.26.jar:10.1.26]
	at org.springframework.web.filter.RequestContextFilter.doFilterInternal(RequestContextFilter.java:100) ~[spring-web-6.1.11.jar:6.1.11]
	at org.springframework.web.filter.OncePerRequestFilter.doFilter(OncePerRequestFilter.java:116) ~[spring-web-6.1.11.jar:6.1.11]
	at org.apache.catalina.core.ApplicationFilterChain.internalDoFilter(ApplicationFilterChain.java:164) ~[tomcat-embed-core-10.1.26.jar:10.1.26]
	at org.apache.catalina.core.ApplicationFilterChain.doFilter(ApplicationFilterChain.java:140) ~[tomcat-embed-core-10.1.26.jar:10.1.26]
	at org.springframework.web.filter.FormContentFilter.doFilterInternal(FormContentFilter.java:93) ~[spring-web-6.1.11.jar:6.1.11]
	at org.springframework.web.filter.OncePerRequestFilter.doFilter(OncePerRequestFilter.java:116) ~[spring-web-6.1.11.jar:6.1.11]
	at org.apache.catalina.core.ApplicationFilterChain.internalDoFilter(ApplicationFilterChain.java:164) ~[tomcat-embed-core-10.1.26.jar:10.1.26]
	at org.apache.catalina.core.ApplicationFilterChain.doFilter(ApplicationFilterChain.java:140) ~[tomcat-embed-core-10.1.26.jar:10.1.26]
	at org.springframework.web.filter.CharacterEncodingFilter.doFilterInternal(CharacterEncodingFilter.java:201) ~[spring-web-6.1.11.jar:6.1.11]
	at org.springframework.web.filter.OncePerRequestFilter.doFilter(OncePerRequestFilter.java:116) ~[spring-web-6.1.11.jar:6.1.11]
	at org.apache.catalina.core.ApplicationFilterChain.internalDoFilter(ApplicationFilterChain.java:164) ~[tomcat-embed-core-10.1.26.jar:10.1.26]
	at org.apache.catalina.core.ApplicationFilterChain.doFilter(ApplicationFilterChain.java:140) ~[tomcat-embed-core-10.1.26.jar:10.1.26]
	at org.apache.catalina.core.StandardWrapperValve.invoke(StandardWrapperValve.java:167) ~[tomcat-embed-core-10.1.26.jar:10.1.26]
	at org.apache.catalina.core.StandardContextValve.invoke(StandardContextValve.java:90) ~[tomcat-embed-core-10.1.26.jar:10.1.26]
	at org.apache.catalina.authenticator.AuthenticatorBase.invoke(AuthenticatorBase.java:483) ~[tomcat-embed-core-10.1.26.jar:10.1.26]
	at org.apache.catalina.core.StandardHostValve.invoke(StandardHostValve.java:115) ~[tomcat-embed-core-10.1.26.jar:10.1.26]
	at org.apache.catalina.valves.ErrorReportValve.invoke(ErrorReportValve.java:93) ~[tomcat-embed-core-10.1.26.jar:10.1.26]
	at org.apache.catalina.core.StandardEngineValve.invoke(StandardEngineValve.java:74) ~[tomcat-embed-core-10.1.26.jar:10.1.26]
	at org.apache.catalina.connector.CoyoteAdapter.service(CoyoteAdapter.java:344) ~[tomcat-embed-core-10.1.26.jar:10.1.26]
	at org.apache.coyote.http11.Http11Processor.service(Http11Processor.java:389) ~[tomcat-embed-core-10.1.26.jar:10.1.26]
	at org.apache.coyote.AbstractProcessorLight.process(AbstractProcessorLight.java:63) ~[tomcat-embed-core-10.1.26.jar:10.1.26]
	at org.apache.coyote.AbstractProtocol$ConnectionHandler.process(AbstractProtocol.java:904) ~[tomcat-embed-core-10.1.26.jar:10.1.26]
	at org.apache.tomcat.util.net.NioEndpoint$SocketProcessor.doRun(NioEndpoint.java:1741) ~[tomcat-embed-core-10.1.26.jar:10.1.26]
	at org.apache.tomcat.util.net.SocketProcessorBase.run(SocketProcessorBase.java:52) ~[tomcat-embed-core-10.1.26.jar:10.1.26]
	at org.apache.tomcat.util.threads.ThreadPoolExecutor.runWorker(ThreadPoolExecutor.java:1190) ~[tomcat-embed-core-10.1.26.jar:10.1.26]
	at org.apache.tomcat.util.threads.ThreadPoolExecutor$Worker.run(ThreadPoolExecutor.java:659) ~[tomcat-embed-core-10.1.26.jar:10.1.26]
	at org.apache.tomcat.util.threads.TaskThread$WrappingRunnable.run(TaskThread.java:63) ~[tomcat-embed-core-10.1.26.jar:10.1.26]
	at java.base/java.lang.Thread.run(Thread.java:1575) ~[na:na]

2025-04-01T08:09:22.091+02:00 DEBUG 7226 --- [http-nio-8080-exec-6] o.s.web.servlet.DispatcherServlet        : "ERROR" dispatch for POST "/error", parameters={masked}
2025-04-01T08:09:22.092+02:00 DEBUG 7226 --- [http-nio-8080-exec-6] s.w.s.m.m.a.RequestMappingHandlerMapping : Mapped to org.springframework.boot.autoconfigure.web.servlet.error.BasicErrorController#errorHtml(HttpServletRequest, HttpServletResponse)
2025-04-01T08:09:22.094+02:00 DEBUG 7226 --- [http-nio-8080-exec-6] o.s.w.s.v.ContentNegotiatingViewResolver : Selected 'text/html' given [text/html, text/html;q=0.8]
2025-04-01T08:09:22.095+02:00 ERROR 7226 --- [http-nio-8080-exec-6] org.thymeleaf.TemplateEngine             : [THYMELEAF][http-nio-8080-exec-6] Exception processing template "error": Error resolving template [error], template might not exist or might not be accessible by any of the configured Template Resolvers

org.thymeleaf.exceptions.TemplateInputException: Error resolving template [error], template might not exist or might not be accessible by any of the configured Template Resolvers
	at org.thymeleaf.engine.TemplateManager.resolveTemplate(TemplateManager.java:869) ~[thymeleaf-3.1.2.RELEASE.jar:3.1.2.RELEASE]
	at org.thymeleaf.engine.TemplateManager.parseAndProcess(TemplateManager.java:607) ~[thymeleaf-3.1.2.RELEASE.jar:3.1.2.RELEASE]
	at org.thymeleaf.TemplateEngine.process(TemplateEngine.java:1103) ~[thymeleaf-3.1.2.RELEASE.jar:3.1.2.RELEASE]
	at org.thymeleaf.TemplateEngine.process(TemplateEngine.java:1077) ~[thymeleaf-3.1.2.RELEASE.jar:3.1.2.RELEASE]
	at org.thymeleaf.spring6.view.ThymeleafView.renderFragment(ThymeleafView.java:372) ~[thymeleaf-spring6-3.1.2.RELEASE.jar:3.1.2.RELEASE]
	at org.thymeleaf.spring6.view.ThymeleafView.render(ThymeleafView.java:192) ~[thymeleaf-spring6-3.1.2.RELEASE.jar:3.1.2.RELEASE]
	at org.springframework.web.servlet.DispatcherServlet.render(DispatcherServlet.java:1414) ~[spring-webmvc-6.0.0.jar:6.0.0]
	at org.springframework.web.servlet.DispatcherServlet.processDispatchResult(DispatcherServlet.java:1158) ~[spring-webmvc-6.0.0.jar:6.0.0]
	at org.springframework.web.servlet.DispatcherServlet.doDispatch(DispatcherServlet.java:1097) ~[spring-webmvc-6.0.0.jar:6.0.0]
	at org.springframework.web.servlet.DispatcherServlet.doService(DispatcherServlet.java:973) ~[spring-webmvc-6.0.0.jar:6.0.0]
	at org.springframework.web.servlet.FrameworkServlet.processRequest(FrameworkServlet.java:1003) ~[spring-webmvc-6.0.0.jar:6.0.0]
	at org.springframework.web.servlet.FrameworkServlet.doPost(FrameworkServlet.java:906) ~[spring-webmvc-6.0.0.jar:6.0.0]
	at jakarta.servlet.http.HttpServlet.service(HttpServlet.java:590) ~[tomcat-embed-core-10.1.26.jar:10.1.26]
	at org.springframework.web.servlet.FrameworkServlet.service(FrameworkServlet.java:880) ~[spring-webmvc-6.0.0.jar:6.0.0]
	at jakarta.servlet.http.HttpServlet.service(HttpServlet.java:658) ~[tomcat-embed-core-10.1.26.jar:10.1.26]
	at org.apache.catalina.core.ApplicationFilterChain.internalDoFilter(ApplicationFilterChain.java:195) ~[tomcat-embed-core-10.1.26.jar:10.1.26]
	at org.apache.catalina.core.ApplicationFilterChain.doFilter(ApplicationFilterChain.java:140) ~[tomcat-embed-core-10.1.26.jar:10.1.26]
	at org.springframework.web.filter.RequestContextFilter.doFilterInternal(RequestContextFilter.java:100) ~[spring-web-6.1.11.jar:6.1.11]
	at org.springframework.web.filter.OncePerRequestFilter.doFilter(OncePerRequestFilter.java:116) ~[spring-web-6.1.11.jar:6.1.11]
	at org.apache.catalina.core.ApplicationFilterChain.internalDoFilter(ApplicationFilterChain.java:164) ~[tomcat-embed-core-10.1.26.jar:10.1.26]
	at org.apache.catalina.core.ApplicationFilterChain.doFilter(ApplicationFilterChain.java:140) ~[tomcat-embed-core-10.1.26.jar:10.1.26]
	at org.springframework.web.filter.OncePerRequestFilter.doFilter(OncePerRequestFilter.java:101) ~[spring-web-6.1.11.jar:6.1.11]
	at org.apache.catalina.core.ApplicationFilterChain.internalDoFilter(ApplicationFilterChain.java:164) ~[tomcat-embed-core-10.1.26.jar:10.1.26]
	at org.apache.catalina.core.ApplicationFilterChain.doFilter(ApplicationFilterChain.java:140) ~[tomcat-embed-core-10.1.26.jar:10.1.26]
	at org.springframework.web.filter.OncePerRequestFilter.doFilter(OncePerRequestFilter.java:101) ~[spring-web-6.1.11.jar:6.1.11]
	at org.apache.catalina.core.ApplicationFilterChain.internalDoFilter(ApplicationFilterChain.java:164) ~[tomcat-embed-core-10.1.26.jar:10.1.26]
	at org.apache.catalina.core.ApplicationFilterChain.doFilter(ApplicationFilterChain.java:140) ~[tomcat-embed-core-10.1.26.jar:10.1.26]
	at org.apache.catalina.core.ApplicationDispatcher.invoke(ApplicationDispatcher.java:632) ~[tomcat-embed-core-10.1.26.jar:10.1.26]
	at org.apache.catalina.core.ApplicationDispatcher.processRequest(ApplicationDispatcher.java:410) ~[tomcat-embed-core-10.1.26.jar:10.1.26]
	at org.apache.catalina.core.ApplicationDispatcher.doForward(ApplicationDispatcher.java:330) ~[tomcat-embed-core-10.1.26.jar:10.1.26]
	at org.apache.catalina.core.ApplicationDispatcher.forward(ApplicationDispatcher.java:267) ~[tomcat-embed-core-10.1.26.jar:10.1.26]
	at org.apache.catalina.core.StandardHostValve.custom(StandardHostValve.java:362) ~[tomcat-embed-core-10.1.26.jar:10.1.26]
	at org.apache.catalina.core.StandardHostValve.status(StandardHostValve.java:222) ~[tomcat-embed-core-10.1.26.jar:10.1.26]
	at org.apache.catalina.core.StandardHostValve.throwable(StandardHostValve.java:308) ~[tomcat-embed-core-10.1.26.jar:10.1.26]
	at org.apache.catalina.core.StandardHostValve.invoke(StandardHostValve.java:149) ~[tomcat-embed-core-10.1.26.jar:10.1.26]
	at org.apache.catalina.valves.ErrorReportValve.invoke(ErrorReportValve.java:93) ~[tomcat-embed-core-10.1.26.jar:10.1.26]
	at org.apache.catalina.core.StandardEngineValve.invoke(StandardEngineValve.java:74) ~[tomcat-embed-core-10.1.26.jar:10.1.26]
	at org.apache.catalina.connector.CoyoteAdapter.service(CoyoteAdapter.java:344) ~[tomcat-embed-core-10.1.26.jar:10.1.26]
	at org.apache.coyote.http11.Http11Processor.service(Http11Processor.java:389) ~[tomcat-embed-core-10.1.26.jar:10.1.26]
	at org.apache.coyote.AbstractProcessorLight.process(AbstractProcessorLight.java:63) ~[tomcat-embed-core-10.1.26.jar:10.1.26]
	at org.apache.coyote.AbstractProtocol$ConnectionHandler.process(AbstractProtocol.java:904) ~[tomcat-embed-core-10.1.26.jar:10.1.26]
	at org.apache.tomcat.util.net.NioEndpoint$SocketProcessor.doRun(NioEndpoint.java:1741) ~[tomcat-embed-core-10.1.26.jar:10.1.26]
	at org.apache.tomcat.util.net.SocketProcessorBase.run(SocketProcessorBase.java:52) ~[tomcat-embed-core-10.1.26.jar:10.1.26]
	at org.apache.tomcat.util.threads.ThreadPoolExecutor.runWorker(ThreadPoolExecutor.java:1190) ~[tomcat-embed-core-10.1.26.jar:10.1.26]
	at org.apache.tomcat.util.threads.ThreadPoolExecutor$Worker.run(ThreadPoolExecutor.java:659) ~[tomcat-embed-core-10.1.26.jar:10.1.26]
	at org.apache.tomcat.util.threads.TaskThread$WrappingRunnable.run(TaskThread.java:63) ~[tomcat-embed-core-10.1.26.jar:10.1.26]
	at java.base/java.lang.Thread.run(Thread.java:1575) ~[na:na]

2025-04-01T08:09:22.097+02:00 DEBUG 7226 --- [http-nio-8080-exec-6] o.s.web.servlet.DispatcherServlet        : Error rendering view [org.thymeleaf.spring6.view.ThymeleafView@6b493549]

org.thymeleaf.exceptions.TemplateInputException: Error resolving template [error], template might not exist or might not be accessible by any of the configured Template Resolvers
	at org.thymeleaf.engine.TemplateManager.resolveTemplate(TemplateManager.java:869) ~[thymeleaf-3.1.2.RELEASE.jar:3.1.2.RELEASE]
	at org.thymeleaf.engine.TemplateManager.parseAndProcess(TemplateManager.java:607) ~[thymeleaf-3.1.2.RELEASE.jar:3.1.2.RELEASE]
	at org.thymeleaf.TemplateEngine.process(TemplateEngine.java:1103) ~[thymeleaf-3.1.2.RELEASE.jar:3.1.2.RELEASE]
	at org.thymeleaf.TemplateEngine.process(TemplateEngine.java:1077) ~[thymeleaf-3.1.2.RELEASE.jar:3.1.2.RELEASE]
	at org.thymeleaf.spring6.view.ThymeleafView.renderFragment(ThymeleafView.java:372) ~[thymeleaf-spring6-3.1.2.RELEASE.jar:3.1.2.RELEASE]
	at org.thymeleaf.spring6.view.ThymeleafView.render(ThymeleafView.java:192) ~[thymeleaf-spring6-3.1.2.RELEASE.jar:3.1.2.RELEASE]
	at org.springframework.web.servlet.DispatcherServlet.render(DispatcherServlet.java:1414) ~[spring-webmvc-6.0.0.jar:6.0.0]
	at org.springframework.web.servlet.DispatcherServlet.processDispatchResult(DispatcherServlet.java:1158) ~[spring-webmvc-6.0.0.jar:6.0.0]
	at org.springframework.web.servlet.DispatcherServlet.doDispatch(DispatcherServlet.java:1097) ~[spring-webmvc-6.0.0.jar:6.0.0]
	at org.springframework.web.servlet.DispatcherServlet.doService(DispatcherServlet.java:973) ~[spring-webmvc-6.0.0.jar:6.0.0]
	at org.springframework.web.servlet.FrameworkServlet.processRequest(FrameworkServlet.java:1003) ~[spring-webmvc-6.0.0.jar:6.0.0]
	at org.springframework.web.servlet.FrameworkServlet.doPost(FrameworkServlet.java:906) ~[spring-webmvc-6.0.0.jar:6.0.0]
	at jakarta.servlet.http.HttpServlet.service(HttpServlet.java:590) ~[tomcat-embed-core-10.1.26.jar:10.1.26]
	at org.springframework.web.servlet.FrameworkServlet.service(FrameworkServlet.java:880) ~[spring-webmvc-6.0.0.jar:6.0.0]
	at jakarta.servlet.http.HttpServlet.service(HttpServlet.java:658) ~[tomcat-embed-core-10.1.26.jar:10.1.26]
	at org.apache.catalina.core.ApplicationFilterChain.internalDoFilter(ApplicationFilterChain.java:195) ~[tomcat-embed-core-10.1.26.jar:10.1.26]
	at org.apache.catalina.core.ApplicationFilterChain.doFilter(ApplicationFilterChain.java:140) ~[tomcat-embed-core-10.1.26.jar:10.1.26]
	at org.springframework.web.filter.RequestContextFilter.doFilterInternal(RequestContextFilter.java:100) ~[spring-web-6.1.11.jar:6.1.11]
	at org.springframework.web.filter.OncePerRequestFilter.doFilter(OncePerRequestFilter.java:116) ~[spring-web-6.1.11.jar:6.1.11]
	at org.apache.catalina.core.ApplicationFilterChain.internalDoFilter(ApplicationFilterChain.java:164) ~[tomcat-embed-core-10.1.26.jar:10.1.26]
	at org.apache.catalina.core.ApplicationFilterChain.doFilter(ApplicationFilterChain.java:140) ~[tomcat-embed-core-10.1.26.jar:10.1.26]
	at org.springframework.web.filter.OncePerRequestFilter.doFilter(OncePerRequestFilter.java:101) ~[spring-web-6.1.11.jar:6.1.11]
	at org.apache.catalina.core.ApplicationFilterChain.internalDoFilter(ApplicationFilterChain.java:164) ~[tomcat-embed-core-10.1.26.jar:10.1.26]
	at org.apache.catalina.core.ApplicationFilterChain.doFilter(ApplicationFilterChain.java:140) ~[tomcat-embed-core-10.1.26.jar:10.1.26]
	at org.springframework.web.filter.OncePerRequestFilter.doFilter(OncePerRequestFilter.java:101) ~[spring-web-6.1.11.jar:6.1.11]
	at org.apache.catalina.core.ApplicationFilterChain.internalDoFilter(ApplicationFilterChain.java:164) ~[tomcat-embed-core-10.1.26.jar:10.1.26]
	at org.apache.catalina.core.ApplicationFilterChain.doFilter(ApplicationFilterChain.java:140) ~[tomcat-embed-core-10.1.26.jar:10.1.26]
	at org.apache.catalina.core.ApplicationDispatcher.invoke(ApplicationDispatcher.java:632) ~[tomcat-embed-core-10.1.26.jar:10.1.26]
	at org.apache.catalina.core.ApplicationDispatcher.processRequest(ApplicationDispatcher.java:410) ~[tomcat-embed-core-10.1.26.jar:10.1.26]
	at org.apache.catalina.core.ApplicationDispatcher.doForward(ApplicationDispatcher.java:330) ~[tomcat-embed-core-10.1.26.jar:10.1.26]
	at org.apache.catalina.core.ApplicationDispatcher.forward(ApplicationDispatcher.java:267) ~[tomcat-embed-core-10.1.26.jar:10.1.26]
	at org.apache.catalina.core.StandardHostValve.custom(StandardHostValve.java:362) ~[tomcat-embed-core-10.1.26.jar:10.1.26]
	at org.apache.catalina.core.StandardHostValve.status(StandardHostValve.java:222) ~[tomcat-embed-core-10.1.26.jar:10.1.26]
	at org.apache.catalina.core.StandardHostValve.throwable(StandardHostValve.java:308) ~[tomcat-embed-core-10.1.26.jar:10.1.26]
	at org.apache.catalina.core.StandardHostValve.invoke(StandardHostValve.java:149) ~[tomcat-embed-core-10.1.26.jar:10.1.26]
	at org.apache.catalina.valves.ErrorReportValve.invoke(ErrorReportValve.java:93) ~[tomcat-embed-core-10.1.26.jar:10.1.26]
	at org.apache.catalina.core.StandardEngineValve.invoke(StandardEngineValve.java:74) ~[tomcat-embed-core-10.1.26.jar:10.1.26]
	at org.apache.catalina.connector.CoyoteAdapter.service(CoyoteAdapter.java:344) ~[tomcat-embed-core-10.1.26.jar:10.1.26]
	at org.apache.coyote.http11.Http11Processor.service(Http11Processor.java:389) ~[tomcat-embed-core-10.1.26.jar:10.1.26]
	at org.apache.coyote.AbstractProcessorLight.process(AbstractProcessorLight.java:63) ~[tomcat-embed-core-10.1.26.jar:10.1.26]
	at org.apache.coyote.AbstractProtocol$ConnectionHandler.process(AbstractProtocol.java:904) ~[tomcat-embed-core-10.1.26.jar:10.1.26]
	at org.apache.tomcat.util.net.NioEndpoint$SocketProcessor.doRun(NioEndpoint.java:1741) ~[tomcat-embed-core-10.1.26.jar:10.1.26]
	at org.apache.tomcat.util.net.SocketProcessorBase.run(SocketProcessorBase.java:52) ~[tomcat-embed-core-10.1.26.jar:10.1.26]
	at org.apache.tomcat.util.threads.ThreadPoolExecutor.runWorker(ThreadPoolExecutor.java:1190) ~[tomcat-embed-core-10.1.26.jar:10.1.26]
	at org.apache.tomcat.util.threads.ThreadPoolExecutor$Worker.run(ThreadPoolExecutor.java:659) ~[tomcat-embed-core-10.1.26.jar:10.1.26]
	at org.apache.tomcat.util.threads.TaskThread$WrappingRunnable.run(TaskThread.java:63) ~[tomcat-embed-core-10.1.26.jar:10.1.26]
	at java.base/java.lang.Thread.run(Thread.java:1575) ~[na:na]

2025-04-01T08:09:22.099+02:00 DEBUG 7226 --- [http-nio-8080-exec-6] o.s.web.servlet.DispatcherServlet        : Unresolved failure from "ERROR" dispatch: org.thymeleaf.exceptions.TemplateInputException: Error resolving template [error], template might not exist or might not be accessible by any of the configured Template Resolvers
2025-04-01T08:09:22.099+02:00 ERROR 7226 --- [http-nio-8080-exec-6] o.a.c.c.C.[.[.[/].[dispatcherServlet]    : Servlet.service() for servlet [dispatcherServlet] threw exception

org.thymeleaf.exceptions.TemplateInputException: Error resolving template [error], template might not exist or might not be accessible by any of the configured Template Resolvers
	at org.thymeleaf.engine.TemplateManager.resolveTemplate(TemplateManager.java:869) ~[thymeleaf-3.1.2.RELEASE.jar:3.1.2.RELEASE]
	at org.thymeleaf.engine.TemplateManager.parseAndProcess(TemplateManager.java:607) ~[thymeleaf-3.1.2.RELEASE.jar:3.1.2.RELEASE]
	at org.thymeleaf.TemplateEngine.process(TemplateEngine.java:1103) ~[thymeleaf-3.1.2.RELEASE.jar:3.1.2.RELEASE]
	at org.thymeleaf.TemplateEngine.process(TemplateEngine.java:1077) ~[thymeleaf-3.1.2.RELEASE.jar:3.1.2.RELEASE]
	at org.thymeleaf.spring6.view.ThymeleafView.renderFragment(ThymeleafView.java:372) ~[thymeleaf-spring6-3.1.2.RELEASE.jar:3.1.2.RELEASE]
	at org.thymeleaf.spring6.view.ThymeleafView.render(ThymeleafView.java:192) ~[thymeleaf-spring6-3.1.2.RELEASE.jar:3.1.2.RELEASE]
	at org.springframework.web.servlet.DispatcherServlet.render(DispatcherServlet.java:1414) ~[spring-webmvc-6.0.0.jar:6.0.0]
	at org.springframework.web.servlet.DispatcherServlet.processDispatchResult(DispatcherServlet.java:1158) ~[spring-webmvc-6.0.0.jar:6.0.0]
	at org.springframework.web.servlet.DispatcherServlet.doDispatch(DispatcherServlet.java:1097) ~[spring-webmvc-6.0.0.jar:6.0.0]
	at org.springframework.web.servlet.DispatcherServlet.doService(DispatcherServlet.java:973) ~[spring-webmvc-6.0.0.jar:6.0.0]
	at org.springframework.web.servlet.FrameworkServlet.processRequest(FrameworkServlet.java:1003) ~[spring-webmvc-6.0.0.jar:6.0.0]
	at org.springframework.web.servlet.FrameworkServlet.doPost(FrameworkServlet.java:906) ~[spring-webmvc-6.0.0.jar:6.0.0]
	at jakarta.servlet.http.HttpServlet.service(HttpServlet.java:590) ~[tomcat-embed-core-10.1.26.jar:10.1.26]
	at org.springframework.web.servlet.FrameworkServlet.service(FrameworkServlet.java:880) ~[spring-webmvc-6.0.0.jar:6.0.0]
	at jakarta.servlet.http.HttpServlet.service(HttpServlet.java:658) ~[tomcat-embed-core-10.1.26.jar:10.1.26]
	at org.apache.catalina.core.ApplicationFilterChain.internalDoFilter(ApplicationFilterChain.java:195) ~[tomcat-embed-core-10.1.26.jar:10.1.26]
	at org.apache.catalina.core.ApplicationFilterChain.doFilter(ApplicationFilterChain.java:140) ~[tomcat-embed-core-10.1.26.jar:10.1.26]
	at org.springframework.web.filter.RequestContextFilter.doFilterInternal(RequestContextFilter.java:100) ~[spring-web-6.1.11.jar:6.1.11]
	at org.springframework.web.filter.OncePerRequestFilter.doFilter(OncePerRequestFilter.java:116) ~[spring-web-6.1.11.jar:6.1.11]
	at org.apache.catalina.core.ApplicationFilterChain.internalDoFilter(ApplicationFilterChain.java:164) ~[tomcat-embed-core-10.1.26.jar:10.1.26]
	at org.apache.catalina.core.ApplicationFilterChain.doFilter(ApplicationFilterChain.java:140) ~[tomcat-embed-core-10.1.26.jar:10.1.26]
	at org.springframework.web.filter.OncePerRequestFilter.doFilter(OncePerRequestFilter.java:101) ~[spring-web-6.1.11.jar:6.1.11]
	at org.apache.catalina.core.ApplicationFilterChain.internalDoFilter(ApplicationFilterChain.java:164) ~[tomcat-embed-core-10.1.26.jar:10.1.26]
	at org.apache.catalina.core.ApplicationFilterChain.doFilter(ApplicationFilterChain.java:140) ~[tomcat-embed-core-10.1.26.jar:10.1.26]
	at org.springframework.web.filter.OncePerRequestFilter.doFilter(OncePerRequestFilter.java:101) ~[spring-web-6.1.11.jar:6.1.11]
	at org.apache.catalina.core.ApplicationFilterChain.internalDoFilter(ApplicationFilterChain.java:164) ~[tomcat-embed-core-10.1.26.jar:10.1.26]
	at org.apache.catalina.core.ApplicationFilterChain.doFilter(ApplicationFilterChain.java:140) ~[tomcat-embed-core-10.1.26.jar:10.1.26]
	at org.apache.catalina.core.ApplicationDispatcher.invoke(ApplicationDispatcher.java:632) ~[tomcat-embed-core-10.1.26.jar:10.1.26]
	at org.apache.catalina.core.ApplicationDispatcher.processRequest(ApplicationDispatcher.java:410) ~[tomcat-embed-core-10.1.26.jar:10.1.26]
	at org.apache.catalina.core.ApplicationDispatcher.doForward(ApplicationDispatcher.java:330) ~[tomcat-embed-core-10.1.26.jar:10.1.26]
	at org.apache.catalina.core.ApplicationDispatcher.forward(ApplicationDispatcher.java:267) ~[tomcat-embed-core-10.1.26.jar:10.1.26]
	at org.apache.catalina.core.StandardHostValve.custom(StandardHostValve.java:362) ~[tomcat-embed-core-10.1.26.jar:10.1.26]
	at org.apache.catalina.core.StandardHostValve.status(StandardHostValve.java:222) ~[tomcat-embed-core-10.1.26.jar:10.1.26]
	at org.apache.catalina.core.StandardHostValve.throwable(StandardHostValve.java:308) ~[tomcat-embed-core-10.1.26.jar:10.1.26]
	at org.apache.catalina.core.StandardHostValve.invoke(StandardHostValve.java:149) ~[tomcat-embed-core-10.1.26.jar:10.1.26]
	at org.apache.catalina.valves.ErrorReportValve.invoke(ErrorReportValve.java:93) ~[tomcat-embed-core-10.1.26.jar:10.1.26]
	at org.apache.catalina.core.StandardEngineValve.invoke(StandardEngineValve.java:74) ~[tomcat-embed-core-10.1.26.jar:10.1.26]
	at org.apache.catalina.connector.CoyoteAdapter.service(CoyoteAdapter.java:344) ~[tomcat-embed-core-10.1.26.jar:10.1.26]
	at org.apache.coyote.http11.Http11Processor.service(Http11Processor.java:389) ~[tomcat-embed-core-10.1.26.jar:10.1.26]
	at org.apache.coyote.AbstractProcessorLight.process(AbstractProcessorLight.java:63) ~[tomcat-embed-core-10.1.26.jar:10.1.26]
	at org.apache.coyote.AbstractProtocol$ConnectionHandler.process(AbstractProtocol.java:904) ~[tomcat-embed-core-10.1.26.jar:10.1.26]
	at org.apache.tomcat.util.net.NioEndpoint$SocketProcessor.doRun(NioEndpoint.java:1741) ~[tomcat-embed-core-10.1.26.jar:10.1.26]
	at org.apache.tomcat.util.net.SocketProcessorBase.run(SocketProcessorBase.java:52) ~[tomcat-embed-core-10.1.26.jar:10.1.26]
	at org.apache.tomcat.util.threads.ThreadPoolExecutor.runWorker(ThreadPoolExecutor.java:1190) ~[tomcat-embed-core-10.1.26.jar:10.1.26]
	at org.apache.tomcat.util.threads.ThreadPoolExecutor$Worker.run(ThreadPoolExecutor.java:659) ~[tomcat-embed-core-10.1.26.jar:10.1.26]
	at org.apache.tomcat.util.threads.TaskThread$WrappingRunnable.run(TaskThread.java:63) ~[tomcat-embed-core-10.1.26.jar:10.1.26]
	at java.base/java.lang.Thread.run(Thread.java:1575) ~[na:na]

2025-04-01T08:09:22.103+02:00 ERROR 7226 --- [http-nio-8080-exec-6] o.a.c.c.C.[Tomcat].[localhost]           : Exception Processing [ErrorPage[errorCode=0, location=/error]]

jakarta.servlet.ServletException: Request processing failed: org.thymeleaf.exceptions.TemplateInputException: Error resolving template [error], template might not exist or might not be accessible by any of the configured Template Resolvers
	at org.springframework.web.servlet.FrameworkServlet.processRequest(FrameworkServlet.java:1011) ~[spring-webmvc-6.0.0.jar:6.0.0]
	at org.springframework.web.servlet.FrameworkServlet.doPost(FrameworkServlet.java:906) ~[spring-webmvc-6.0.0.jar:6.0.0]
	at jakarta.servlet.http.HttpServlet.service(HttpServlet.java:590) ~[tomcat-embed-core-10.1.26.jar:10.1.26]
	at org.springframework.web.servlet.FrameworkServlet.service(FrameworkServlet.java:880) ~[spring-webmvc-6.0.0.jar:6.0.0]
	at jakarta.servlet.http.HttpServlet.service(HttpServlet.java:658) ~[tomcat-embed-core-10.1.26.jar:10.1.26]
	at org.apache.catalina.core.ApplicationFilterChain.internalDoFilter(ApplicationFilterChain.java:195) ~[tomcat-embed-core-10.1.26.jar:10.1.26]
	at org.apache.catalina.core.ApplicationFilterChain.doFilter(ApplicationFilterChain.java:140) ~[tomcat-embed-core-10.1.26.jar:10.1.26]
	at org.springframework.web.filter.RequestContextFilter.doFilterInternal(RequestContextFilter.java:100) ~[spring-web-6.1.11.jar:6.1.11]
	at org.springframework.web.filter.OncePerRequestFilter.doFilter(OncePerRequestFilter.java:116) ~[spring-web-6.1.11.jar:6.1.11]
	at org.apache.catalina.core.ApplicationFilterChain.internalDoFilter(ApplicationFilterChain.java:164) ~[tomcat-embed-core-10.1.26.jar:10.1.26]
	at org.apache.catalina.core.ApplicationFilterChain.doFilter(ApplicationFilterChain.java:140) ~[tomcat-embed-core-10.1.26.jar:10.1.26]
	at org.springframework.web.filter.OncePerRequestFilter.doFilter(OncePerRequestFilter.java:101) ~[spring-web-6.1.11.jar:6.1.11]
	at org.apache.catalina.core.ApplicationFilterChain.internalDoFilter(ApplicationFilterChain.java:164) ~[tomcat-embed-core-10.1.26.jar:10.1.26]
	at org.apache.catalina.core.ApplicationFilterChain.doFilter(ApplicationFilterChain.java:140) ~[tomcat-embed-core-10.1.26.jar:10.1.26]
	at org.springframework.web.filter.OncePerRequestFilter.doFilter(OncePerRequestFilter.java:101) ~[spring-web-6.1.11.jar:6.1.11]
	at org.apache.catalina.core.ApplicationFilterChain.internalDoFilter(ApplicationFilterChain.java:164) ~[tomcat-embed-core-10.1.26.jar:10.1.26]
	at org.apache.catalina.core.ApplicationFilterChain.doFilter(ApplicationFilterChain.java:140) ~[tomcat-embed-core-10.1.26.jar:10.1.26]
	at org.apache.catalina.core.ApplicationDispatcher.invoke(ApplicationDispatcher.java:632) ~[tomcat-embed-core-10.1.26.jar:10.1.26]
	at org.apache.catalina.core.ApplicationDispatcher.processRequest(ApplicationDispatcher.java:410) ~[tomcat-embed-core-10.1.26.jar:10.1.26]
	at org.apache.catalina.core.ApplicationDispatcher.doForward(ApplicationDispatcher.java:330) ~[tomcat-embed-core-10.1.26.jar:10.1.26]
	at org.apache.catalina.core.ApplicationDispatcher.forward(ApplicationDispatcher.java:267) ~[tomcat-embed-core-10.1.26.jar:10.1.26]
	at org.apache.catalina.core.StandardHostValve.custom(StandardHostValve.java:362) ~[tomcat-embed-core-10.1.26.jar:10.1.26]
	at org.apache.catalina.core.StandardHostValve.status(StandardHostValve.java:222) ~[tomcat-embed-core-10.1.26.jar:10.1.26]
	at org.apache.catalina.core.StandardHostValve.throwable(StandardHostValve.java:308) ~[tomcat-embed-core-10.1.26.jar:10.1.26]
	at org.apache.catalina.core.StandardHostValve.invoke(StandardHostValve.java:149) ~[tomcat-embed-core-10.1.26.jar:10.1.26]
	at org.apache.catalina.valves.ErrorReportValve.invoke(ErrorReportValve.java:93) ~[tomcat-embed-core-10.1.26.jar:10.1.26]
	at org.apache.catalina.core.StandardEngineValve.invoke(StandardEngineValve.java:74) ~[tomcat-embed-core-10.1.26.jar:10.1.26]
	at org.apache.catalina.connector.CoyoteAdapter.service(CoyoteAdapter.java:344) ~[tomcat-embed-core-10.1.26.jar:10.1.26]
	at org.apache.coyote.http11.Http11Processor.service(Http11Processor.java:389) ~[tomcat-embed-core-10.1.26.jar:10.1.26]
	at org.apache.coyote.AbstractProcessorLight.process(AbstractProcessorLight.java:63) ~[tomcat-embed-core-10.1.26.jar:10.1.26]
	at org.apache.coyote.AbstractProtocol$ConnectionHandler.process(AbstractProtocol.java:904) ~[tomcat-embed-core-10.1.26.jar:10.1.26]
	at org.apache.tomcat.util.net.NioEndpoint$SocketProcessor.doRun(NioEndpoint.java:1741) ~[tomcat-embed-core-10.1.26.jar:10.1.26]
	at org.apache.tomcat.util.net.SocketProcessorBase.run(SocketProcessorBase.java:52) ~[tomcat-embed-core-10.1.26.jar:10.1.26]
	at org.apache.tomcat.util.threads.ThreadPoolExecutor.runWorker(ThreadPoolExecutor.java:1190) ~[tomcat-embed-core-10.1.26.jar:10.1.26]
	at org.apache.tomcat.util.threads.ThreadPoolExecutor$Worker.run(ThreadPoolExecutor.java:659) ~[tomcat-embed-core-10.1.26.jar:10.1.26]
	at org.apache.tomcat.util.threads.TaskThread$WrappingRunnable.run(TaskThread.java:63) ~[tomcat-embed-core-10.1.26.jar:10.1.26]
	at java.base/java.lang.Thread.run(Thread.java:1575) ~[na:na]
Caused by: org.thymeleaf.exceptions.TemplateInputException: Error resolving template [error], template might not exist or might not be accessible by any of the configured Template Resolvers
	at org.thymeleaf.engine.TemplateManager.resolveTemplate(TemplateManager.java:869) ~[thymeleaf-3.1.2.RELEASE.jar:3.1.2.RELEASE]
	at org.thymeleaf.engine.TemplateManager.parseAndProcess(TemplateManager.java:607) ~[thymeleaf-3.1.2.RELEASE.jar:3.1.2.RELEASE]
	at org.thymeleaf.TemplateEngine.process(TemplateEngine.java:1103) ~[thymeleaf-3.1.2.RELEASE.jar:3.1.2.RELEASE]
	at org.thymeleaf.TemplateEngine.process(TemplateEngine.java:1077) ~[thymeleaf-3.1.2.RELEASE.jar:3.1.2.RELEASE]
	at org.thymeleaf.spring6.view.ThymeleafView.renderFragment(ThymeleafView.java:372) ~[thymeleaf-spring6-3.1.2.RELEASE.jar:3.1.2.RELEASE]
	at org.thymeleaf.spring6.view.ThymeleafView.render(ThymeleafView.java:192) ~[thymeleaf-spring6-3.1.2.RELEASE.jar:3.1.2.RELEASE]
	at org.springframework.web.servlet.DispatcherServlet.render(DispatcherServlet.java:1414) ~[spring-webmvc-6.0.0.jar:6.0.0]
	at org.springframework.web.servlet.DispatcherServlet.processDispatchResult(DispatcherServlet.java:1158) ~[spring-webmvc-6.0.0.jar:6.0.0]
	at org.springframework.web.servlet.DispatcherServlet.doDispatch(DispatcherServlet.java:1097) ~[spring-webmvc-6.0.0.jar:6.0.0]
	at org.springframework.web.servlet.DispatcherServlet.doService(DispatcherServlet.java:973) ~[spring-webmvc-6.0.0.jar:6.0.0]
	at org.springframework.web.servlet.FrameworkServlet.processRequest(FrameworkServlet.java:1003) ~[spring-webmvc-6.0.0.jar:6.0.0]
	... 36 common frames omitted

2025-04-01T08:12:05.361+02:00  INFO 7226 --- [SpringApplicationShutdownHook] j.LocalContainerEntityManagerFactoryBean : Closing JPA EntityManagerFactory for persistence unit 'default'
2025-04-01T08:12:05.362+02:00  INFO 7226 --- [SpringApplicationShutdownHook] com.zaxxer.hikari.HikariDataSource       : HikariPool-1 - Shutdown initiated...
2025-04-01T08:12:05.363+02:00  INFO 7226 --- [SpringApplicationShutdownHook] com.zaxxer.hikari.HikariDataSource       : HikariPool-1 - Shutdown completed.
2025-04-01T08:12:12.886+02:00  INFO 7557 --- [main] o.j.a.q.kitchensink.Application          : Starting Application using Java 23.0.2 with PID 7557 (/Users/marcosordi/Documents/mongodb/mongokitch/kitchensinkmongo/kitchensink/target/classes started by marcosordi in /Users/marcosordi/Documents/mongodb/mongokitch/kitchensinkmongo/kitchensink)
2025-04-01T08:12:12.886+02:00 DEBUG 7557 --- [main] o.j.a.q.kitchensink.Application          : Running with Spring Boot v3.3.2, Spring v6.1.11
2025-04-01T08:12:12.887+02:00  INFO 7557 --- [main] o.j.a.q.kitchensink.Application          : No active profile set, falling back to 1 default profile: "default"
2025-04-01T08:12:13.093+02:00  INFO 7557 --- [main] .s.d.r.c.RepositoryConfigurationDelegate : Multiple Spring Data modules found, entering strict repository configuration mode
2025-04-01T08:12:13.093+02:00  INFO 7557 --- [main] .s.d.r.c.RepositoryConfigurationDelegate : Bootstrapping Spring Data MongoDB repositories in DEFAULT mode.
2025-04-01T08:12:13.151+02:00  INFO 7557 --- [main] .s.d.r.c.RepositoryConfigurationDelegate : Finished Spring Data repository scanning in 56 ms. Found 1 MongoDB repository interface.
2025-04-01T08:12:13.152+02:00  INFO 7557 --- [main] .s.d.r.c.RepositoryConfigurationDelegate : Multiple Spring Data modules found, entering strict repository configuration mode
2025-04-01T08:12:13.152+02:00  INFO 7557 --- [main] .s.d.r.c.RepositoryConfigurationDelegate : Bootstrapping Spring Data MongoDB repositories in DEFAULT mode.
2025-04-01T08:12:13.154+02:00  INFO 7557 --- [main] .s.d.r.c.RepositoryConfigurationDelegate : Finished Spring Data repository scanning in 1 ms. Found 1 MongoDB repository interface.
2025-04-01T08:12:13.224+02:00  INFO 7557 --- [main] .s.d.r.c.RepositoryConfigurationDelegate : Multiple Spring Data modules found, entering strict repository configuration mode
2025-04-01T08:12:13.224+02:00  INFO 7557 --- [main] .s.d.r.c.RepositoryConfigurationDelegate : Bootstrapping Spring Data JPA repositories in DEFAULT mode.
2025-04-01T08:12:13.233+02:00  INFO 7557 --- [main] .RepositoryConfigurationExtensionSupport : Spring Data JPA - Could not safely identify store assignment for repository candidate interface org.jboss.as.quickstarts.kitchensink.data.MemberRepository; If you want this repository to be a JPA repository, consider annotating your entities with one of these annotations: jakarta.persistence.Entity, jakarta.persistence.MappedSuperclass (preferred), or consider extending one of the following types with your repository: org.springframework.data.jpa.repository.JpaRepository
2025-04-01T08:12:13.233+02:00  INFO 7557 --- [main] .s.d.r.c.RepositoryConfigurationDelegate : Finished Spring Data repository scanning in 7 ms. Found 0 JPA repository interfaces.
2025-04-01T08:12:13.461+02:00  INFO 7557 --- [main] o.s.b.w.embedded.tomcat.TomcatWebServer  : Tomcat initialized with port 8080 (http)
2025-04-01T08:12:13.466+02:00  INFO 7557 --- [main] o.apache.catalina.core.StandardService   : Starting service [Tomcat]
2025-04-01T08:12:13.467+02:00  INFO 7557 --- [main] o.apache.catalina.core.StandardEngine    : Starting Servlet engine: [Apache Tomcat/10.1.26]
2025-04-01T08:12:13.492+02:00  INFO 7557 --- [main] o.a.c.c.C.[Tomcat].[localhost].[/]       : Initializing Spring embedded WebApplicationContext
2025-04-01T08:12:13.492+02:00  INFO 7557 --- [main] w.s.c.ServletWebServerApplicationContext : Root WebApplicationContext: initialization completed in 579 ms
2025-04-01T08:12:13.505+02:00  INFO 7557 --- [main] com.zaxxer.hikari.HikariDataSource       : HikariPool-1 - Starting...
2025-04-01T08:12:13.582+02:00  INFO 7557 --- [main] com.zaxxer.hikari.pool.HikariPool        : HikariPool-1 - Added connection conn0: url=jdbc:h2:mem:b1eafcc9-466c-4ca3-91dd-1f5593adcf34 user=SA
2025-04-01T08:12:13.583+02:00  INFO 7557 --- [main] com.zaxxer.hikari.HikariDataSource       : HikariPool-1 - Start completed.
2025-04-01T08:12:13.589+02:00  INFO 7557 --- [main] o.s.b.a.h2.H2ConsoleAutoConfiguration    : H2 console available at '/h2-console'. Database available at 'jdbc:h2:mem:b1eafcc9-466c-4ca3-91dd-1f5593adcf34'
2025-04-01T08:12:13.791+02:00  INFO 7557 --- [main] SQL dialect                              : HHH000400: Using dialect: org.hibernate.dialect.H2Dialect
2025-04-01T08:12:13.901+02:00  INFO 7557 --- [main] j.LocalContainerEntityManagerFactoryBean : Initialized JPA EntityManagerFactory for persistence unit 'default'
2025-04-01T08:12:13.974+02:00  INFO 7557 --- [main] org.mongodb.driver.client                : MongoClient with metadata {"driver": {"name": "mongo-java-driver|sync|spring-boot", "version": "5.0.1"}, "os": {"type": "Darwin", "name": "Mac OS X", "architecture": "aarch64", "version": "14.6.1"}, "platform": "Java/Homebrew/23.0.2"} created with settings MongoClientSettings{readPreference=primary, writeConcern=WriteConcern{w=null, wTimeout=null ms, journal=null}, retryWrites=true, retryReads=true, readConcern=ReadConcern{level=null}, credential=null, transportSettings=null, commandListeners=[], codecRegistry=ProvidersCodecRegistry{codecProviders=[ValueCodecProvider{}, BsonValueCodecProvider{}, DBRefCodecProvider{}, DBObjectCodecProvider{}, DocumentCodecProvider{}, CollectionCodecProvider{}, IterableCodecProvider{}, MapCodecProvider{}, GeoJsonCodecProvider{}, GridFSFileCodecProvider{}, Jsr310CodecProvider{}, JsonObjectCodecProvider{}, BsonCodecProvider{}, EnumCodecProvider{}, com.mongodb.client.model.mql.ExpressionCodecProvider@252d8df6, com.mongodb.Jep395RecordCodecProvider@36638b59, com.mongodb.KotlinCodecProvider@2f8f40cc]}, loggerSettings=LoggerSettings{maxDocumentLength=1000}, clusterSettings={hosts=[localhost:27017], srvServiceName=mongodb, mode=SINGLE, requiredClusterType=UNKNOWN, requiredReplicaSetName='null', serverSelector='null', clusterListeners='[]', serverSelectionTimeout='30000 ms', localThreshold='15 ms'}, socketSettings=SocketSettings{connectTimeoutMS=10000, readTimeoutMS=0, receiveBufferSize=0, proxySettings=ProxySettings{host=null, port=null, username=null, password=null}}, heartbeatSocketSettings=SocketSettings{connectTimeoutMS=10000, readTimeoutMS=10000, receiveBufferSize=0, proxySettings=ProxySettings{host=null, port=null, username=null, password=null}}, connectionPoolSettings=ConnectionPoolSettings{maxSize=100, minSize=0, maxWaitTimeMS=120000, maxConnectionLifeTimeMS=0, maxConnectionIdleTimeMS=0, maintenanceInitialDelayMS=0, maintenanceFrequencyMS=60000, connectionPoolListeners=[], maxConnecting=2}, serverSettings=ServerSettings{heartbeatFrequencyMS=10000, minHeartbeatFrequencyMS=500, serverListeners='[]', serverMonitorListeners='[]'}, sslSettings=SslSettings{enabled=false, invalidHostNameAllowed=false, context=null}, applicationName='null', compressorList=[], uuidRepresentation=JAVA_LEGACY, serverApi=null, autoEncryptionSettings=null, dnsClient=null, inetAddressResolver=null, contextProvider=null}
2025-04-01T08:12:13.992+02:00  INFO 7557 --- [cluster-ClusterId{value='67eb83bdb24942431c6234ed', description='null'}-localhost:27017] org.mongodb.driver.cluster               : Monitor thread successfully connected to server with description ServerDescription{address=localhost:27017, type=STANDALONE, state=CONNECTED, ok=true, minWireVersion=0, maxWireVersion=25, maxDocumentSize=16777216, logicalSessionTimeoutMinutes=30, roundTripTimeNanos=9277250}
2025-04-01T08:12:14.151+02:00  INFO 7557 --- [main] o.j.a.q.k.controller.MemberController    : Total members cazzo found: 7
2025-04-01T08:12:14.216+02:00  WARN 7557 --- [main] JpaBaseConfiguration$JpaWebConfiguration : spring.jpa.open-in-view is enabled by default. Therefore, database queries may be performed during view rendering. Explicitly configure spring.jpa.open-in-view to disable this warning
2025-04-01T08:12:14.227+02:00  INFO 7557 --- [main] o.s.b.a.w.s.WelcomePageHandlerMapping    : Adding welcome page: ServletContext resource [/index.html]
2025-04-01T08:12:14.254+02:00 DEBUG 7557 --- [main] s.w.s.m.m.a.RequestMappingHandlerMapping : 10 mappings in 'requestMappingHandlerMapping'
2025-04-01T08:12:14.293+02:00 DEBUG 7557 --- [main] o.s.w.s.handler.SimpleUrlHandlerMapping  : Patterns [/webjars/**, /**] in 'resourceHandlerMapping'
2025-04-01T08:12:14.311+02:00 DEBUG 7557 --- [main] s.w.s.m.m.a.RequestMappingHandlerAdapter : ControllerAdvice beans: 0 @ModelAttribute, 0 @InitBinder, 1 RequestBodyAdvice, 1 ResponseBodyAdvice
2025-04-01T08:12:14.325+02:00 DEBUG 7557 --- [main] .m.m.a.ExceptionHandlerExceptionResolver : ControllerAdvice beans: 0 @ExceptionHandler, 1 ResponseBodyAdvice
2025-04-01T08:12:14.389+02:00  INFO 7557 --- [main] o.s.b.w.embedded.tomcat.TomcatWebServer  : Tomcat started on port 8080 (http) with context path '/'
2025-04-01T08:12:14.393+02:00  INFO 7557 --- [main] o.j.a.q.kitchensink.Application          : Started Application in 1.684 seconds (process running for 1.842)
2025-04-01T08:12:21.473+02:00  INFO 7557 --- [http-nio-8080-exec-1] o.a.c.c.C.[Tomcat].[localhost].[/]       : Initializing Spring DispatcherServlet 'dispatcherServlet'
2025-04-01T08:12:21.473+02:00  INFO 7557 --- [http-nio-8080-exec-1] o.s.web.servlet.DispatcherServlet        : Initializing Servlet 'dispatcherServlet'
2025-04-01T08:12:21.473+02:00 DEBUG 7557 --- [http-nio-8080-exec-1] o.s.web.servlet.DispatcherServlet        : Detected StandardServletMultipartResolver
2025-04-01T08:12:21.473+02:00 DEBUG 7557 --- [http-nio-8080-exec-1] o.s.web.servlet.DispatcherServlet        : Detected AcceptHeaderLocaleResolver
2025-04-01T08:12:21.474+02:00 DEBUG 7557 --- [http-nio-8080-exec-1] o.s.web.servlet.DispatcherServlet        : Detected FixedThemeResolver
2025-04-01T08:12:21.474+02:00 DEBUG 7557 --- [http-nio-8080-exec-1] o.s.web.servlet.DispatcherServlet        : Detected org.springframework.web.servlet.view.DefaultRequestToViewNameTranslator@4e13af1b
2025-04-01T08:12:21.474+02:00 DEBUG 7557 --- [http-nio-8080-exec-1] o.s.web.servlet.DispatcherServlet        : Detected org.springframework.web.servlet.support.SessionFlashMapManager@3aa8c337
2025-04-01T08:12:21.474+02:00 DEBUG 7557 --- [http-nio-8080-exec-1] o.s.web.servlet.DispatcherServlet        : enableLoggingRequestDetails='false': request parameters and headers will be masked to prevent unsafe logging of potentially sensitive data
2025-04-01T08:12:21.475+02:00  INFO 7557 --- [http-nio-8080-exec-1] o.s.web.servlet.DispatcherServlet        : Completed initialization in 1 ms
2025-04-01T08:12:21.478+02:00 DEBUG 7557 --- [http-nio-8080-exec-1] o.s.web.servlet.DispatcherServlet        : GET "/index", parameters={}
2025-04-01T08:12:21.483+02:00 DEBUG 7557 --- [http-nio-8080-exec-1] s.w.s.m.m.a.RequestMappingHandlerMapping : Mapped to org.jboss.as.quickstarts.kitchensink.controller.HomeController#index(Model)
2025-04-01T08:12:21.523+02:00 DEBUG 7557 --- [http-nio-8080-exec-1] o.s.w.s.v.ContentNegotiatingViewResolver : Selected 'text/html' given [text/html, application/xhtml+xml, image/avif, image/webp, image/apng, application/xml;q=0.9, */*;q=0.8, application/signed-exchange;v=b3;q=0.7]
2025-04-01T08:12:21.680+02:00 DEBUG 7557 --- [http-nio-8080-exec-1] o.s.web.servlet.DispatcherServlet        : Completed 200 OK
2025-04-01T08:12:30.727+02:00 DEBUG 7557 --- [http-nio-8080-exec-2] o.s.web.servlet.DispatcherServlet        : POST "/members/register", parameters={masked}
2025-04-01T08:12:30.728+02:00 DEBUG 7557 --- [http-nio-8080-exec-2] s.w.s.m.m.a.RequestMappingHandlerMapping : Mapped to org.jboss.as.quickstarts.kitchensink.controller.MemberRestController#register(Member, BindingResult, RedirectAttributes)
2025-04-01T08:12:30.741+02:00 DEBUG 7557 --- [http-nio-8080-exec-2] o.s.web.method.HandlerMethod             : Could not resolve parameter [0] in public java.lang.String org.jboss.as.quickstarts.kitchensink.controller.MemberRestController.register(org.jboss.as.quickstarts.kitchensink.model.Member,org.springframework.validation.BindingResult,org.springframework.web.servlet.mvc.support.RedirectAttributes): class org.springframework.web.servlet.mvc.method.annotation.ExtendedServletRequestDataBinder cannot be cast to class org.springframework.web.bind.support.WebRequestDataBinder (org.springframework.web.servlet.mvc.method.annotation.ExtendedServletRequestDataBinder and org.springframework.web.bind.support.WebRequestDataBinder are in unnamed module of loader 'app')
2025-04-01T08:12:30.742+02:00 DEBUG 7557 --- [http-nio-8080-exec-2] o.s.web.servlet.DispatcherServlet        : Failed to complete request: java.lang.ClassCastException: class org.springframework.web.servlet.mvc.method.annotation.ExtendedServletRequestDataBinder cannot be cast to class org.springframework.web.bind.support.WebRequestDataBinder (org.springframework.web.servlet.mvc.method.annotation.ExtendedServletRequestDataBinder and org.springframework.web.bind.support.WebRequestDataBinder are in unnamed module of loader 'app')
2025-04-01T08:12:30.743+02:00 ERROR 7557 --- [http-nio-8080-exec-2] o.a.c.c.C.[.[.[/].[dispatcherServlet]    : Servlet.service() for servlet [dispatcherServlet] in context with path [] threw exception [Request processing failed: java.lang.ClassCastException: class org.springframework.web.servlet.mvc.method.annotation.ExtendedServletRequestDataBinder cannot be cast to class org.springframework.web.bind.support.WebRequestDataBinder (org.springframework.web.servlet.mvc.method.annotation.ExtendedServletRequestDataBinder and org.springframework.web.bind.support.WebRequestDataBinder are in unnamed module of loader 'app')] with root cause

java.lang.ClassCastException: class org.springframework.web.servlet.mvc.method.annotation.ExtendedServletRequestDataBinder cannot be cast to class org.springframework.web.bind.support.WebRequestDataBinder (org.springframework.web.servlet.mvc.method.annotation.ExtendedServletRequestDataBinder and org.springframework.web.bind.support.WebRequestDataBinder are in unnamed module of loader 'app')
	at org.springframework.web.method.annotation.ModelAttributeMethodProcessor.constructAttribute(ModelAttributeMethodProcessor.java:207) ~[spring-web-6.1.11.jar:6.1.11]
	at org.springframework.web.method.annotation.ModelAttributeMethodProcessor.resolveArgument(ModelAttributeMethodProcessor.java:148) ~[spring-web-6.1.11.jar:6.1.11]
	at org.springframework.web.method.support.HandlerMethodArgumentResolverComposite.resolveArgument(HandlerMethodArgumentResolverComposite.java:122) ~[spring-web-6.1.11.jar:6.1.11]
	at org.springframework.web.method.support.InvocableHandlerMethod.getMethodArgumentValues(InvocableHandlerMethod.java:224) ~[spring-web-6.1.11.jar:6.1.11]
	at org.springframework.web.method.support.InvocableHandlerMethod.invokeForRequest(InvocableHandlerMethod.java:178) ~[spring-web-6.1.11.jar:6.1.11]
	at org.springframework.web.servlet.mvc.method.annotation.ServletInvocableHandlerMethod.invokeAndHandle(ServletInvocableHandlerMethod.java:117) ~[spring-webmvc-6.0.0.jar:6.0.0]
	at org.springframework.web.servlet.mvc.method.annotation.RequestMappingHandlerAdapter.invokeHandlerMethod(RequestMappingHandlerAdapter.java:891) ~[spring-webmvc-6.0.0.jar:6.0.0]
	at org.springframework.web.servlet.mvc.method.annotation.RequestMappingHandlerAdapter.handleInternal(RequestMappingHandlerAdapter.java:804) ~[spring-webmvc-6.0.0.jar:6.0.0]
	at org.springframework.web.servlet.mvc.method.AbstractHandlerMethodAdapter.handle(AbstractHandlerMethodAdapter.java:87) ~[spring-webmvc-6.0.0.jar:6.0.0]
	at org.springframework.web.servlet.DispatcherServlet.doDispatch(DispatcherServlet.java:1080) ~[spring-webmvc-6.0.0.jar:6.0.0]
	at org.springframework.web.servlet.DispatcherServlet.doService(DispatcherServlet.java:973) ~[spring-webmvc-6.0.0.jar:6.0.0]
	at org.springframework.web.servlet.FrameworkServlet.processRequest(FrameworkServlet.java:1003) ~[spring-webmvc-6.0.0.jar:6.0.0]
	at org.springframework.web.servlet.FrameworkServlet.doPost(FrameworkServlet.java:906) ~[spring-webmvc-6.0.0.jar:6.0.0]
	at jakarta.servlet.http.HttpServlet.service(HttpServlet.java:590) ~[tomcat-embed-core-10.1.26.jar:10.1.26]
	at org.springframework.web.servlet.FrameworkServlet.service(FrameworkServlet.java:880) ~[spring-webmvc-6.0.0.jar:6.0.0]
	at jakarta.servlet.http.HttpServlet.service(HttpServlet.java:658) ~[tomcat-embed-core-10.1.26.jar:10.1.26]
	at org.apache.catalina.core.ApplicationFilterChain.internalDoFilter(ApplicationFilterChain.java:195) ~[tomcat-embed-core-10.1.26.jar:10.1.26]
	at org.apache.catalina.core.ApplicationFilterChain.doFilter(ApplicationFilterChain.java:140) ~[tomcat-embed-core-10.1.26.jar:10.1.26]
	at org.apache.tomcat.websocket.server.WsFilter.doFilter(WsFilter.java:51) ~[tomcat-embed-websocket-10.1.26.jar:10.1.26]
	at org.apache.catalina.core.ApplicationFilterChain.internalDoFilter(ApplicationFilterChain.java:164) ~[tomcat-embed-core-10.1.26.jar:10.1.26]
	at org.apache.catalina.core.ApplicationFilterChain.doFilter(ApplicationFilterChain.java:140) ~[tomcat-embed-core-10.1.26.jar:10.1.26]
	at org.springframework.web.filter.RequestContextFilter.doFilterInternal(RequestContextFilter.java:100) ~[spring-web-6.1.11.jar:6.1.11]
	at org.springframework.web.filter.OncePerRequestFilter.doFilter(OncePerRequestFilter.java:116) ~[spring-web-6.1.11.jar:6.1.11]
	at org.apache.catalina.core.ApplicationFilterChain.internalDoFilter(ApplicationFilterChain.java:164) ~[tomcat-embed-core-10.1.26.jar:10.1.26]
	at org.apache.catalina.core.ApplicationFilterChain.doFilter(ApplicationFilterChain.java:140) ~[tomcat-embed-core-10.1.26.jar:10.1.26]
	at org.springframework.web.filter.FormContentFilter.doFilterInternal(FormContentFilter.java:93) ~[spring-web-6.1.11.jar:6.1.11]
	at org.springframework.web.filter.OncePerRequestFilter.doFilter(OncePerRequestFilter.java:116) ~[spring-web-6.1.11.jar:6.1.11]
	at org.apache.catalina.core.ApplicationFilterChain.internalDoFilter(ApplicationFilterChain.java:164) ~[tomcat-embed-core-10.1.26.jar:10.1.26]
	at org.apache.catalina.core.ApplicationFilterChain.doFilter(ApplicationFilterChain.java:140) ~[tomcat-embed-core-10.1.26.jar:10.1.26]
	at org.springframework.web.filter.CharacterEncodingFilter.doFilterInternal(CharacterEncodingFilter.java:201) ~[spring-web-6.1.11.jar:6.1.11]
	at org.springframework.web.filter.OncePerRequestFilter.doFilter(OncePerRequestFilter.java:116) ~[spring-web-6.1.11.jar:6.1.11]
	at org.apache.catalina.core.ApplicationFilterChain.internalDoFilter(ApplicationFilterChain.java:164) ~[tomcat-embed-core-10.1.26.jar:10.1.26]
	at org.apache.catalina.core.ApplicationFilterChain.doFilter(ApplicationFilterChain.java:140) ~[tomcat-embed-core-10.1.26.jar:10.1.26]
	at org.apache.catalina.core.StandardWrapperValve.invoke(StandardWrapperValve.java:167) ~[tomcat-embed-core-10.1.26.jar:10.1.26]
	at org.apache.catalina.core.StandardContextValve.invoke(StandardContextValve.java:90) ~[tomcat-embed-core-10.1.26.jar:10.1.26]
	at org.apache.catalina.authenticator.AuthenticatorBase.invoke(AuthenticatorBase.java:483) ~[tomcat-embed-core-10.1.26.jar:10.1.26]
	at org.apache.catalina.core.StandardHostValve.invoke(StandardHostValve.java:115) ~[tomcat-embed-core-10.1.26.jar:10.1.26]
	at org.apache.catalina.valves.ErrorReportValve.invoke(ErrorReportValve.java:93) ~[tomcat-embed-core-10.1.26.jar:10.1.26]
	at org.apache.catalina.core.StandardEngineValve.invoke(StandardEngineValve.java:74) ~[tomcat-embed-core-10.1.26.jar:10.1.26]
	at org.apache.catalina.connector.CoyoteAdapter.service(CoyoteAdapter.java:344) ~[tomcat-embed-core-10.1.26.jar:10.1.26]
	at org.apache.coyote.http11.Http11Processor.service(Http11Processor.java:389) ~[tomcat-embed-core-10.1.26.jar:10.1.26]
	at org.apache.coyote.AbstractProcessorLight.process(AbstractProcessorLight.java:63) ~[tomcat-embed-core-10.1.26.jar:10.1.26]
	at org.apache.coyote.AbstractProtocol$ConnectionHandler.process(AbstractProtocol.java:904) ~[tomcat-embed-core-10.1.26.jar:10.1.26]
	at org.apache.tomcat.util.net.NioEndpoint$SocketProcessor.doRun(NioEndpoint.java:1741) ~[tomcat-embed-core-10.1.26.jar:10.1.26]
	at org.apache.tomcat.util.net.SocketProcessorBase.run(SocketProcessorBase.java:52) ~[tomcat-embed-core-10.1.26.jar:10.1.26]
	at org.apache.tomcat.util.threads.ThreadPoolExecutor.runWorker(ThreadPoolExecutor.java:1190) ~[tomcat-embed-core-10.1.26.jar:10.1.26]
	at org.apache.tomcat.util.threads.ThreadPoolExecutor$Worker.run(ThreadPoolExecutor.java:659) ~[tomcat-embed-core-10.1.26.jar:10.1.26]
	at org.apache.tomcat.util.threads.TaskThread$WrappingRunnable.run(TaskThread.java:63) ~[tomcat-embed-core-10.1.26.jar:10.1.26]
	at java.base/java.lang.Thread.run(Thread.java:1575) ~[na:na]

2025-04-01T08:12:30.748+02:00 DEBUG 7557 --- [http-nio-8080-exec-2] o.s.web.servlet.DispatcherServlet        : "ERROR" dispatch for POST "/error", parameters={masked}
2025-04-01T08:12:30.749+02:00 DEBUG 7557 --- [http-nio-8080-exec-2] s.w.s.m.m.a.RequestMappingHandlerMapping : Mapped to org.springframework.boot.autoconfigure.web.servlet.error.BasicErrorController#errorHtml(HttpServletRequest, HttpServletResponse)
2025-04-01T08:12:30.758+02:00 DEBUG 7557 --- [http-nio-8080-exec-2] o.s.w.s.v.ContentNegotiatingViewResolver : Selected 'text/html' given [text/html, text/html;q=0.8]
2025-04-01T08:12:30.759+02:00 ERROR 7557 --- [http-nio-8080-exec-2] org.thymeleaf.TemplateEngine             : [THYMELEAF][http-nio-8080-exec-2] Exception processing template "error": Error resolving template [error], template might not exist or might not be accessible by any of the configured Template Resolvers

org.thymeleaf.exceptions.TemplateInputException: Error resolving template [error], template might not exist or might not be accessible by any of the configured Template Resolvers
	at org.thymeleaf.engine.TemplateManager.resolveTemplate(TemplateManager.java:869) ~[thymeleaf-3.1.2.RELEASE.jar:3.1.2.RELEASE]
	at org.thymeleaf.engine.TemplateManager.parseAndProcess(TemplateManager.java:607) ~[thymeleaf-3.1.2.RELEASE.jar:3.1.2.RELEASE]
	at org.thymeleaf.TemplateEngine.process(TemplateEngine.java:1103) ~[thymeleaf-3.1.2.RELEASE.jar:3.1.2.RELEASE]
	at org.thymeleaf.TemplateEngine.process(TemplateEngine.java:1077) ~[thymeleaf-3.1.2.RELEASE.jar:3.1.2.RELEASE]
	at org.thymeleaf.spring6.view.ThymeleafView.renderFragment(ThymeleafView.java:372) ~[thymeleaf-spring6-3.1.2.RELEASE.jar:3.1.2.RELEASE]
	at org.thymeleaf.spring6.view.ThymeleafView.render(ThymeleafView.java:192) ~[thymeleaf-spring6-3.1.2.RELEASE.jar:3.1.2.RELEASE]
	at org.springframework.web.servlet.DispatcherServlet.render(DispatcherServlet.java:1414) ~[spring-webmvc-6.0.0.jar:6.0.0]
	at org.springframework.web.servlet.DispatcherServlet.processDispatchResult(DispatcherServlet.java:1158) ~[spring-webmvc-6.0.0.jar:6.0.0]
	at org.springframework.web.servlet.DispatcherServlet.doDispatch(DispatcherServlet.java:1097) ~[spring-webmvc-6.0.0.jar:6.0.0]
	at org.springframework.web.servlet.DispatcherServlet.doService(DispatcherServlet.java:973) ~[spring-webmvc-6.0.0.jar:6.0.0]
	at org.springframework.web.servlet.FrameworkServlet.processRequest(FrameworkServlet.java:1003) ~[spring-webmvc-6.0.0.jar:6.0.0]
	at org.springframework.web.servlet.FrameworkServlet.doPost(FrameworkServlet.java:906) ~[spring-webmvc-6.0.0.jar:6.0.0]
	at jakarta.servlet.http.HttpServlet.service(HttpServlet.java:590) ~[tomcat-embed-core-10.1.26.jar:10.1.26]
	at org.springframework.web.servlet.FrameworkServlet.service(FrameworkServlet.java:880) ~[spring-webmvc-6.0.0.jar:6.0.0]
	at jakarta.servlet.http.HttpServlet.service(HttpServlet.java:658) ~[tomcat-embed-core-10.1.26.jar:10.1.26]
	at org.apache.catalina.core.ApplicationFilterChain.internalDoFilter(ApplicationFilterChain.java:195) ~[tomcat-embed-core-10.1.26.jar:10.1.26]
	at org.apache.catalina.core.ApplicationFilterChain.doFilter(ApplicationFilterChain.java:140) ~[tomcat-embed-core-10.1.26.jar:10.1.26]
	at org.springframework.web.filter.RequestContextFilter.doFilterInternal(RequestContextFilter.java:100) ~[spring-web-6.1.11.jar:6.1.11]
	at org.springframework.web.filter.OncePerRequestFilter.doFilter(OncePerRequestFilter.java:116) ~[spring-web-6.1.11.jar:6.1.11]
	at org.apache.catalina.core.ApplicationFilterChain.internalDoFilter(ApplicationFilterChain.java:164) ~[tomcat-embed-core-10.1.26.jar:10.1.26]
	at org.apache.catalina.core.ApplicationFilterChain.doFilter(ApplicationFilterChain.java:140) ~[tomcat-embed-core-10.1.26.jar:10.1.26]
	at org.springframework.web.filter.OncePerRequestFilter.doFilter(OncePerRequestFilter.java:101) ~[spring-web-6.1.11.jar:6.1.11]
	at org.apache.catalina.core.ApplicationFilterChain.internalDoFilter(ApplicationFilterChain.java:164) ~[tomcat-embed-core-10.1.26.jar:10.1.26]
	at org.apache.catalina.core.ApplicationFilterChain.doFilter(ApplicationFilterChain.java:140) ~[tomcat-embed-core-10.1.26.jar:10.1.26]
	at org.springframework.web.filter.OncePerRequestFilter.doFilter(OncePerRequestFilter.java:101) ~[spring-web-6.1.11.jar:6.1.11]
	at org.apache.catalina.core.ApplicationFilterChain.internalDoFilter(ApplicationFilterChain.java:164) ~[tomcat-embed-core-10.1.26.jar:10.1.26]
	at org.apache.catalina.core.ApplicationFilterChain.doFilter(ApplicationFilterChain.java:140) ~[tomcat-embed-core-10.1.26.jar:10.1.26]
	at org.apache.catalina.core.ApplicationDispatcher.invoke(ApplicationDispatcher.java:632) ~[tomcat-embed-core-10.1.26.jar:10.1.26]
	at org.apache.catalina.core.ApplicationDispatcher.processRequest(ApplicationDispatcher.java:410) ~[tomcat-embed-core-10.1.26.jar:10.1.26]
	at org.apache.catalina.core.ApplicationDispatcher.doForward(ApplicationDispatcher.java:330) ~[tomcat-embed-core-10.1.26.jar:10.1.26]
	at org.apache.catalina.core.ApplicationDispatcher.forward(ApplicationDispatcher.java:267) ~[tomcat-embed-core-10.1.26.jar:10.1.26]
	at org.apache.catalina.core.StandardHostValve.custom(StandardHostValve.java:362) ~[tomcat-embed-core-10.1.26.jar:10.1.26]
	at org.apache.catalina.core.StandardHostValve.status(StandardHostValve.java:222) ~[tomcat-embed-core-10.1.26.jar:10.1.26]
	at org.apache.catalina.core.StandardHostValve.throwable(StandardHostValve.java:308) ~[tomcat-embed-core-10.1.26.jar:10.1.26]
	at org.apache.catalina.core.StandardHostValve.invoke(StandardHostValve.java:149) ~[tomcat-embed-core-10.1.26.jar:10.1.26]
	at org.apache.catalina.valves.ErrorReportValve.invoke(ErrorReportValve.java:93) ~[tomcat-embed-core-10.1.26.jar:10.1.26]
	at org.apache.catalina.core.StandardEngineValve.invoke(StandardEngineValve.java:74) ~[tomcat-embed-core-10.1.26.jar:10.1.26]
	at org.apache.catalina.connector.CoyoteAdapter.service(CoyoteAdapter.java:344) ~[tomcat-embed-core-10.1.26.jar:10.1.26]
	at org.apache.coyote.http11.Http11Processor.service(Http11Processor.java:389) ~[tomcat-embed-core-10.1.26.jar:10.1.26]
	at org.apache.coyote.AbstractProcessorLight.process(AbstractProcessorLight.java:63) ~[tomcat-embed-core-10.1.26.jar:10.1.26]
	at org.apache.coyote.AbstractProtocol$ConnectionHandler.process(AbstractProtocol.java:904) ~[tomcat-embed-core-10.1.26.jar:10.1.26]
	at org.apache.tomcat.util.net.NioEndpoint$SocketProcessor.doRun(NioEndpoint.java:1741) ~[tomcat-embed-core-10.1.26.jar:10.1.26]
	at org.apache.tomcat.util.net.SocketProcessorBase.run(SocketProcessorBase.java:52) ~[tomcat-embed-core-10.1.26.jar:10.1.26]
	at org.apache.tomcat.util.threads.ThreadPoolExecutor.runWorker(ThreadPoolExecutor.java:1190) ~[tomcat-embed-core-10.1.26.jar:10.1.26]
	at org.apache.tomcat.util.threads.ThreadPoolExecutor$Worker.run(ThreadPoolExecutor.java:659) ~[tomcat-embed-core-10.1.26.jar:10.1.26]
	at org.apache.tomcat.util.threads.TaskThread$WrappingRunnable.run(TaskThread.java:63) ~[tomcat-embed-core-10.1.26.jar:10.1.26]
	at java.base/java.lang.Thread.run(Thread.java:1575) ~[na:na]

2025-04-01T08:12:30.760+02:00 DEBUG 7557 --- [http-nio-8080-exec-2] o.s.web.servlet.DispatcherServlet        : Error rendering view [org.thymeleaf.spring6.view.ThymeleafView@39e463e5]

org.thymeleaf.exceptions.TemplateInputException: Error resolving template [error], template might not exist or might not be accessible by any of the configured Template Resolvers
	at org.thymeleaf.engine.TemplateManager.resolveTemplate(TemplateManager.java:869) ~[thymeleaf-3.1.2.RELEASE.jar:3.1.2.RELEASE]
	at org.thymeleaf.engine.TemplateManager.parseAndProcess(TemplateManager.java:607) ~[thymeleaf-3.1.2.RELEASE.jar:3.1.2.RELEASE]
	at org.thymeleaf.TemplateEngine.process(TemplateEngine.java:1103) ~[thymeleaf-3.1.2.RELEASE.jar:3.1.2.RELEASE]
	at org.thymeleaf.TemplateEngine.process(TemplateEngine.java:1077) ~[thymeleaf-3.1.2.RELEASE.jar:3.1.2.RELEASE]
	at org.thymeleaf.spring6.view.ThymeleafView.renderFragment(ThymeleafView.java:372) ~[thymeleaf-spring6-3.1.2.RELEASE.jar:3.1.2.RELEASE]
	at org.thymeleaf.spring6.view.ThymeleafView.render(ThymeleafView.java:192) ~[thymeleaf-spring6-3.1.2.RELEASE.jar:3.1.2.RELEASE]
	at org.springframework.web.servlet.DispatcherServlet.render(DispatcherServlet.java:1414) ~[spring-webmvc-6.0.0.jar:6.0.0]
	at org.springframework.web.servlet.DispatcherServlet.processDispatchResult(DispatcherServlet.java:1158) ~[spring-webmvc-6.0.0.jar:6.0.0]
	at org.springframework.web.servlet.DispatcherServlet.doDispatch(DispatcherServlet.java:1097) ~[spring-webmvc-6.0.0.jar:6.0.0]
	at org.springframework.web.servlet.DispatcherServlet.doService(DispatcherServlet.java:973) ~[spring-webmvc-6.0.0.jar:6.0.0]
	at org.springframework.web.servlet.FrameworkServlet.processRequest(FrameworkServlet.java:1003) ~[spring-webmvc-6.0.0.jar:6.0.0]
	at org.springframework.web.servlet.FrameworkServlet.doPost(FrameworkServlet.java:906) ~[spring-webmvc-6.0.0.jar:6.0.0]
	at jakarta.servlet.http.HttpServlet.service(HttpServlet.java:590) ~[tomcat-embed-core-10.1.26.jar:10.1.26]
	at org.springframework.web.servlet.FrameworkServlet.service(FrameworkServlet.java:880) ~[spring-webmvc-6.0.0.jar:6.0.0]
	at jakarta.servlet.http.HttpServlet.service(HttpServlet.java:658) ~[tomcat-embed-core-10.1.26.jar:10.1.26]
	at org.apache.catalina.core.ApplicationFilterChain.internalDoFilter(ApplicationFilterChain.java:195) ~[tomcat-embed-core-10.1.26.jar:10.1.26]
	at org.apache.catalina.core.ApplicationFilterChain.doFilter(ApplicationFilterChain.java:140) ~[tomcat-embed-core-10.1.26.jar:10.1.26]
	at org.springframework.web.filter.RequestContextFilter.doFilterInternal(RequestContextFilter.java:100) ~[spring-web-6.1.11.jar:6.1.11]
	at org.springframework.web.filter.OncePerRequestFilter.doFilter(OncePerRequestFilter.java:116) ~[spring-web-6.1.11.jar:6.1.11]
	at org.apache.catalina.core.ApplicationFilterChain.internalDoFilter(ApplicationFilterChain.java:164) ~[tomcat-embed-core-10.1.26.jar:10.1.26]
	at org.apache.catalina.core.ApplicationFilterChain.doFilter(ApplicationFilterChain.java:140) ~[tomcat-embed-core-10.1.26.jar:10.1.26]
	at org.springframework.web.filter.OncePerRequestFilter.doFilter(OncePerRequestFilter.java:101) ~[spring-web-6.1.11.jar:6.1.11]
	at org.apache.catalina.core.ApplicationFilterChain.internalDoFilter(ApplicationFilterChain.java:164) ~[tomcat-embed-core-10.1.26.jar:10.1.26]
	at org.apache.catalina.core.ApplicationFilterChain.doFilter(ApplicationFilterChain.java:140) ~[tomcat-embed-core-10.1.26.jar:10.1.26]
	at org.springframework.web.filter.OncePerRequestFilter.doFilter(OncePerRequestFilter.java:101) ~[spring-web-6.1.11.jar:6.1.11]
	at org.apache.catalina.core.ApplicationFilterChain.internalDoFilter(ApplicationFilterChain.java:164) ~[tomcat-embed-core-10.1.26.jar:10.1.26]
	at org.apache.catalina.core.ApplicationFilterChain.doFilter(ApplicationFilterChain.java:140) ~[tomcat-embed-core-10.1.26.jar:10.1.26]
	at org.apache.catalina.core.ApplicationDispatcher.invoke(ApplicationDispatcher.java:632) ~[tomcat-embed-core-10.1.26.jar:10.1.26]
	at org.apache.catalina.core.ApplicationDispatcher.processRequest(ApplicationDispatcher.java:410) ~[tomcat-embed-core-10.1.26.jar:10.1.26]
	at org.apache.catalina.core.ApplicationDispatcher.doForward(ApplicationDispatcher.java:330) ~[tomcat-embed-core-10.1.26.jar:10.1.26]
	at org.apache.catalina.core.ApplicationDispatcher.forward(ApplicationDispatcher.java:267) ~[tomcat-embed-core-10.1.26.jar:10.1.26]
	at org.apache.catalina.core.StandardHostValve.custom(StandardHostValve.java:362) ~[tomcat-embed-core-10.1.26.jar:10.1.26]
	at org.apache.catalina.core.StandardHostValve.status(StandardHostValve.java:222) ~[tomcat-embed-core-10.1.26.jar:10.1.26]
	at org.apache.catalina.core.StandardHostValve.throwable(StandardHostValve.java:308) ~[tomcat-embed-core-10.1.26.jar:10.1.26]
	at org.apache.catalina.core.StandardHostValve.invoke(StandardHostValve.java:149) ~[tomcat-embed-core-10.1.26.jar:10.1.26]
	at org.apache.catalina.valves.ErrorReportValve.invoke(ErrorReportValve.java:93) ~[tomcat-embed-core-10.1.26.jar:10.1.26]
	at org.apache.catalina.core.StandardEngineValve.invoke(StandardEngineValve.java:74) ~[tomcat-embed-core-10.1.26.jar:10.1.26]
	at org.apache.catalina.connector.CoyoteAdapter.service(CoyoteAdapter.java:344) ~[tomcat-embed-core-10.1.26.jar:10.1.26]
	at org.apache.coyote.http11.Http11Processor.service(Http11Processor.java:389) ~[tomcat-embed-core-10.1.26.jar:10.1.26]
	at org.apache.coyote.AbstractProcessorLight.process(AbstractProcessorLight.java:63) ~[tomcat-embed-core-10.1.26.jar:10.1.26]
	at org.apache.coyote.AbstractProtocol$ConnectionHandler.process(AbstractProtocol.java:904) ~[tomcat-embed-core-10.1.26.jar:10.1.26]
	at org.apache.tomcat.util.net.NioEndpoint$SocketProcessor.doRun(NioEndpoint.java:1741) ~[tomcat-embed-core-10.1.26.jar:10.1.26]
	at org.apache.tomcat.util.net.SocketProcessorBase.run(SocketProcessorBase.java:52) ~[tomcat-embed-core-10.1.26.jar:10.1.26]
	at org.apache.tomcat.util.threads.ThreadPoolExecutor.runWorker(ThreadPoolExecutor.java:1190) ~[tomcat-embed-core-10.1.26.jar:10.1.26]
	at org.apache.tomcat.util.threads.ThreadPoolExecutor$Worker.run(ThreadPoolExecutor.java:659) ~[tomcat-embed-core-10.1.26.jar:10.1.26]
	at org.apache.tomcat.util.threads.TaskThread$WrappingRunnable.run(TaskThread.java:63) ~[tomcat-embed-core-10.1.26.jar:10.1.26]
	at java.base/java.lang.Thread.run(Thread.java:1575) ~[na:na]

2025-04-01T08:12:30.761+02:00 DEBUG 7557 --- [http-nio-8080-exec-2] o.s.web.servlet.DispatcherServlet        : Unresolved failure from "ERROR" dispatch: org.thymeleaf.exceptions.TemplateInputException: Error resolving template [error], template might not exist or might not be accessible by any of the configured Template Resolvers
2025-04-01T08:12:30.761+02:00 ERROR 7557 --- [http-nio-8080-exec-2] o.a.c.c.C.[.[.[/].[dispatcherServlet]    : Servlet.service() for servlet [dispatcherServlet] threw exception

org.thymeleaf.exceptions.TemplateInputException: Error resolving template [error], template might not exist or might not be accessible by any of the configured Template Resolvers
	at org.thymeleaf.engine.TemplateManager.resolveTemplate(TemplateManager.java:869) ~[thymeleaf-3.1.2.RELEASE.jar:3.1.2.RELEASE]
	at org.thymeleaf.engine.TemplateManager.parseAndProcess(TemplateManager.java:607) ~[thymeleaf-3.1.2.RELEASE.jar:3.1.2.RELEASE]
	at org.thymeleaf.TemplateEngine.process(TemplateEngine.java:1103) ~[thymeleaf-3.1.2.RELEASE.jar:3.1.2.RELEASE]
	at org.thymeleaf.TemplateEngine.process(TemplateEngine.java:1077) ~[thymeleaf-3.1.2.RELEASE.jar:3.1.2.RELEASE]
	at org.thymeleaf.spring6.view.ThymeleafView.renderFragment(ThymeleafView.java:372) ~[thymeleaf-spring6-3.1.2.RELEASE.jar:3.1.2.RELEASE]
	at org.thymeleaf.spring6.view.ThymeleafView.render(ThymeleafView.java:192) ~[thymeleaf-spring6-3.1.2.RELEASE.jar:3.1.2.RELEASE]
	at org.springframework.web.servlet.DispatcherServlet.render(DispatcherServlet.java:1414) ~[spring-webmvc-6.0.0.jar:6.0.0]
	at org.springframework.web.servlet.DispatcherServlet.processDispatchResult(DispatcherServlet.java:1158) ~[spring-webmvc-6.0.0.jar:6.0.0]
	at org.springframework.web.servlet.DispatcherServlet.doDispatch(DispatcherServlet.java:1097) ~[spring-webmvc-6.0.0.jar:6.0.0]
	at org.springframework.web.servlet.DispatcherServlet.doService(DispatcherServlet.java:973) ~[spring-webmvc-6.0.0.jar:6.0.0]
	at org.springframework.web.servlet.FrameworkServlet.processRequest(FrameworkServlet.java:1003) ~[spring-webmvc-6.0.0.jar:6.0.0]
	at org.springframework.web.servlet.FrameworkServlet.doPost(FrameworkServlet.java:906) ~[spring-webmvc-6.0.0.jar:6.0.0]
	at jakarta.servlet.http.HttpServlet.service(HttpServlet.java:590) ~[tomcat-embed-core-10.1.26.jar:10.1.26]
	at org.springframework.web.servlet.FrameworkServlet.service(FrameworkServlet.java:880) ~[spring-webmvc-6.0.0.jar:6.0.0]
	at jakarta.servlet.http.HttpServlet.service(HttpServlet.java:658) ~[tomcat-embed-core-10.1.26.jar:10.1.26]
	at org.apache.catalina.core.ApplicationFilterChain.internalDoFilter(ApplicationFilterChain.java:195) ~[tomcat-embed-core-10.1.26.jar:10.1.26]
	at org.apache.catalina.core.ApplicationFilterChain.doFilter(ApplicationFilterChain.java:140) ~[tomcat-embed-core-10.1.26.jar:10.1.26]
	at org.springframework.web.filter.RequestContextFilter.doFilterInternal(RequestContextFilter.java:100) ~[spring-web-6.1.11.jar:6.1.11]
	at org.springframework.web.filter.OncePerRequestFilter.doFilter(OncePerRequestFilter.java:116) ~[spring-web-6.1.11.jar:6.1.11]
	at org.apache.catalina.core.ApplicationFilterChain.internalDoFilter(ApplicationFilterChain.java:164) ~[tomcat-embed-core-10.1.26.jar:10.1.26]
	at org.apache.catalina.core.ApplicationFilterChain.doFilter(ApplicationFilterChain.java:140) ~[tomcat-embed-core-10.1.26.jar:10.1.26]
	at org.springframework.web.filter.OncePerRequestFilter.doFilter(OncePerRequestFilter.java:101) ~[spring-web-6.1.11.jar:6.1.11]
	at org.apache.catalina.core.ApplicationFilterChain.internalDoFilter(ApplicationFilterChain.java:164) ~[tomcat-embed-core-10.1.26.jar:10.1.26]
	at org.apache.catalina.core.ApplicationFilterChain.doFilter(ApplicationFilterChain.java:140) ~[tomcat-embed-core-10.1.26.jar:10.1.26]
	at org.springframework.web.filter.OncePerRequestFilter.doFilter(OncePerRequestFilter.java:101) ~[spring-web-6.1.11.jar:6.1.11]
	at org.apache.catalina.core.ApplicationFilterChain.internalDoFilter(ApplicationFilterChain.java:164) ~[tomcat-embed-core-10.1.26.jar:10.1.26]
	at org.apache.catalina.core.ApplicationFilterChain.doFilter(ApplicationFilterChain.java:140) ~[tomcat-embed-core-10.1.26.jar:10.1.26]
	at org.apache.catalina.core.ApplicationDispatcher.invoke(ApplicationDispatcher.java:632) ~[tomcat-embed-core-10.1.26.jar:10.1.26]
	at org.apache.catalina.core.ApplicationDispatcher.processRequest(ApplicationDispatcher.java:410) ~[tomcat-embed-core-10.1.26.jar:10.1.26]
	at org.apache.catalina.core.ApplicationDispatcher.doForward(ApplicationDispatcher.java:330) ~[tomcat-embed-core-10.1.26.jar:10.1.26]
	at org.apache.catalina.core.ApplicationDispatcher.forward(ApplicationDispatcher.java:267) ~[tomcat-embed-core-10.1.26.jar:10.1.26]
	at org.apache.catalina.core.StandardHostValve.custom(StandardHostValve.java:362) ~[tomcat-embed-core-10.1.26.jar:10.1.26]
	at org.apache.catalina.core.StandardHostValve.status(StandardHostValve.java:222) ~[tomcat-embed-core-10.1.26.jar:10.1.26]
	at org.apache.catalina.core.StandardHostValve.throwable(StandardHostValve.java:308) ~[tomcat-embed-core-10.1.26.jar:10.1.26]
	at org.apache.catalina.core.StandardHostValve.invoke(StandardHostValve.java:149) ~[tomcat-embed-core-10.1.26.jar:10.1.26]
	at org.apache.catalina.valves.ErrorReportValve.invoke(ErrorReportValve.java:93) ~[tomcat-embed-core-10.1.26.jar:10.1.26]
	at org.apache.catalina.core.StandardEngineValve.invoke(StandardEngineValve.java:74) ~[tomcat-embed-core-10.1.26.jar:10.1.26]
	at org.apache.catalina.connector.CoyoteAdapter.service(CoyoteAdapter.java:344) ~[tomcat-embed-core-10.1.26.jar:10.1.26]
	at org.apache.coyote.http11.Http11Processor.service(Http11Processor.java:389) ~[tomcat-embed-core-10.1.26.jar:10.1.26]
	at org.apache.coyote.AbstractProcessorLight.process(AbstractProcessorLight.java:63) ~[tomcat-embed-core-10.1.26.jar:10.1.26]
	at org.apache.coyote.AbstractProtocol$ConnectionHandler.process(AbstractProtocol.java:904) ~[tomcat-embed-core-10.1.26.jar:10.1.26]
	at org.apache.tomcat.util.net.NioEndpoint$SocketProcessor.doRun(NioEndpoint.java:1741) ~[tomcat-embed-core-10.1.26.jar:10.1.26]
	at org.apache.tomcat.util.net.SocketProcessorBase.run(SocketProcessorBase.java:52) ~[tomcat-embed-core-10.1.26.jar:10.1.26]
	at org.apache.tomcat.util.threads.ThreadPoolExecutor.runWorker(ThreadPoolExecutor.java:1190) ~[tomcat-embed-core-10.1.26.jar:10.1.26]
	at org.apache.tomcat.util.threads.ThreadPoolExecutor$Worker.run(ThreadPoolExecutor.java:659) ~[tomcat-embed-core-10.1.26.jar:10.1.26]
	at org.apache.tomcat.util.threads.TaskThread$WrappingRunnable.run(TaskThread.java:63) ~[tomcat-embed-core-10.1.26.jar:10.1.26]
	at java.base/java.lang.Thread.run(Thread.java:1575) ~[na:na]

2025-04-01T08:12:30.762+02:00 ERROR 7557 --- [http-nio-8080-exec-2] o.a.c.c.C.[Tomcat].[localhost]           : Exception Processing [ErrorPage[errorCode=0, location=/error]]

jakarta.servlet.ServletException: Request processing failed: org.thymeleaf.exceptions.TemplateInputException: Error resolving template [error], template might not exist or might not be accessible by any of the configured Template Resolvers
	at org.springframework.web.servlet.FrameworkServlet.processRequest(FrameworkServlet.java:1011) ~[spring-webmvc-6.0.0.jar:6.0.0]
	at org.springframework.web.servlet.FrameworkServlet.doPost(FrameworkServlet.java:906) ~[spring-webmvc-6.0.0.jar:6.0.0]
	at jakarta.servlet.http.HttpServlet.service(HttpServlet.java:590) ~[tomcat-embed-core-10.1.26.jar:10.1.26]
	at org.springframework.web.servlet.FrameworkServlet.service(FrameworkServlet.java:880) ~[spring-webmvc-6.0.0.jar:6.0.0]
	at jakarta.servlet.http.HttpServlet.service(HttpServlet.java:658) ~[tomcat-embed-core-10.1.26.jar:10.1.26]
	at org.apache.catalina.core.ApplicationFilterChain.internalDoFilter(ApplicationFilterChain.java:195) ~[tomcat-embed-core-10.1.26.jar:10.1.26]
	at org.apache.catalina.core.ApplicationFilterChain.doFilter(ApplicationFilterChain.java:140) ~[tomcat-embed-core-10.1.26.jar:10.1.26]
	at org.springframework.web.filter.RequestContextFilter.doFilterInternal(RequestContextFilter.java:100) ~[spring-web-6.1.11.jar:6.1.11]
	at org.springframework.web.filter.OncePerRequestFilter.doFilter(OncePerRequestFilter.java:116) ~[spring-web-6.1.11.jar:6.1.11]
	at org.apache.catalina.core.ApplicationFilterChain.internalDoFilter(ApplicationFilterChain.java:164) ~[tomcat-embed-core-10.1.26.jar:10.1.26]
	at org.apache.catalina.core.ApplicationFilterChain.doFilter(ApplicationFilterChain.java:140) ~[tomcat-embed-core-10.1.26.jar:10.1.26]
	at org.springframework.web.filter.OncePerRequestFilter.doFilter(OncePerRequestFilter.java:101) ~[spring-web-6.1.11.jar:6.1.11]
	at org.apache.catalina.core.ApplicationFilterChain.internalDoFilter(ApplicationFilterChain.java:164) ~[tomcat-embed-core-10.1.26.jar:10.1.26]
	at org.apache.catalina.core.ApplicationFilterChain.doFilter(ApplicationFilterChain.java:140) ~[tomcat-embed-core-10.1.26.jar:10.1.26]
	at org.springframework.web.filter.OncePerRequestFilter.doFilter(OncePerRequestFilter.java:101) ~[spring-web-6.1.11.jar:6.1.11]
	at org.apache.catalina.core.ApplicationFilterChain.internalDoFilter(ApplicationFilterChain.java:164) ~[tomcat-embed-core-10.1.26.jar:10.1.26]
	at org.apache.catalina.core.ApplicationFilterChain.doFilter(ApplicationFilterChain.java:140) ~[tomcat-embed-core-10.1.26.jar:10.1.26]
	at org.apache.catalina.core.ApplicationDispatcher.invoke(ApplicationDispatcher.java:632) ~[tomcat-embed-core-10.1.26.jar:10.1.26]
	at org.apache.catalina.core.ApplicationDispatcher.processRequest(ApplicationDispatcher.java:410) ~[tomcat-embed-core-10.1.26.jar:10.1.26]
	at org.apache.catalina.core.ApplicationDispatcher.doForward(ApplicationDispatcher.java:330) ~[tomcat-embed-core-10.1.26.jar:10.1.26]
	at org.apache.catalina.core.ApplicationDispatcher.forward(ApplicationDispatcher.java:267) ~[tomcat-embed-core-10.1.26.jar:10.1.26]
	at org.apache.catalina.core.StandardHostValve.custom(StandardHostValve.java:362) ~[tomcat-embed-core-10.1.26.jar:10.1.26]
	at org.apache.catalina.core.StandardHostValve.status(StandardHostValve.java:222) ~[tomcat-embed-core-10.1.26.jar:10.1.26]
	at org.apache.catalina.core.StandardHostValve.throwable(StandardHostValve.java:308) ~[tomcat-embed-core-10.1.26.jar:10.1.26]
	at org.apache.catalina.core.StandardHostValve.invoke(StandardHostValve.java:149) ~[tomcat-embed-core-10.1.26.jar:10.1.26]
	at org.apache.catalina.valves.ErrorReportValve.invoke(ErrorReportValve.java:93) ~[tomcat-embed-core-10.1.26.jar:10.1.26]
	at org.apache.catalina.core.StandardEngineValve.invoke(StandardEngineValve.java:74) ~[tomcat-embed-core-10.1.26.jar:10.1.26]
	at org.apache.catalina.connector.CoyoteAdapter.service(CoyoteAdapter.java:344) ~[tomcat-embed-core-10.1.26.jar:10.1.26]
	at org.apache.coyote.http11.Http11Processor.service(Http11Processor.java:389) ~[tomcat-embed-core-10.1.26.jar:10.1.26]
	at org.apache.coyote.AbstractProcessorLight.process(AbstractProcessorLight.java:63) ~[tomcat-embed-core-10.1.26.jar:10.1.26]
	at org.apache.coyote.AbstractProtocol$ConnectionHandler.process(AbstractProtocol.java:904) ~[tomcat-embed-core-10.1.26.jar:10.1.26]
	at org.apache.tomcat.util.net.NioEndpoint$SocketProcessor.doRun(NioEndpoint.java:1741) ~[tomcat-embed-core-10.1.26.jar:10.1.26]
	at org.apache.tomcat.util.net.SocketProcessorBase.run(SocketProcessorBase.java:52) ~[tomcat-embed-core-10.1.26.jar:10.1.26]
	at org.apache.tomcat.util.threads.ThreadPoolExecutor.runWorker(ThreadPoolExecutor.java:1190) ~[tomcat-embed-core-10.1.26.jar:10.1.26]
	at org.apache.tomcat.util.threads.ThreadPoolExecutor$Worker.run(ThreadPoolExecutor.java:659) ~[tomcat-embed-core-10.1.26.jar:10.1.26]
	at org.apache.tomcat.util.threads.TaskThread$WrappingRunnable.run(TaskThread.java:63) ~[tomcat-embed-core-10.1.26.jar:10.1.26]
	at java.base/java.lang.Thread.run(Thread.java:1575) ~[na:na]
Caused by: org.thymeleaf.exceptions.TemplateInputException: Error resolving template [error], template might not exist or might not be accessible by any of the configured Template Resolvers
	at org.thymeleaf.engine.TemplateManager.resolveTemplate(TemplateManager.java:869) ~[thymeleaf-3.1.2.RELEASE.jar:3.1.2.RELEASE]
	at org.thymeleaf.engine.TemplateManager.parseAndProcess(TemplateManager.java:607) ~[thymeleaf-3.1.2.RELEASE.jar:3.1.2.RELEASE]
	at org.thymeleaf.TemplateEngine.process(TemplateEngine.java:1103) ~[thymeleaf-3.1.2.RELEASE.jar:3.1.2.RELEASE]
	at org.thymeleaf.TemplateEngine.process(TemplateEngine.java:1077) ~[thymeleaf-3.1.2.RELEASE.jar:3.1.2.RELEASE]
	at org.thymeleaf.spring6.view.ThymeleafView.renderFragment(ThymeleafView.java:372) ~[thymeleaf-spring6-3.1.2.RELEASE.jar:3.1.2.RELEASE]
	at org.thymeleaf.spring6.view.ThymeleafView.render(ThymeleafView.java:192) ~[thymeleaf-spring6-3.1.2.RELEASE.jar:3.1.2.RELEASE]
	at org.springframework.web.servlet.DispatcherServlet.render(DispatcherServlet.java:1414) ~[spring-webmvc-6.0.0.jar:6.0.0]
	at org.springframework.web.servlet.DispatcherServlet.processDispatchResult(DispatcherServlet.java:1158) ~[spring-webmvc-6.0.0.jar:6.0.0]
	at org.springframework.web.servlet.DispatcherServlet.doDispatch(DispatcherServlet.java:1097) ~[spring-webmvc-6.0.0.jar:6.0.0]
	at org.springframework.web.servlet.DispatcherServlet.doService(DispatcherServlet.java:973) ~[spring-webmvc-6.0.0.jar:6.0.0]
	at org.springframework.web.servlet.FrameworkServlet.processRequest(FrameworkServlet.java:1003) ~[spring-webmvc-6.0.0.jar:6.0.0]
	... 36 common frames omitted

2025-04-01T08:18:17.624+02:00  INFO 7557 --- [SpringApplicationShutdownHook] j.LocalContainerEntityManagerFactoryBean : Closing JPA EntityManagerFactory for persistence unit 'default'
2025-04-01T08:18:17.627+02:00  INFO 7557 --- [SpringApplicationShutdownHook] com.zaxxer.hikari.HikariDataSource       : HikariPool-1 - Shutdown initiated...
2025-04-01T08:18:17.628+02:00  INFO 7557 --- [SpringApplicationShutdownHook] com.zaxxer.hikari.HikariDataSource       : HikariPool-1 - Shutdown completed.
2025-04-01T08:18:29.867+02:00  INFO 7826 --- [main] o.j.a.q.kitchensink.Application          : Starting Application using Java 23.0.2 with PID 7826 (/Users/marcosordi/Documents/mongodb/mongokitch/kitchensinkmongo/kitchensink/target/classes started by marcosordi in /Users/marcosordi/Documents/mongodb/mongokitch/kitchensinkmongo/kitchensink)
2025-04-01T08:18:29.868+02:00 DEBUG 7826 --- [main] o.j.a.q.kitchensink.Application          : Running with Spring Boot v3.3.2, Spring v6.1.11
2025-04-01T08:18:29.868+02:00  INFO 7826 --- [main] o.j.a.q.kitchensink.Application          : No active profile set, falling back to 1 default profile: "default"
2025-04-01T08:18:30.073+02:00  INFO 7826 --- [main] .s.d.r.c.RepositoryConfigurationDelegate : Multiple Spring Data modules found, entering strict repository configuration mode
2025-04-01T08:18:30.073+02:00  INFO 7826 --- [main] .s.d.r.c.RepositoryConfigurationDelegate : Bootstrapping Spring Data MongoDB repositories in DEFAULT mode.
2025-04-01T08:18:30.129+02:00  INFO 7826 --- [main] .s.d.r.c.RepositoryConfigurationDelegate : Finished Spring Data repository scanning in 54 ms. Found 1 MongoDB repository interface.
2025-04-01T08:18:30.130+02:00  INFO 7826 --- [main] .s.d.r.c.RepositoryConfigurationDelegate : Multiple Spring Data modules found, entering strict repository configuration mode
2025-04-01T08:18:30.130+02:00  INFO 7826 --- [main] .s.d.r.c.RepositoryConfigurationDelegate : Bootstrapping Spring Data MongoDB repositories in DEFAULT mode.
2025-04-01T08:18:30.131+02:00  INFO 7826 --- [main] .s.d.r.c.RepositoryConfigurationDelegate : Finished Spring Data repository scanning in 1 ms. Found 1 MongoDB repository interface.
2025-04-01T08:18:30.196+02:00  INFO 7826 --- [main] .s.d.r.c.RepositoryConfigurationDelegate : Multiple Spring Data modules found, entering strict repository configuration mode
2025-04-01T08:18:30.197+02:00  INFO 7826 --- [main] .s.d.r.c.RepositoryConfigurationDelegate : Bootstrapping Spring Data JPA repositories in DEFAULT mode.
2025-04-01T08:18:30.206+02:00  INFO 7826 --- [main] .RepositoryConfigurationExtensionSupport : Spring Data JPA - Could not safely identify store assignment for repository candidate interface org.jboss.as.quickstarts.kitchensink.data.MemberRepository; If you want this repository to be a JPA repository, consider annotating your entities with one of these annotations: jakarta.persistence.Entity, jakarta.persistence.MappedSuperclass (preferred), or consider extending one of the following types with your repository: org.springframework.data.jpa.repository.JpaRepository
2025-04-01T08:18:30.206+02:00  INFO 7826 --- [main] .s.d.r.c.RepositoryConfigurationDelegate : Finished Spring Data repository scanning in 7 ms. Found 0 JPA repository interfaces.
2025-04-01T08:18:30.433+02:00  INFO 7826 --- [main] o.s.b.w.embedded.tomcat.TomcatWebServer  : Tomcat initialized with port 8080 (http)
2025-04-01T08:18:30.439+02:00  INFO 7826 --- [main] o.apache.catalina.core.StandardService   : Starting service [Tomcat]
2025-04-01T08:18:30.439+02:00  INFO 7826 --- [main] o.apache.catalina.core.StandardEngine    : Starting Servlet engine: [Apache Tomcat/10.1.26]
2025-04-01T08:18:30.464+02:00  INFO 7826 --- [main] o.a.c.c.C.[Tomcat].[localhost].[/]       : Initializing Spring embedded WebApplicationContext
2025-04-01T08:18:30.464+02:00  INFO 7826 --- [main] w.s.c.ServletWebServerApplicationContext : Root WebApplicationContext: initialization completed in 570 ms
2025-04-01T08:18:30.477+02:00  INFO 7826 --- [main] com.zaxxer.hikari.HikariDataSource       : HikariPool-1 - Starting...
2025-04-01T08:18:30.555+02:00  INFO 7826 --- [main] com.zaxxer.hikari.pool.HikariPool        : HikariPool-1 - Added connection conn0: url=jdbc:h2:mem:3b2c54fc-9ccc-4d33-88f2-31c9cfd79b21 user=SA
2025-04-01T08:18:30.556+02:00  INFO 7826 --- [main] com.zaxxer.hikari.HikariDataSource       : HikariPool-1 - Start completed.
2025-04-01T08:18:30.562+02:00  INFO 7826 --- [main] o.s.b.a.h2.H2ConsoleAutoConfiguration    : H2 console available at '/h2-console'. Database available at 'jdbc:h2:mem:3b2c54fc-9ccc-4d33-88f2-31c9cfd79b21'
2025-04-01T08:18:30.766+02:00  INFO 7826 --- [main] SQL dialect                              : HHH000400: Using dialect: org.hibernate.dialect.H2Dialect
2025-04-01T08:18:30.882+02:00  INFO 7826 --- [main] j.LocalContainerEntityManagerFactoryBean : Initialized JPA EntityManagerFactory for persistence unit 'default'
2025-04-01T08:18:30.958+02:00  INFO 7826 --- [main] org.mongodb.driver.client                : MongoClient with metadata {"driver": {"name": "mongo-java-driver|sync|spring-boot", "version": "5.0.1"}, "os": {"type": "Darwin", "name": "Mac OS X", "architecture": "aarch64", "version": "14.6.1"}, "platform": "Java/Homebrew/23.0.2"} created with settings MongoClientSettings{readPreference=primary, writeConcern=WriteConcern{w=null, wTimeout=null ms, journal=null}, retryWrites=true, retryReads=true, readConcern=ReadConcern{level=null}, credential=null, transportSettings=null, commandListeners=[], codecRegistry=ProvidersCodecRegistry{codecProviders=[ValueCodecProvider{}, BsonValueCodecProvider{}, DBRefCodecProvider{}, DBObjectCodecProvider{}, DocumentCodecProvider{}, CollectionCodecProvider{}, IterableCodecProvider{}, MapCodecProvider{}, GeoJsonCodecProvider{}, GridFSFileCodecProvider{}, Jsr310CodecProvider{}, JsonObjectCodecProvider{}, BsonCodecProvider{}, EnumCodecProvider{}, com.mongodb.client.model.mql.ExpressionCodecProvider@d180961, com.mongodb.Jep395RecordCodecProvider@4af7ac25, com.mongodb.KotlinCodecProvider@d978ab9]}, loggerSettings=LoggerSettings{maxDocumentLength=1000}, clusterSettings={hosts=[localhost:27017], srvServiceName=mongodb, mode=SINGLE, requiredClusterType=UNKNOWN, requiredReplicaSetName='null', serverSelector='null', clusterListeners='[]', serverSelectionTimeout='30000 ms', localThreshold='15 ms'}, socketSettings=SocketSettings{connectTimeoutMS=10000, readTimeoutMS=0, receiveBufferSize=0, proxySettings=ProxySettings{host=null, port=null, username=null, password=null}}, heartbeatSocketSettings=SocketSettings{connectTimeoutMS=10000, readTimeoutMS=10000, receiveBufferSize=0, proxySettings=ProxySettings{host=null, port=null, username=null, password=null}}, connectionPoolSettings=ConnectionPoolSettings{maxSize=100, minSize=0, maxWaitTimeMS=120000, maxConnectionLifeTimeMS=0, maxConnectionIdleTimeMS=0, maintenanceInitialDelayMS=0, maintenanceFrequencyMS=60000, connectionPoolListeners=[], maxConnecting=2}, serverSettings=ServerSettings{heartbeatFrequencyMS=10000, minHeartbeatFrequencyMS=500, serverListeners='[]', serverMonitorListeners='[]'}, sslSettings=SslSettings{enabled=false, invalidHostNameAllowed=false, context=null}, applicationName='null', compressorList=[], uuidRepresentation=JAVA_LEGACY, serverApi=null, autoEncryptionSettings=null, dnsClient=null, inetAddressResolver=null, contextProvider=null}
2025-04-01T08:18:30.976+02:00  INFO 7826 --- [cluster-ClusterId{value='67eb85365325cd5d1059ef8f', description='null'}-localhost:27017] org.mongodb.driver.cluster               : Monitor thread successfully connected to server with description ServerDescription{address=localhost:27017, type=STANDALONE, state=CONNECTED, ok=true, minWireVersion=0, maxWireVersion=25, maxDocumentSize=16777216, logicalSessionTimeoutMinutes=30, roundTripTimeNanos=11642375}
2025-04-01T08:18:31.143+02:00  INFO 7826 --- [main] o.j.a.q.k.controller.MemberController    : Total members cazzo found: 7
2025-04-01T08:18:31.208+02:00  WARN 7826 --- [main] JpaBaseConfiguration$JpaWebConfiguration : spring.jpa.open-in-view is enabled by default. Therefore, database queries may be performed during view rendering. Explicitly configure spring.jpa.open-in-view to disable this warning
2025-04-01T08:18:31.219+02:00  INFO 7826 --- [main] o.s.b.a.w.s.WelcomePageHandlerMapping    : Adding welcome page: ServletContext resource [/index.html]
2025-04-01T08:18:31.247+02:00 DEBUG 7826 --- [main] s.w.s.m.m.a.RequestMappingHandlerMapping : 10 mappings in 'requestMappingHandlerMapping'
2025-04-01T08:18:31.290+02:00 DEBUG 7826 --- [main] o.s.w.s.handler.SimpleUrlHandlerMapping  : Patterns [/webjars/**, /**] in 'resourceHandlerMapping'
2025-04-01T08:18:31.308+02:00 DEBUG 7826 --- [main] s.w.s.m.m.a.RequestMappingHandlerAdapter : ControllerAdvice beans: 0 @ModelAttribute, 0 @InitBinder, 1 RequestBodyAdvice, 1 ResponseBodyAdvice
2025-04-01T08:18:31.323+02:00 DEBUG 7826 --- [main] .m.m.a.ExceptionHandlerExceptionResolver : ControllerAdvice beans: 0 @ExceptionHandler, 1 ResponseBodyAdvice
2025-04-01T08:18:31.390+02:00  INFO 7826 --- [main] o.s.b.w.embedded.tomcat.TomcatWebServer  : Tomcat started on port 8080 (http) with context path '/'
2025-04-01T08:18:31.394+02:00  INFO 7826 --- [main] o.j.a.q.kitchensink.Application          : Started Application in 1.697 seconds (process running for 1.855)
2025-04-01T08:18:39.475+02:00  INFO 7826 --- [http-nio-8080-exec-1] o.a.c.c.C.[Tomcat].[localhost].[/]       : Initializing Spring DispatcherServlet 'dispatcherServlet'
2025-04-01T08:18:39.475+02:00  INFO 7826 --- [http-nio-8080-exec-1] o.s.web.servlet.DispatcherServlet        : Initializing Servlet 'dispatcherServlet'
2025-04-01T08:18:39.475+02:00 DEBUG 7826 --- [http-nio-8080-exec-1] o.s.web.servlet.DispatcherServlet        : Detected StandardServletMultipartResolver
2025-04-01T08:18:39.475+02:00 DEBUG 7826 --- [http-nio-8080-exec-1] o.s.web.servlet.DispatcherServlet        : Detected AcceptHeaderLocaleResolver
2025-04-01T08:18:39.475+02:00 DEBUG 7826 --- [http-nio-8080-exec-1] o.s.web.servlet.DispatcherServlet        : Detected FixedThemeResolver
2025-04-01T08:18:39.476+02:00 DEBUG 7826 --- [http-nio-8080-exec-1] o.s.web.servlet.DispatcherServlet        : Detected org.springframework.web.servlet.view.DefaultRequestToViewNameTranslator@7ab2e018
2025-04-01T08:18:39.476+02:00 DEBUG 7826 --- [http-nio-8080-exec-1] o.s.web.servlet.DispatcherServlet        : Detected org.springframework.web.servlet.support.SessionFlashMapManager@78e7b83
2025-04-01T08:18:39.476+02:00 DEBUG 7826 --- [http-nio-8080-exec-1] o.s.web.servlet.DispatcherServlet        : enableLoggingRequestDetails='false': request parameters and headers will be masked to prevent unsafe logging of potentially sensitive data
2025-04-01T08:18:39.476+02:00  INFO 7826 --- [http-nio-8080-exec-1] o.s.web.servlet.DispatcherServlet        : Completed initialization in 1 ms
2025-04-01T08:18:39.480+02:00 DEBUG 7826 --- [http-nio-8080-exec-1] o.s.web.servlet.DispatcherServlet        : GET "/index", parameters={}
2025-04-01T08:18:39.484+02:00 DEBUG 7826 --- [http-nio-8080-exec-1] s.w.s.m.m.a.RequestMappingHandlerMapping : Mapped to org.jboss.as.quickstarts.kitchensink.controller.HomeController#index(Model)
2025-04-01T08:18:39.528+02:00 DEBUG 7826 --- [http-nio-8080-exec-1] o.s.w.s.v.ContentNegotiatingViewResolver : Selected 'text/html' given [text/html, application/xhtml+xml, image/avif, image/webp, image/apng, application/xml;q=0.9, */*;q=0.8, application/signed-exchange;v=b3;q=0.7]
2025-04-01T08:18:39.678+02:00 DEBUG 7826 --- [http-nio-8080-exec-1] o.s.web.servlet.DispatcherServlet        : Completed 200 OK
2025-04-01T08:18:43.082+02:00 DEBUG 7826 --- [http-nio-8080-exec-2] o.s.web.servlet.DispatcherServlet        : GET "/members/register", parameters={}
2025-04-01T08:18:43.084+02:00 DEBUG 7826 --- [http-nio-8080-exec-2] s.w.s.m.m.a.RequestMappingHandlerMapping : Mapped to org.jboss.as.quickstarts.kitchensink.controller.MemberRestController#showRegistrationForm(Model)
2025-04-01T08:18:43.103+02:00 DEBUG 7826 --- [http-nio-8080-exec-2] o.s.w.s.v.ContentNegotiatingViewResolver : Selected 'text/html' given [text/html, application/xhtml+xml, image/avif, image/webp, image/apng, application/xml;q=0.9, */*;q=0.8, application/signed-exchange;v=b3;q=0.7]
2025-04-01T08:18:43.121+02:00 DEBUG 7826 --- [http-nio-8080-exec-2] o.s.web.servlet.DispatcherServlet        : Completed 200 OK
2025-04-01T08:18:53.100+02:00 DEBUG 7826 --- [http-nio-8080-exec-3] o.s.web.servlet.DispatcherServlet        : POST "/members/register", parameters={masked}
2025-04-01T08:18:53.102+02:00 DEBUG 7826 --- [http-nio-8080-exec-3] s.w.s.m.m.a.RequestMappingHandlerMapping : Mapped to org.jboss.as.quickstarts.kitchensink.controller.MemberRestController#register(Member, BindingResult, RedirectAttributes)
2025-04-01T08:18:53.109+02:00 DEBUG 7826 --- [http-nio-8080-exec-3] o.s.web.method.HandlerMethod             : Could not resolve parameter [0] in public java.lang.String org.jboss.as.quickstarts.kitchensink.controller.MemberRestController.register(org.jboss.as.quickstarts.kitchensink.model.Member,org.springframework.validation.BindingResult,org.springframework.web.servlet.mvc.support.RedirectAttributes): class org.springframework.web.servlet.mvc.method.annotation.ExtendedServletRequestDataBinder cannot be cast to class org.springframework.web.bind.support.WebRequestDataBinder (org.springframework.web.servlet.mvc.method.annotation.ExtendedServletRequestDataBinder and org.springframework.web.bind.support.WebRequestDataBinder are in unnamed module of loader 'app')
2025-04-01T08:18:53.113+02:00 DEBUG 7826 --- [http-nio-8080-exec-3] o.s.web.servlet.DispatcherServlet        : Failed to complete request: java.lang.ClassCastException: class org.springframework.web.servlet.mvc.method.annotation.ExtendedServletRequestDataBinder cannot be cast to class org.springframework.web.bind.support.WebRequestDataBinder (org.springframework.web.servlet.mvc.method.annotation.ExtendedServletRequestDataBinder and org.springframework.web.bind.support.WebRequestDataBinder are in unnamed module of loader 'app')
2025-04-01T08:18:53.114+02:00 ERROR 7826 --- [http-nio-8080-exec-3] o.a.c.c.C.[.[.[/].[dispatcherServlet]    : Servlet.service() for servlet [dispatcherServlet] in context with path [] threw exception [Request processing failed: java.lang.ClassCastException: class org.springframework.web.servlet.mvc.method.annotation.ExtendedServletRequestDataBinder cannot be cast to class org.springframework.web.bind.support.WebRequestDataBinder (org.springframework.web.servlet.mvc.method.annotation.ExtendedServletRequestDataBinder and org.springframework.web.bind.support.WebRequestDataBinder are in unnamed module of loader 'app')] with root cause

java.lang.ClassCastException: class org.springframework.web.servlet.mvc.method.annotation.ExtendedServletRequestDataBinder cannot be cast to class org.springframework.web.bind.support.WebRequestDataBinder (org.springframework.web.servlet.mvc.method.annotation.ExtendedServletRequestDataBinder and org.springframework.web.bind.support.WebRequestDataBinder are in unnamed module of loader 'app')
	at org.springframework.web.method.annotation.ModelAttributeMethodProcessor.constructAttribute(ModelAttributeMethodProcessor.java:207) ~[spring-web-6.1.11.jar:6.1.11]
	at org.springframework.web.method.annotation.ModelAttributeMethodProcessor.resolveArgument(ModelAttributeMethodProcessor.java:148) ~[spring-web-6.1.11.jar:6.1.11]
	at org.springframework.web.method.support.HandlerMethodArgumentResolverComposite.resolveArgument(HandlerMethodArgumentResolverComposite.java:122) ~[spring-web-6.1.11.jar:6.1.11]
	at org.springframework.web.method.support.InvocableHandlerMethod.getMethodArgumentValues(InvocableHandlerMethod.java:224) ~[spring-web-6.1.11.jar:6.1.11]
	at org.springframework.web.method.support.InvocableHandlerMethod.invokeForRequest(InvocableHandlerMethod.java:178) ~[spring-web-6.1.11.jar:6.1.11]
	at org.springframework.web.servlet.mvc.method.annotation.ServletInvocableHandlerMethod.invokeAndHandle(ServletInvocableHandlerMethod.java:117) ~[spring-webmvc-6.0.0.jar:6.0.0]
	at org.springframework.web.servlet.mvc.method.annotation.RequestMappingHandlerAdapter.invokeHandlerMethod(RequestMappingHandlerAdapter.java:891) ~[spring-webmvc-6.0.0.jar:6.0.0]
	at org.springframework.web.servlet.mvc.method.annotation.RequestMappingHandlerAdapter.handleInternal(RequestMappingHandlerAdapter.java:804) ~[spring-webmvc-6.0.0.jar:6.0.0]
	at org.springframework.web.servlet.mvc.method.AbstractHandlerMethodAdapter.handle(AbstractHandlerMethodAdapter.java:87) ~[spring-webmvc-6.0.0.jar:6.0.0]
	at org.springframework.web.servlet.DispatcherServlet.doDispatch(DispatcherServlet.java:1080) ~[spring-webmvc-6.0.0.jar:6.0.0]
	at org.springframework.web.servlet.DispatcherServlet.doService(DispatcherServlet.java:973) ~[spring-webmvc-6.0.0.jar:6.0.0]
	at org.springframework.web.servlet.FrameworkServlet.processRequest(FrameworkServlet.java:1003) ~[spring-webmvc-6.0.0.jar:6.0.0]
	at org.springframework.web.servlet.FrameworkServlet.doPost(FrameworkServlet.java:906) ~[spring-webmvc-6.0.0.jar:6.0.0]
	at jakarta.servlet.http.HttpServlet.service(HttpServlet.java:590) ~[tomcat-embed-core-10.1.26.jar:10.1.26]
	at org.springframework.web.servlet.FrameworkServlet.service(FrameworkServlet.java:880) ~[spring-webmvc-6.0.0.jar:6.0.0]
	at jakarta.servlet.http.HttpServlet.service(HttpServlet.java:658) ~[tomcat-embed-core-10.1.26.jar:10.1.26]
	at org.apache.catalina.core.ApplicationFilterChain.internalDoFilter(ApplicationFilterChain.java:195) ~[tomcat-embed-core-10.1.26.jar:10.1.26]
	at org.apache.catalina.core.ApplicationFilterChain.doFilter(ApplicationFilterChain.java:140) ~[tomcat-embed-core-10.1.26.jar:10.1.26]
	at org.apache.tomcat.websocket.server.WsFilter.doFilter(WsFilter.java:51) ~[tomcat-embed-websocket-10.1.26.jar:10.1.26]
	at org.apache.catalina.core.ApplicationFilterChain.internalDoFilter(ApplicationFilterChain.java:164) ~[tomcat-embed-core-10.1.26.jar:10.1.26]
	at org.apache.catalina.core.ApplicationFilterChain.doFilter(ApplicationFilterChain.java:140) ~[tomcat-embed-core-10.1.26.jar:10.1.26]
	at org.springframework.web.filter.RequestContextFilter.doFilterInternal(RequestContextFilter.java:100) ~[spring-web-6.1.11.jar:6.1.11]
	at org.springframework.web.filter.OncePerRequestFilter.doFilter(OncePerRequestFilter.java:116) ~[spring-web-6.1.11.jar:6.1.11]
	at org.apache.catalina.core.ApplicationFilterChain.internalDoFilter(ApplicationFilterChain.java:164) ~[tomcat-embed-core-10.1.26.jar:10.1.26]
	at org.apache.catalina.core.ApplicationFilterChain.doFilter(ApplicationFilterChain.java:140) ~[tomcat-embed-core-10.1.26.jar:10.1.26]
	at org.springframework.web.filter.FormContentFilter.doFilterInternal(FormContentFilter.java:93) ~[spring-web-6.1.11.jar:6.1.11]
	at org.springframework.web.filter.OncePerRequestFilter.doFilter(OncePerRequestFilter.java:116) ~[spring-web-6.1.11.jar:6.1.11]
	at org.apache.catalina.core.ApplicationFilterChain.internalDoFilter(ApplicationFilterChain.java:164) ~[tomcat-embed-core-10.1.26.jar:10.1.26]
	at org.apache.catalina.core.ApplicationFilterChain.doFilter(ApplicationFilterChain.java:140) ~[tomcat-embed-core-10.1.26.jar:10.1.26]
	at org.springframework.web.filter.CharacterEncodingFilter.doFilterInternal(CharacterEncodingFilter.java:201) ~[spring-web-6.1.11.jar:6.1.11]
	at org.springframework.web.filter.OncePerRequestFilter.doFilter(OncePerRequestFilter.java:116) ~[spring-web-6.1.11.jar:6.1.11]
	at org.apache.catalina.core.ApplicationFilterChain.internalDoFilter(ApplicationFilterChain.java:164) ~[tomcat-embed-core-10.1.26.jar:10.1.26]
	at org.apache.catalina.core.ApplicationFilterChain.doFilter(ApplicationFilterChain.java:140) ~[tomcat-embed-core-10.1.26.jar:10.1.26]
	at org.apache.catalina.core.StandardWrapperValve.invoke(StandardWrapperValve.java:167) ~[tomcat-embed-core-10.1.26.jar:10.1.26]
	at org.apache.catalina.core.StandardContextValve.invoke(StandardContextValve.java:90) ~[tomcat-embed-core-10.1.26.jar:10.1.26]
	at org.apache.catalina.authenticator.AuthenticatorBase.invoke(AuthenticatorBase.java:483) ~[tomcat-embed-core-10.1.26.jar:10.1.26]
	at org.apache.catalina.core.StandardHostValve.invoke(StandardHostValve.java:115) ~[tomcat-embed-core-10.1.26.jar:10.1.26]
	at org.apache.catalina.valves.ErrorReportValve.invoke(ErrorReportValve.java:93) ~[tomcat-embed-core-10.1.26.jar:10.1.26]
	at org.apache.catalina.core.StandardEngineValve.invoke(StandardEngineValve.java:74) ~[tomcat-embed-core-10.1.26.jar:10.1.26]
	at org.apache.catalina.connector.CoyoteAdapter.service(CoyoteAdapter.java:344) ~[tomcat-embed-core-10.1.26.jar:10.1.26]
	at org.apache.coyote.http11.Http11Processor.service(Http11Processor.java:389) ~[tomcat-embed-core-10.1.26.jar:10.1.26]
	at org.apache.coyote.AbstractProcessorLight.process(AbstractProcessorLight.java:63) ~[tomcat-embed-core-10.1.26.jar:10.1.26]
	at org.apache.coyote.AbstractProtocol$ConnectionHandler.process(AbstractProtocol.java:904) ~[tomcat-embed-core-10.1.26.jar:10.1.26]
	at org.apache.tomcat.util.net.NioEndpoint$SocketProcessor.doRun(NioEndpoint.java:1741) ~[tomcat-embed-core-10.1.26.jar:10.1.26]
	at org.apache.tomcat.util.net.SocketProcessorBase.run(SocketProcessorBase.java:52) ~[tomcat-embed-core-10.1.26.jar:10.1.26]
	at org.apache.tomcat.util.threads.ThreadPoolExecutor.runWorker(ThreadPoolExecutor.java:1190) ~[tomcat-embed-core-10.1.26.jar:10.1.26]
	at org.apache.tomcat.util.threads.ThreadPoolExecutor$Worker.run(ThreadPoolExecutor.java:659) ~[tomcat-embed-core-10.1.26.jar:10.1.26]
	at org.apache.tomcat.util.threads.TaskThread$WrappingRunnable.run(TaskThread.java:63) ~[tomcat-embed-core-10.1.26.jar:10.1.26]
	at java.base/java.lang.Thread.run(Thread.java:1575) ~[na:na]

2025-04-01T08:18:53.124+02:00 DEBUG 7826 --- [http-nio-8080-exec-3] o.s.web.servlet.DispatcherServlet        : "ERROR" dispatch for POST "/error", parameters={masked}
2025-04-01T08:18:53.126+02:00 DEBUG 7826 --- [http-nio-8080-exec-3] s.w.s.m.m.a.RequestMappingHandlerMapping : Mapped to org.springframework.boot.autoconfigure.web.servlet.error.BasicErrorController#errorHtml(HttpServletRequest, HttpServletResponse)
2025-04-01T08:18:53.135+02:00 DEBUG 7826 --- [http-nio-8080-exec-3] o.s.w.s.v.ContentNegotiatingViewResolver : Selected 'text/html' given [text/html, text/html;q=0.8]
2025-04-01T08:18:53.139+02:00 DEBUG 7826 --- [http-nio-8080-exec-3] o.s.web.servlet.DispatcherServlet        : Exiting from "ERROR" dispatch, status 500
2025-04-01T08:20:12.317+02:00 DEBUG 7826 --- [http-nio-8080-exec-5] o.s.web.servlet.DispatcherServlet        : GET "/index.jsf", parameters={}
2025-04-01T08:20:12.323+02:00 DEBUG 7826 --- [http-nio-8080-exec-5] o.s.w.s.handler.SimpleUrlHandlerMapping  : Mapped to ResourceHttpRequestHandler [classpath [META-INF/resources/], classpath [resources/], classpath [static/], classpath [public/], ServletContext [/]]
2025-04-01T08:20:12.327+02:00 DEBUG 7826 --- [http-nio-8080-exec-5] o.s.w.s.r.ResourceHttpRequestHandler     : Resource not found
2025-04-01T08:20:12.328+02:00 DEBUG 7826 --- [http-nio-8080-exec-5] o.s.web.servlet.DispatcherServlet        : Completed 404 NOT_FOUND
2025-04-01T08:20:12.329+02:00 DEBUG 7826 --- [http-nio-8080-exec-5] o.s.web.servlet.DispatcherServlet        : "ERROR" dispatch for GET "/error", parameters={}
2025-04-01T08:20:12.329+02:00 DEBUG 7826 --- [http-nio-8080-exec-5] s.w.s.m.m.a.RequestMappingHandlerMapping : Mapped to org.springframework.boot.autoconfigure.web.servlet.error.BasicErrorController#errorHtml(HttpServletRequest, HttpServletResponse)
2025-04-01T08:20:12.338+02:00 DEBUG 7826 --- [http-nio-8080-exec-5] o.s.w.s.v.ContentNegotiatingViewResolver : Selected 'text/html' given [text/html, text/html;q=0.8]
2025-04-01T08:20:12.340+02:00 DEBUG 7826 --- [http-nio-8080-exec-5] o.s.web.servlet.DispatcherServlet        : Exiting from "ERROR" dispatch, status 404
2025-04-01T08:20:13.410+02:00 DEBUG 7826 --- [http-nio-8080-exec-6] o.s.web.servlet.DispatcherServlet        : GET "/index.jsf", parameters={}
2025-04-01T08:20:13.412+02:00 DEBUG 7826 --- [http-nio-8080-exec-6] o.s.w.s.handler.SimpleUrlHandlerMapping  : Mapped to ResourceHttpRequestHandler [classpath [META-INF/resources/], classpath [resources/], classpath [static/], classpath [public/], ServletContext [/]]
2025-04-01T08:20:13.413+02:00 DEBUG 7826 --- [http-nio-8080-exec-6] o.s.w.s.r.ResourceHttpRequestHandler     : Resource not found
2025-04-01T08:20:13.413+02:00 DEBUG 7826 --- [http-nio-8080-exec-6] o.s.web.servlet.DispatcherServlet        : Completed 404 NOT_FOUND
2025-04-01T08:20:13.414+02:00 DEBUG 7826 --- [http-nio-8080-exec-6] o.s.web.servlet.DispatcherServlet        : "ERROR" dispatch for GET "/error", parameters={}
2025-04-01T08:20:13.415+02:00 DEBUG 7826 --- [http-nio-8080-exec-6] s.w.s.m.m.a.RequestMappingHandlerMapping : Mapped to org.springframework.boot.autoconfigure.web.servlet.error.BasicErrorController#errorHtml(HttpServletRequest, HttpServletResponse)
2025-04-01T08:20:13.417+02:00 DEBUG 7826 --- [http-nio-8080-exec-6] o.s.w.s.v.ContentNegotiatingViewResolver : Selected 'text/html' given [text/html, text/html;q=0.8]
2025-04-01T08:20:13.421+02:00 DEBUG 7826 --- [http-nio-8080-exec-6] o.s.web.servlet.DispatcherServlet        : Exiting from "ERROR" dispatch, status 404
2025-04-01T08:37:17.457+02:00  INFO 7826 --- [SpringApplicationShutdownHook] j.LocalContainerEntityManagerFactoryBean : Closing JPA EntityManagerFactory for persistence unit 'default'
2025-04-01T08:37:17.459+02:00  INFO 7826 --- [SpringApplicationShutdownHook] com.zaxxer.hikari.HikariDataSource       : HikariPool-1 - Shutdown initiated...
2025-04-01T08:37:17.461+02:00  INFO 7826 --- [SpringApplicationShutdownHook] com.zaxxer.hikari.HikariDataSource       : HikariPool-1 - Shutdown completed.
2025-04-01T08:37:25.406+02:00  INFO 8524 --- [main] o.j.a.q.kitchensink.Application          : Starting Application using Java 23.0.2 with PID 8524 (/Users/marcosordi/Documents/mongodb/mongokitch/kitchensinkmongo/kitchensink/target/classes started by marcosordi in /Users/marcosordi/Documents/mongodb/mongokitch/kitchensinkmongo/kitchensink)
2025-04-01T08:37:25.407+02:00 DEBUG 8524 --- [main] o.j.a.q.kitchensink.Application          : Running with Spring Boot v3.3.2, Spring v6.1.11
2025-04-01T08:37:25.408+02:00  INFO 8524 --- [main] o.j.a.q.kitchensink.Application          : No active profile set, falling back to 1 default profile: "default"
2025-04-01T08:37:25.612+02:00  INFO 8524 --- [main] .s.d.r.c.RepositoryConfigurationDelegate : Multiple Spring Data modules found, entering strict repository configuration mode
2025-04-01T08:37:25.612+02:00  INFO 8524 --- [main] .s.d.r.c.RepositoryConfigurationDelegate : Bootstrapping Spring Data MongoDB repositories in DEFAULT mode.
2025-04-01T08:37:25.669+02:00  INFO 8524 --- [main] .s.d.r.c.RepositoryConfigurationDelegate : Finished Spring Data repository scanning in 54 ms. Found 1 MongoDB repository interface.
2025-04-01T08:37:25.670+02:00  INFO 8524 --- [main] .s.d.r.c.RepositoryConfigurationDelegate : Multiple Spring Data modules found, entering strict repository configuration mode
2025-04-01T08:37:25.670+02:00  INFO 8524 --- [main] .s.d.r.c.RepositoryConfigurationDelegate : Bootstrapping Spring Data MongoDB repositories in DEFAULT mode.
2025-04-01T08:37:25.672+02:00  INFO 8524 --- [main] .s.d.r.c.RepositoryConfigurationDelegate : Finished Spring Data repository scanning in 1 ms. Found 1 MongoDB repository interface.
2025-04-01T08:37:25.739+02:00  INFO 8524 --- [main] .s.d.r.c.RepositoryConfigurationDelegate : Multiple Spring Data modules found, entering strict repository configuration mode
2025-04-01T08:37:25.740+02:00  INFO 8524 --- [main] .s.d.r.c.RepositoryConfigurationDelegate : Bootstrapping Spring Data JPA repositories in DEFAULT mode.
2025-04-01T08:37:25.748+02:00  INFO 8524 --- [main] .RepositoryConfigurationExtensionSupport : Spring Data JPA - Could not safely identify store assignment for repository candidate interface org.jboss.as.quickstarts.kitchensink.data.MemberRepository; If you want this repository to be a JPA repository, consider annotating your entities with one of these annotations: jakarta.persistence.Entity, jakarta.persistence.MappedSuperclass (preferred), or consider extending one of the following types with your repository: org.springframework.data.jpa.repository.JpaRepository
2025-04-01T08:37:25.749+02:00  INFO 8524 --- [main] .s.d.r.c.RepositoryConfigurationDelegate : Finished Spring Data repository scanning in 7 ms. Found 0 JPA repository interfaces.
2025-04-01T08:37:25.980+02:00  INFO 8524 --- [main] o.s.b.w.embedded.tomcat.TomcatWebServer  : Tomcat initialized with port 8080 (http)
2025-04-01T08:37:25.986+02:00  INFO 8524 --- [main] o.apache.catalina.core.StandardService   : Starting service [Tomcat]
2025-04-01T08:37:25.986+02:00  INFO 8524 --- [main] o.apache.catalina.core.StandardEngine    : Starting Servlet engine: [Apache Tomcat/10.1.26]
2025-04-01T08:37:26.011+02:00  INFO 8524 --- [main] o.a.c.c.C.[Tomcat].[localhost].[/]       : Initializing Spring embedded WebApplicationContext
2025-04-01T08:37:26.011+02:00  INFO 8524 --- [main] w.s.c.ServletWebServerApplicationContext : Root WebApplicationContext: initialization completed in 577 ms
2025-04-01T08:37:26.024+02:00  INFO 8524 --- [main] com.zaxxer.hikari.HikariDataSource       : HikariPool-1 - Starting...
2025-04-01T08:37:26.105+02:00  INFO 8524 --- [main] com.zaxxer.hikari.pool.HikariPool        : HikariPool-1 - Added connection conn0: url=jdbc:h2:mem:a9cc509b-0334-42f8-abd9-a928e6d98e39 user=SA
2025-04-01T08:37:26.106+02:00  INFO 8524 --- [main] com.zaxxer.hikari.HikariDataSource       : HikariPool-1 - Start completed.
2025-04-01T08:37:26.112+02:00  INFO 8524 --- [main] o.s.b.a.h2.H2ConsoleAutoConfiguration    : H2 console available at '/h2-console'. Database available at 'jdbc:h2:mem:a9cc509b-0334-42f8-abd9-a928e6d98e39'
2025-04-01T08:37:26.320+02:00  INFO 8524 --- [main] SQL dialect                              : HHH000400: Using dialect: org.hibernate.dialect.H2Dialect
2025-04-01T08:37:26.437+02:00  INFO 8524 --- [main] j.LocalContainerEntityManagerFactoryBean : Initialized JPA EntityManagerFactory for persistence unit 'default'
2025-04-01T08:37:26.511+02:00  INFO 8524 --- [main] org.mongodb.driver.client                : MongoClient with metadata {"driver": {"name": "mongo-java-driver|sync|spring-boot", "version": "5.0.1"}, "os": {"type": "Darwin", "name": "Mac OS X", "architecture": "aarch64", "version": "14.6.1"}, "platform": "Java/Homebrew/23.0.2"} created with settings MongoClientSettings{readPreference=primary, writeConcern=WriteConcern{w=null, wTimeout=null ms, journal=null}, retryWrites=true, retryReads=true, readConcern=ReadConcern{level=null}, credential=null, transportSettings=null, commandListeners=[], codecRegistry=ProvidersCodecRegistry{codecProviders=[ValueCodecProvider{}, BsonValueCodecProvider{}, DBRefCodecProvider{}, DBObjectCodecProvider{}, DocumentCodecProvider{}, CollectionCodecProvider{}, IterableCodecProvider{}, MapCodecProvider{}, GeoJsonCodecProvider{}, GridFSFileCodecProvider{}, Jsr310CodecProvider{}, JsonObjectCodecProvider{}, BsonCodecProvider{}, EnumCodecProvider{}, com.mongodb.client.model.mql.ExpressionCodecProvider@71ee2fff, com.mongodb.Jep395RecordCodecProvider@68f2363, com.mongodb.KotlinCodecProvider@37fca349]}, loggerSettings=LoggerSettings{maxDocumentLength=1000}, clusterSettings={hosts=[localhost:27017], srvServiceName=mongodb, mode=SINGLE, requiredClusterType=UNKNOWN, requiredReplicaSetName='null', serverSelector='null', clusterListeners='[]', serverSelectionTimeout='30000 ms', localThreshold='15 ms'}, socketSettings=SocketSettings{connectTimeoutMS=10000, readTimeoutMS=0, receiveBufferSize=0, proxySettings=ProxySettings{host=null, port=null, username=null, password=null}}, heartbeatSocketSettings=SocketSettings{connectTimeoutMS=10000, readTimeoutMS=10000, receiveBufferSize=0, proxySettings=ProxySettings{host=null, port=null, username=null, password=null}}, connectionPoolSettings=ConnectionPoolSettings{maxSize=100, minSize=0, maxWaitTimeMS=120000, maxConnectionLifeTimeMS=0, maxConnectionIdleTimeMS=0, maintenanceInitialDelayMS=0, maintenanceFrequencyMS=60000, connectionPoolListeners=[], maxConnecting=2}, serverSettings=ServerSettings{heartbeatFrequencyMS=10000, minHeartbeatFrequencyMS=500, serverListeners='[]', serverMonitorListeners='[]'}, sslSettings=SslSettings{enabled=false, invalidHostNameAllowed=false, context=null}, applicationName='null', compressorList=[], uuidRepresentation=JAVA_LEGACY, serverApi=null, autoEncryptionSettings=null, dnsClient=null, inetAddressResolver=null, contextProvider=null}
2025-04-01T08:37:26.530+02:00  INFO 8524 --- [cluster-ClusterId{value='67eb89a6ee1e047871bceeb2', description='null'}-localhost:27017] org.mongodb.driver.cluster               : Monitor thread successfully connected to server with description ServerDescription{address=localhost:27017, type=STANDALONE, state=CONNECTED, ok=true, minWireVersion=0, maxWireVersion=25, maxDocumentSize=16777216, logicalSessionTimeoutMinutes=30, roundTripTimeNanos=9533083}
2025-04-01T08:37:26.697+02:00  INFO 8524 --- [main] o.j.a.q.k.controller.MemberController    : Total members cazzo found: 7
2025-04-01T08:37:26.765+02:00  WARN 8524 --- [main] JpaBaseConfiguration$JpaWebConfiguration : spring.jpa.open-in-view is enabled by default. Therefore, database queries may be performed during view rendering. Explicitly configure spring.jpa.open-in-view to disable this warning
2025-04-01T08:37:26.775+02:00  INFO 8524 --- [main] o.s.b.a.w.s.WelcomePageHandlerMapping    : Adding welcome page: ServletContext resource [/index.html]
2025-04-01T08:37:26.803+02:00 DEBUG 8524 --- [main] s.w.s.m.m.a.RequestMappingHandlerMapping : 10 mappings in 'requestMappingHandlerMapping'
2025-04-01T08:37:26.842+02:00 DEBUG 8524 --- [main] o.s.w.s.handler.SimpleUrlHandlerMapping  : Patterns [/webjars/**, /**] in 'resourceHandlerMapping'
2025-04-01T08:37:26.860+02:00 DEBUG 8524 --- [main] s.w.s.m.m.a.RequestMappingHandlerAdapter : ControllerAdvice beans: 0 @ModelAttribute, 0 @InitBinder, 1 RequestBodyAdvice, 1 ResponseBodyAdvice
2025-04-01T08:37:26.875+02:00 DEBUG 8524 --- [main] .m.m.a.ExceptionHandlerExceptionResolver : ControllerAdvice beans: 0 @ExceptionHandler, 1 ResponseBodyAdvice
2025-04-01T08:37:26.938+02:00  INFO 8524 --- [main] o.s.b.w.embedded.tomcat.TomcatWebServer  : Tomcat started on port 8080 (http) with context path '/'
2025-04-01T08:37:26.942+02:00  INFO 8524 --- [main] o.j.a.q.kitchensink.Application          : Started Application in 1.708 seconds (process running for 1.867)
2025-04-01T08:37:31.731+02:00  INFO 8524 --- [http-nio-8080-exec-1] o.a.c.c.C.[Tomcat].[localhost].[/]       : Initializing Spring DispatcherServlet 'dispatcherServlet'
2025-04-01T08:37:31.735+02:00  INFO 8524 --- [http-nio-8080-exec-1] o.s.web.servlet.DispatcherServlet        : Initializing Servlet 'dispatcherServlet'
2025-04-01T08:37:31.735+02:00 DEBUG 8524 --- [http-nio-8080-exec-1] o.s.web.servlet.DispatcherServlet        : Detected StandardServletMultipartResolver
2025-04-01T08:37:31.735+02:00 DEBUG 8524 --- [http-nio-8080-exec-1] o.s.web.servlet.DispatcherServlet        : Detected AcceptHeaderLocaleResolver
2025-04-01T08:37:31.735+02:00 DEBUG 8524 --- [http-nio-8080-exec-1] o.s.web.servlet.DispatcherServlet        : Detected FixedThemeResolver
2025-04-01T08:37:31.736+02:00 DEBUG 8524 --- [http-nio-8080-exec-1] o.s.web.servlet.DispatcherServlet        : Detected org.springframework.web.servlet.view.DefaultRequestToViewNameTranslator@3777fc44
2025-04-01T08:37:31.736+02:00 DEBUG 8524 --- [http-nio-8080-exec-1] o.s.web.servlet.DispatcherServlet        : Detected org.springframework.web.servlet.support.SessionFlashMapManager@5216532a
2025-04-01T08:37:31.737+02:00 DEBUG 8524 --- [http-nio-8080-exec-1] o.s.web.servlet.DispatcherServlet        : enableLoggingRequestDetails='false': request parameters and headers will be masked to prevent unsafe logging of potentially sensitive data
2025-04-01T08:37:31.737+02:00  INFO 8524 --- [http-nio-8080-exec-1] o.s.web.servlet.DispatcherServlet        : Completed initialization in 2 ms
2025-04-01T08:37:31.741+02:00 DEBUG 8524 --- [http-nio-8080-exec-1] o.s.web.servlet.DispatcherServlet        : GET "/index", parameters={}
2025-04-01T08:37:31.745+02:00 DEBUG 8524 --- [http-nio-8080-exec-1] s.w.s.m.m.a.RequestMappingHandlerMapping : Mapped to org.jboss.as.quickstarts.kitchensink.controller.HomeController#index(Model)
2025-04-01T08:37:31.784+02:00 DEBUG 8524 --- [http-nio-8080-exec-1] o.s.w.s.v.ContentNegotiatingViewResolver : Selected 'text/html' given [text/html, application/xhtml+xml, image/avif, image/webp, image/apng, application/xml;q=0.9, */*;q=0.8, application/signed-exchange;v=b3;q=0.7]
2025-04-01T08:37:32.039+02:00 DEBUG 8524 --- [http-nio-8080-exec-1] o.s.web.servlet.DispatcherServlet        : Completed 200 OK
2025-04-01T08:37:36.471+02:00 DEBUG 8524 --- [http-nio-8080-exec-2] o.s.web.servlet.DispatcherServlet        : GET "/members/register", parameters={}
2025-04-01T08:37:36.473+02:00 DEBUG 8524 --- [http-nio-8080-exec-2] s.w.s.m.m.a.RequestMappingHandlerMapping : Mapped to org.jboss.as.quickstarts.kitchensink.controller.MemberRestController#showRegistrationForm(Model)
2025-04-01T08:37:36.490+02:00 DEBUG 8524 --- [http-nio-8080-exec-2] o.s.w.s.v.ContentNegotiatingViewResolver : Selected 'text/html' given [text/html, application/xhtml+xml, image/avif, image/webp, image/apng, application/xml;q=0.9, */*;q=0.8, application/signed-exchange;v=b3;q=0.7]
2025-04-01T08:37:36.504+02:00 DEBUG 8524 --- [http-nio-8080-exec-2] o.s.web.servlet.DispatcherServlet        : Completed 200 OK
2025-04-01T08:37:46.253+02:00 DEBUG 8524 --- [http-nio-8080-exec-3] o.s.web.servlet.DispatcherServlet        : POST "/members/register", parameters={masked}
2025-04-01T08:37:46.254+02:00 DEBUG 8524 --- [http-nio-8080-exec-3] s.w.s.m.m.a.RequestMappingHandlerMapping : Mapped to org.jboss.as.quickstarts.kitchensink.controller.MemberRestController#register(Member, BindingResult, RedirectAttributes)
2025-04-01T08:37:46.261+02:00 DEBUG 8524 --- [http-nio-8080-exec-3] o.s.web.method.HandlerMethod             : Could not resolve parameter [0] in public java.lang.String org.jboss.as.quickstarts.kitchensink.controller.MemberRestController.register(org.jboss.as.quickstarts.kitchensink.model.Member,org.springframework.validation.BindingResult,org.springframework.web.servlet.mvc.support.RedirectAttributes): class org.springframework.web.servlet.mvc.method.annotation.ExtendedServletRequestDataBinder cannot be cast to class org.springframework.web.bind.support.WebRequestDataBinder (org.springframework.web.servlet.mvc.method.annotation.ExtendedServletRequestDataBinder and org.springframework.web.bind.support.WebRequestDataBinder are in unnamed module of loader 'app')
2025-04-01T08:37:46.265+02:00 DEBUG 8524 --- [http-nio-8080-exec-3] o.s.web.servlet.DispatcherServlet        : Failed to complete request: java.lang.ClassCastException: class org.springframework.web.servlet.mvc.method.annotation.ExtendedServletRequestDataBinder cannot be cast to class org.springframework.web.bind.support.WebRequestDataBinder (org.springframework.web.servlet.mvc.method.annotation.ExtendedServletRequestDataBinder and org.springframework.web.bind.support.WebRequestDataBinder are in unnamed module of loader 'app')
2025-04-01T08:37:46.266+02:00 ERROR 8524 --- [http-nio-8080-exec-3] o.a.c.c.C.[.[.[/].[dispatcherServlet]    : Servlet.service() for servlet [dispatcherServlet] in context with path [] threw exception [Request processing failed: java.lang.ClassCastException: class org.springframework.web.servlet.mvc.method.annotation.ExtendedServletRequestDataBinder cannot be cast to class org.springframework.web.bind.support.WebRequestDataBinder (org.springframework.web.servlet.mvc.method.annotation.ExtendedServletRequestDataBinder and org.springframework.web.bind.support.WebRequestDataBinder are in unnamed module of loader 'app')] with root cause

java.lang.ClassCastException: class org.springframework.web.servlet.mvc.method.annotation.ExtendedServletRequestDataBinder cannot be cast to class org.springframework.web.bind.support.WebRequestDataBinder (org.springframework.web.servlet.mvc.method.annotation.ExtendedServletRequestDataBinder and org.springframework.web.bind.support.WebRequestDataBinder are in unnamed module of loader 'app')
	at org.springframework.web.method.annotation.ModelAttributeMethodProcessor.constructAttribute(ModelAttributeMethodProcessor.java:207) ~[spring-web-6.1.11.jar:6.1.11]
	at org.springframework.web.method.annotation.ModelAttributeMethodProcessor.resolveArgument(ModelAttributeMethodProcessor.java:148) ~[spring-web-6.1.11.jar:6.1.11]
	at org.springframework.web.method.support.HandlerMethodArgumentResolverComposite.resolveArgument(HandlerMethodArgumentResolverComposite.java:122) ~[spring-web-6.1.11.jar:6.1.11]
	at org.springframework.web.method.support.InvocableHandlerMethod.getMethodArgumentValues(InvocableHandlerMethod.java:224) ~[spring-web-6.1.11.jar:6.1.11]
	at org.springframework.web.method.support.InvocableHandlerMethod.invokeForRequest(InvocableHandlerMethod.java:178) ~[spring-web-6.1.11.jar:6.1.11]
	at org.springframework.web.servlet.mvc.method.annotation.ServletInvocableHandlerMethod.invokeAndHandle(ServletInvocableHandlerMethod.java:117) ~[spring-webmvc-6.0.0.jar:6.0.0]
	at org.springframework.web.servlet.mvc.method.annotation.RequestMappingHandlerAdapter.invokeHandlerMethod(RequestMappingHandlerAdapter.java:891) ~[spring-webmvc-6.0.0.jar:6.0.0]
	at org.springframework.web.servlet.mvc.method.annotation.RequestMappingHandlerAdapter.handleInternal(RequestMappingHandlerAdapter.java:804) ~[spring-webmvc-6.0.0.jar:6.0.0]
	at org.springframework.web.servlet.mvc.method.AbstractHandlerMethodAdapter.handle(AbstractHandlerMethodAdapter.java:87) ~[spring-webmvc-6.0.0.jar:6.0.0]
	at org.springframework.web.servlet.DispatcherServlet.doDispatch(DispatcherServlet.java:1080) ~[spring-webmvc-6.0.0.jar:6.0.0]
	at org.springframework.web.servlet.DispatcherServlet.doService(DispatcherServlet.java:973) ~[spring-webmvc-6.0.0.jar:6.0.0]
	at org.springframework.web.servlet.FrameworkServlet.processRequest(FrameworkServlet.java:1003) ~[spring-webmvc-6.0.0.jar:6.0.0]
	at org.springframework.web.servlet.FrameworkServlet.doPost(FrameworkServlet.java:906) ~[spring-webmvc-6.0.0.jar:6.0.0]
	at jakarta.servlet.http.HttpServlet.service(HttpServlet.java:590) ~[tomcat-embed-core-10.1.26.jar:10.1.26]
	at org.springframework.web.servlet.FrameworkServlet.service(FrameworkServlet.java:880) ~[spring-webmvc-6.0.0.jar:6.0.0]
	at jakarta.servlet.http.HttpServlet.service(HttpServlet.java:658) ~[tomcat-embed-core-10.1.26.jar:10.1.26]
	at org.apache.catalina.core.ApplicationFilterChain.internalDoFilter(ApplicationFilterChain.java:195) ~[tomcat-embed-core-10.1.26.jar:10.1.26]
	at org.apache.catalina.core.ApplicationFilterChain.doFilter(ApplicationFilterChain.java:140) ~[tomcat-embed-core-10.1.26.jar:10.1.26]
	at org.apache.tomcat.websocket.server.WsFilter.doFilter(WsFilter.java:51) ~[tomcat-embed-websocket-10.1.26.jar:10.1.26]
	at org.apache.catalina.core.ApplicationFilterChain.internalDoFilter(ApplicationFilterChain.java:164) ~[tomcat-embed-core-10.1.26.jar:10.1.26]
	at org.apache.catalina.core.ApplicationFilterChain.doFilter(ApplicationFilterChain.java:140) ~[tomcat-embed-core-10.1.26.jar:10.1.26]
	at org.springframework.web.filter.RequestContextFilter.doFilterInternal(RequestContextFilter.java:100) ~[spring-web-6.1.11.jar:6.1.11]
	at org.springframework.web.filter.OncePerRequestFilter.doFilter(OncePerRequestFilter.java:116) ~[spring-web-6.1.11.jar:6.1.11]
	at org.apache.catalina.core.ApplicationFilterChain.internalDoFilter(ApplicationFilterChain.java:164) ~[tomcat-embed-core-10.1.26.jar:10.1.26]
	at org.apache.catalina.core.ApplicationFilterChain.doFilter(ApplicationFilterChain.java:140) ~[tomcat-embed-core-10.1.26.jar:10.1.26]
	at org.springframework.web.filter.FormContentFilter.doFilterInternal(FormContentFilter.java:93) ~[spring-web-6.1.11.jar:6.1.11]
	at org.springframework.web.filter.OncePerRequestFilter.doFilter(OncePerRequestFilter.java:116) ~[spring-web-6.1.11.jar:6.1.11]
	at org.apache.catalina.core.ApplicationFilterChain.internalDoFilter(ApplicationFilterChain.java:164) ~[tomcat-embed-core-10.1.26.jar:10.1.26]
	at org.apache.catalina.core.ApplicationFilterChain.doFilter(ApplicationFilterChain.java:140) ~[tomcat-embed-core-10.1.26.jar:10.1.26]
	at org.springframework.web.filter.CharacterEncodingFilter.doFilterInternal(CharacterEncodingFilter.java:201) ~[spring-web-6.1.11.jar:6.1.11]
	at org.springframework.web.filter.OncePerRequestFilter.doFilter(OncePerRequestFilter.java:116) ~[spring-web-6.1.11.jar:6.1.11]
	at org.apache.catalina.core.ApplicationFilterChain.internalDoFilter(ApplicationFilterChain.java:164) ~[tomcat-embed-core-10.1.26.jar:10.1.26]
	at org.apache.catalina.core.ApplicationFilterChain.doFilter(ApplicationFilterChain.java:140) ~[tomcat-embed-core-10.1.26.jar:10.1.26]
	at org.apache.catalina.core.StandardWrapperValve.invoke(StandardWrapperValve.java:167) ~[tomcat-embed-core-10.1.26.jar:10.1.26]
	at org.apache.catalina.core.StandardContextValve.invoke(StandardContextValve.java:90) ~[tomcat-embed-core-10.1.26.jar:10.1.26]
	at org.apache.catalina.authenticator.AuthenticatorBase.invoke(AuthenticatorBase.java:483) ~[tomcat-embed-core-10.1.26.jar:10.1.26]
	at org.apache.catalina.core.StandardHostValve.invoke(StandardHostValve.java:115) ~[tomcat-embed-core-10.1.26.jar:10.1.26]
	at org.apache.catalina.valves.ErrorReportValve.invoke(ErrorReportValve.java:93) ~[tomcat-embed-core-10.1.26.jar:10.1.26]
	at org.apache.catalina.core.StandardEngineValve.invoke(StandardEngineValve.java:74) ~[tomcat-embed-core-10.1.26.jar:10.1.26]
	at org.apache.catalina.connector.CoyoteAdapter.service(CoyoteAdapter.java:344) ~[tomcat-embed-core-10.1.26.jar:10.1.26]
	at org.apache.coyote.http11.Http11Processor.service(Http11Processor.java:389) ~[tomcat-embed-core-10.1.26.jar:10.1.26]
	at org.apache.coyote.AbstractProcessorLight.process(AbstractProcessorLight.java:63) ~[tomcat-embed-core-10.1.26.jar:10.1.26]
	at org.apache.coyote.AbstractProtocol$ConnectionHandler.process(AbstractProtocol.java:904) ~[tomcat-embed-core-10.1.26.jar:10.1.26]
	at org.apache.tomcat.util.net.NioEndpoint$SocketProcessor.doRun(NioEndpoint.java:1741) ~[tomcat-embed-core-10.1.26.jar:10.1.26]
	at org.apache.tomcat.util.net.SocketProcessorBase.run(SocketProcessorBase.java:52) ~[tomcat-embed-core-10.1.26.jar:10.1.26]
	at org.apache.tomcat.util.threads.ThreadPoolExecutor.runWorker(ThreadPoolExecutor.java:1190) ~[tomcat-embed-core-10.1.26.jar:10.1.26]
	at org.apache.tomcat.util.threads.ThreadPoolExecutor$Worker.run(ThreadPoolExecutor.java:659) ~[tomcat-embed-core-10.1.26.jar:10.1.26]
	at org.apache.tomcat.util.threads.TaskThread$WrappingRunnable.run(TaskThread.java:63) ~[tomcat-embed-core-10.1.26.jar:10.1.26]
	at java.base/java.lang.Thread.run(Thread.java:1575) ~[na:na]

2025-04-01T08:37:46.279+02:00 DEBUG 8524 --- [http-nio-8080-exec-3] o.s.web.servlet.DispatcherServlet        : "ERROR" dispatch for POST "/error", parameters={masked}
2025-04-01T08:37:46.280+02:00 DEBUG 8524 --- [http-nio-8080-exec-3] s.w.s.m.m.a.RequestMappingHandlerMapping : Mapped to org.springframework.boot.autoconfigure.web.servlet.error.BasicErrorController#errorHtml(HttpServletRequest, HttpServletResponse)
2025-04-01T08:37:46.287+02:00 DEBUG 8524 --- [http-nio-8080-exec-3] o.s.w.s.v.ContentNegotiatingViewResolver : Selected 'text/html' given [text/html, text/html;q=0.8]
2025-04-01T08:37:46.291+02:00 DEBUG 8524 --- [http-nio-8080-exec-3] o.s.web.servlet.DispatcherServlet        : Exiting from "ERROR" dispatch, status 500
2025-04-01T08:39:01.089+02:00  INFO 8524 --- [SpringApplicationShutdownHook] j.LocalContainerEntityManagerFactoryBean : Closing JPA EntityManagerFactory for persistence unit 'default'
2025-04-01T08:39:01.091+02:00  INFO 8524 --- [SpringApplicationShutdownHook] com.zaxxer.hikari.HikariDataSource       : HikariPool-1 - Shutdown initiated...
2025-04-01T08:39:01.093+02:00  INFO 8524 --- [SpringApplicationShutdownHook] com.zaxxer.hikari.HikariDataSource       : HikariPool-1 - Shutdown completed.
2025-04-01T08:39:55.284+02:00  INFO 8657 --- [main] o.j.a.q.kitchensink.Application          : Starting Application using Java 23.0.2 with PID 8657 (/Users/marcosordi/Documents/mongodb/mongokitch/kitchensinkmongo/kitchensink/target/classes started by marcosordi in /Users/marcosordi/Documents/mongodb/mongokitch/kitchensinkmongo/kitchensink)
2025-04-01T08:39:55.285+02:00 DEBUG 8657 --- [main] o.j.a.q.kitchensink.Application          : Running with Spring Boot v3.3.2, Spring v6.1.11
2025-04-01T08:39:55.286+02:00  INFO 8657 --- [main] o.j.a.q.kitchensink.Application          : No active profile set, falling back to 1 default profile: "default"
2025-04-01T08:39:55.491+02:00  INFO 8657 --- [main] .s.d.r.c.RepositoryConfigurationDelegate : Multiple Spring Data modules found, entering strict repository configuration mode
2025-04-01T08:39:55.491+02:00  INFO 8657 --- [main] .s.d.r.c.RepositoryConfigurationDelegate : Bootstrapping Spring Data MongoDB repositories in DEFAULT mode.
2025-04-01T08:39:55.547+02:00  INFO 8657 --- [main] .s.d.r.c.RepositoryConfigurationDelegate : Finished Spring Data repository scanning in 54 ms. Found 1 MongoDB repository interface.
2025-04-01T08:39:55.548+02:00  INFO 8657 --- [main] .s.d.r.c.RepositoryConfigurationDelegate : Multiple Spring Data modules found, entering strict repository configuration mode
2025-04-01T08:39:55.548+02:00  INFO 8657 --- [main] .s.d.r.c.RepositoryConfigurationDelegate : Bootstrapping Spring Data MongoDB repositories in DEFAULT mode.
2025-04-01T08:39:55.550+02:00  INFO 8657 --- [main] .s.d.r.c.RepositoryConfigurationDelegate : Finished Spring Data repository scanning in 1 ms. Found 1 MongoDB repository interface.
2025-04-01T08:39:55.616+02:00  INFO 8657 --- [main] .s.d.r.c.RepositoryConfigurationDelegate : Multiple Spring Data modules found, entering strict repository configuration mode
2025-04-01T08:39:55.617+02:00  INFO 8657 --- [main] .s.d.r.c.RepositoryConfigurationDelegate : Bootstrapping Spring Data JPA repositories in DEFAULT mode.
2025-04-01T08:39:55.625+02:00  INFO 8657 --- [main] .RepositoryConfigurationExtensionSupport : Spring Data JPA - Could not safely identify store assignment for repository candidate interface org.jboss.as.quickstarts.kitchensink.data.MemberRepository; If you want this repository to be a JPA repository, consider annotating your entities with one of these annotations: jakarta.persistence.Entity, jakarta.persistence.MappedSuperclass (preferred), or consider extending one of the following types with your repository: org.springframework.data.jpa.repository.JpaRepository
2025-04-01T08:39:55.626+02:00  INFO 8657 --- [main] .s.d.r.c.RepositoryConfigurationDelegate : Finished Spring Data repository scanning in 7 ms. Found 0 JPA repository interfaces.
2025-04-01T08:39:55.851+02:00  INFO 8657 --- [main] o.s.b.w.embedded.tomcat.TomcatWebServer  : Tomcat initialized with port 8080 (http)
2025-04-01T08:39:55.857+02:00  INFO 8657 --- [main] o.apache.catalina.core.StandardService   : Starting service [Tomcat]
2025-04-01T08:39:55.857+02:00  INFO 8657 --- [main] o.apache.catalina.core.StandardEngine    : Starting Servlet engine: [Apache Tomcat/10.1.26]
2025-04-01T08:39:55.881+02:00  INFO 8657 --- [main] o.a.c.c.C.[Tomcat].[localhost].[/]       : Initializing Spring embedded WebApplicationContext
2025-04-01T08:39:55.882+02:00  INFO 8657 --- [main] w.s.c.ServletWebServerApplicationContext : Root WebApplicationContext: initialization completed in 571 ms
2025-04-01T08:39:55.897+02:00  INFO 8657 --- [main] com.zaxxer.hikari.HikariDataSource       : HikariPool-1 - Starting...
2025-04-01T08:39:55.974+02:00  INFO 8657 --- [main] com.zaxxer.hikari.pool.HikariPool        : HikariPool-1 - Added connection conn0: url=jdbc:h2:mem:08ab4eef-cfbb-4245-8a00-57811ec0f608 user=SA
2025-04-01T08:39:55.975+02:00  INFO 8657 --- [main] com.zaxxer.hikari.HikariDataSource       : HikariPool-1 - Start completed.
2025-04-01T08:39:55.981+02:00  INFO 8657 --- [main] o.s.b.a.h2.H2ConsoleAutoConfiguration    : H2 console available at '/h2-console'. Database available at 'jdbc:h2:mem:08ab4eef-cfbb-4245-8a00-57811ec0f608'
2025-04-01T08:39:56.183+02:00  INFO 8657 --- [main] SQL dialect                              : HHH000400: Using dialect: org.hibernate.dialect.H2Dialect
2025-04-01T08:39:56.295+02:00  INFO 8657 --- [main] j.LocalContainerEntityManagerFactoryBean : Initialized JPA EntityManagerFactory for persistence unit 'default'
2025-04-01T08:39:56.369+02:00  INFO 8657 --- [main] org.mongodb.driver.client                : MongoClient with metadata {"driver": {"name": "mongo-java-driver|sync|spring-boot", "version": "5.0.1"}, "os": {"type": "Darwin", "name": "Mac OS X", "architecture": "aarch64", "version": "14.6.1"}, "platform": "Java/Homebrew/23.0.2"} created with settings MongoClientSettings{readPreference=primary, writeConcern=WriteConcern{w=null, wTimeout=null ms, journal=null}, retryWrites=true, retryReads=true, readConcern=ReadConcern{level=null}, credential=null, transportSettings=null, commandListeners=[], codecRegistry=ProvidersCodecRegistry{codecProviders=[ValueCodecProvider{}, BsonValueCodecProvider{}, DBRefCodecProvider{}, DBObjectCodecProvider{}, DocumentCodecProvider{}, CollectionCodecProvider{}, IterableCodecProvider{}, MapCodecProvider{}, GeoJsonCodecProvider{}, GridFSFileCodecProvider{}, Jsr310CodecProvider{}, JsonObjectCodecProvider{}, BsonCodecProvider{}, EnumCodecProvider{}, com.mongodb.client.model.mql.ExpressionCodecProvider@2f8f40cc, com.mongodb.Jep395RecordCodecProvider@14d81f2c, com.mongodb.KotlinCodecProvider@5dd3727c]}, loggerSettings=LoggerSettings{maxDocumentLength=1000}, clusterSettings={hosts=[localhost:27017], srvServiceName=mongodb, mode=SINGLE, requiredClusterType=UNKNOWN, requiredReplicaSetName='null', serverSelector='null', clusterListeners='[]', serverSelectionTimeout='30000 ms', localThreshold='15 ms'}, socketSettings=SocketSettings{connectTimeoutMS=10000, readTimeoutMS=0, receiveBufferSize=0, proxySettings=ProxySettings{host=null, port=null, username=null, password=null}}, heartbeatSocketSettings=SocketSettings{connectTimeoutMS=10000, readTimeoutMS=10000, receiveBufferSize=0, proxySettings=ProxySettings{host=null, port=null, username=null, password=null}}, connectionPoolSettings=ConnectionPoolSettings{maxSize=100, minSize=0, maxWaitTimeMS=120000, maxConnectionLifeTimeMS=0, maxConnectionIdleTimeMS=0, maintenanceInitialDelayMS=0, maintenanceFrequencyMS=60000, connectionPoolListeners=[], maxConnecting=2}, serverSettings=ServerSettings{heartbeatFrequencyMS=10000, minHeartbeatFrequencyMS=500, serverListeners='[]', serverMonitorListeners='[]'}, sslSettings=SslSettings{enabled=false, invalidHostNameAllowed=false, context=null}, applicationName='null', compressorList=[], uuidRepresentation=JAVA_LEGACY, serverApi=null, autoEncryptionSettings=null, dnsClient=null, inetAddressResolver=null, contextProvider=null}
2025-04-01T08:39:56.387+02:00  INFO 8657 --- [cluster-ClusterId{value='67eb8a3cbb35112c79ad2da3', description='null'}-localhost:27017] org.mongodb.driver.cluster               : Monitor thread successfully connected to server with description ServerDescription{address=localhost:27017, type=STANDALONE, state=CONNECTED, ok=true, minWireVersion=0, maxWireVersion=25, maxDocumentSize=16777216, logicalSessionTimeoutMinutes=30, roundTripTimeNanos=10833083}
2025-04-01T08:39:56.549+02:00  INFO 8657 --- [main] o.j.a.q.k.controller.MemberController    : Total members cazzo found: 7
2025-04-01T08:39:56.616+02:00  WARN 8657 --- [main] JpaBaseConfiguration$JpaWebConfiguration : spring.jpa.open-in-view is enabled by default. Therefore, database queries may be performed during view rendering. Explicitly configure spring.jpa.open-in-view to disable this warning
2025-04-01T08:39:56.628+02:00  INFO 8657 --- [main] o.s.b.a.w.s.WelcomePageHandlerMapping    : Adding welcome page: ServletContext resource [/index.html]
2025-04-01T08:39:56.655+02:00 DEBUG 8657 --- [main] s.w.s.m.m.a.RequestMappingHandlerMapping : 10 mappings in 'requestMappingHandlerMapping'
2025-04-01T08:39:56.693+02:00 DEBUG 8657 --- [main] o.s.w.s.handler.SimpleUrlHandlerMapping  : Patterns [/webjars/**, /**] in 'resourceHandlerMapping'
2025-04-01T08:39:56.710+02:00 DEBUG 8657 --- [main] s.w.s.m.m.a.RequestMappingHandlerAdapter : ControllerAdvice beans: 0 @ModelAttribute, 0 @InitBinder, 1 RequestBodyAdvice, 1 ResponseBodyAdvice
2025-04-01T08:39:56.725+02:00 DEBUG 8657 --- [main] .m.m.a.ExceptionHandlerExceptionResolver : ControllerAdvice beans: 0 @ExceptionHandler, 1 ResponseBodyAdvice
2025-04-01T08:39:56.788+02:00  INFO 8657 --- [main] o.s.b.w.embedded.tomcat.TomcatWebServer  : Tomcat started on port 8080 (http) with context path '/'
2025-04-01T08:39:56.792+02:00  INFO 8657 --- [main] o.j.a.q.kitchensink.Application          : Started Application in 1.683 seconds (process running for 1.849)
2025-04-01T08:40:12.823+02:00  INFO 8657 --- [http-nio-8080-exec-1] o.a.c.c.C.[Tomcat].[localhost].[/]       : Initializing Spring DispatcherServlet 'dispatcherServlet'
2025-04-01T08:40:12.824+02:00  INFO 8657 --- [http-nio-8080-exec-1] o.s.web.servlet.DispatcherServlet        : Initializing Servlet 'dispatcherServlet'
2025-04-01T08:40:12.824+02:00 DEBUG 8657 --- [http-nio-8080-exec-1] o.s.web.servlet.DispatcherServlet        : Detected StandardServletMultipartResolver
2025-04-01T08:40:12.824+02:00 DEBUG 8657 --- [http-nio-8080-exec-1] o.s.web.servlet.DispatcherServlet        : Detected AcceptHeaderLocaleResolver
2025-04-01T08:40:12.824+02:00 DEBUG 8657 --- [http-nio-8080-exec-1] o.s.web.servlet.DispatcherServlet        : Detected FixedThemeResolver
2025-04-01T08:40:12.825+02:00 DEBUG 8657 --- [http-nio-8080-exec-1] o.s.web.servlet.DispatcherServlet        : Detected org.springframework.web.servlet.view.DefaultRequestToViewNameTranslator@1a56f608
2025-04-01T08:40:12.825+02:00 DEBUG 8657 --- [http-nio-8080-exec-1] o.s.web.servlet.DispatcherServlet        : Detected org.springframework.web.servlet.support.SessionFlashMapManager@e2344da
2025-04-01T08:40:12.825+02:00 DEBUG 8657 --- [http-nio-8080-exec-1] o.s.web.servlet.DispatcherServlet        : enableLoggingRequestDetails='false': request parameters and headers will be masked to prevent unsafe logging of potentially sensitive data
2025-04-01T08:40:12.825+02:00  INFO 8657 --- [http-nio-8080-exec-1] o.s.web.servlet.DispatcherServlet        : Completed initialization in 1 ms
2025-04-01T08:40:12.829+02:00 DEBUG 8657 --- [http-nio-8080-exec-1] o.s.web.servlet.DispatcherServlet        : GET "/index", parameters={}
2025-04-01T08:40:12.834+02:00 DEBUG 8657 --- [http-nio-8080-exec-1] s.w.s.m.m.a.RequestMappingHandlerMapping : Mapped to org.jboss.as.quickstarts.kitchensink.controller.HomeController#index(Model)
2025-04-01T08:40:12.875+02:00 DEBUG 8657 --- [http-nio-8080-exec-1] o.s.w.s.v.ContentNegotiatingViewResolver : Selected 'text/html' given [text/html, application/xhtml+xml, image/avif, image/webp, image/apng, application/xml;q=0.9, */*;q=0.8, application/signed-exchange;v=b3;q=0.7]
2025-04-01T08:40:13.025+02:00 DEBUG 8657 --- [http-nio-8080-exec-1] o.s.web.servlet.DispatcherServlet        : Completed 200 OK
2025-04-01T08:40:16.020+02:00 DEBUG 8657 --- [http-nio-8080-exec-2] o.s.web.servlet.DispatcherServlet        : GET "/members/register", parameters={}
2025-04-01T08:40:16.021+02:00 DEBUG 8657 --- [http-nio-8080-exec-2] s.w.s.m.m.a.RequestMappingHandlerMapping : Mapped to org.jboss.as.quickstarts.kitchensink.controller.MemberRestController#showRegistrationForm(Model)
2025-04-01T08:40:16.033+02:00 DEBUG 8657 --- [http-nio-8080-exec-2] o.s.w.s.v.ContentNegotiatingViewResolver : Selected 'text/html' given [text/html, application/xhtml+xml, image/avif, image/webp, image/apng, application/xml;q=0.9, */*;q=0.8, application/signed-exchange;v=b3;q=0.7]
2025-04-01T08:40:16.048+02:00 DEBUG 8657 --- [http-nio-8080-exec-2] o.s.web.servlet.DispatcherServlet        : Completed 200 OK
2025-04-01T08:40:24.499+02:00 DEBUG 8657 --- [http-nio-8080-exec-3] o.s.web.servlet.DispatcherServlet        : POST "/members/register", parameters={masked}
2025-04-01T08:40:24.500+02:00 DEBUG 8657 --- [http-nio-8080-exec-3] s.w.s.m.m.a.RequestMappingHandlerMapping : Mapped to org.jboss.as.quickstarts.kitchensink.controller.MemberRestController#register(Member, BindingResult, RedirectAttributes)
2025-04-01T08:40:24.508+02:00 DEBUG 8657 --- [http-nio-8080-exec-3] o.s.web.method.HandlerMethod             : Could not resolve parameter [0] in public java.lang.String org.jboss.as.quickstarts.kitchensink.controller.MemberRestController.register(org.jboss.as.quickstarts.kitchensink.model.Member,org.springframework.validation.BindingResult,org.springframework.web.servlet.mvc.support.RedirectAttributes): class org.springframework.web.servlet.mvc.method.annotation.ExtendedServletRequestDataBinder cannot be cast to class org.springframework.web.bind.support.WebRequestDataBinder (org.springframework.web.servlet.mvc.method.annotation.ExtendedServletRequestDataBinder and org.springframework.web.bind.support.WebRequestDataBinder are in unnamed module of loader 'app')
2025-04-01T08:40:24.511+02:00 DEBUG 8657 --- [http-nio-8080-exec-3] o.s.web.servlet.DispatcherServlet        : Failed to complete request: java.lang.ClassCastException: class org.springframework.web.servlet.mvc.method.annotation.ExtendedServletRequestDataBinder cannot be cast to class org.springframework.web.bind.support.WebRequestDataBinder (org.springframework.web.servlet.mvc.method.annotation.ExtendedServletRequestDataBinder and org.springframework.web.bind.support.WebRequestDataBinder are in unnamed module of loader 'app')
2025-04-01T08:40:24.512+02:00 ERROR 8657 --- [http-nio-8080-exec-3] o.a.c.c.C.[.[.[/].[dispatcherServlet]    : Servlet.service() for servlet [dispatcherServlet] in context with path [] threw exception [Request processing failed: java.lang.ClassCastException: class org.springframework.web.servlet.mvc.method.annotation.ExtendedServletRequestDataBinder cannot be cast to class org.springframework.web.bind.support.WebRequestDataBinder (org.springframework.web.servlet.mvc.method.annotation.ExtendedServletRequestDataBinder and org.springframework.web.bind.support.WebRequestDataBinder are in unnamed module of loader 'app')] with root cause

java.lang.ClassCastException: class org.springframework.web.servlet.mvc.method.annotation.ExtendedServletRequestDataBinder cannot be cast to class org.springframework.web.bind.support.WebRequestDataBinder (org.springframework.web.servlet.mvc.method.annotation.ExtendedServletRequestDataBinder and org.springframework.web.bind.support.WebRequestDataBinder are in unnamed module of loader 'app')
	at org.springframework.web.method.annotation.ModelAttributeMethodProcessor.constructAttribute(ModelAttributeMethodProcessor.java:207) ~[spring-web-6.1.11.jar:6.1.11]
	at org.springframework.web.method.annotation.ModelAttributeMethodProcessor.resolveArgument(ModelAttributeMethodProcessor.java:148) ~[spring-web-6.1.11.jar:6.1.11]
	at org.springframework.web.method.support.HandlerMethodArgumentResolverComposite.resolveArgument(HandlerMethodArgumentResolverComposite.java:122) ~[spring-web-6.1.11.jar:6.1.11]
	at org.springframework.web.method.support.InvocableHandlerMethod.getMethodArgumentValues(InvocableHandlerMethod.java:224) ~[spring-web-6.1.11.jar:6.1.11]
	at org.springframework.web.method.support.InvocableHandlerMethod.invokeForRequest(InvocableHandlerMethod.java:178) ~[spring-web-6.1.11.jar:6.1.11]
	at org.springframework.web.servlet.mvc.method.annotation.ServletInvocableHandlerMethod.invokeAndHandle(ServletInvocableHandlerMethod.java:117) ~[spring-webmvc-6.0.0.jar:6.0.0]
	at org.springframework.web.servlet.mvc.method.annotation.RequestMappingHandlerAdapter.invokeHandlerMethod(RequestMappingHandlerAdapter.java:891) ~[spring-webmvc-6.0.0.jar:6.0.0]
	at org.springframework.web.servlet.mvc.method.annotation.RequestMappingHandlerAdapter.handleInternal(RequestMappingHandlerAdapter.java:804) ~[spring-webmvc-6.0.0.jar:6.0.0]
	at org.springframework.web.servlet.mvc.method.AbstractHandlerMethodAdapter.handle(AbstractHandlerMethodAdapter.java:87) ~[spring-webmvc-6.0.0.jar:6.0.0]
	at org.springframework.web.servlet.DispatcherServlet.doDispatch(DispatcherServlet.java:1080) ~[spring-webmvc-6.0.0.jar:6.0.0]
	at org.springframework.web.servlet.DispatcherServlet.doService(DispatcherServlet.java:973) ~[spring-webmvc-6.0.0.jar:6.0.0]
	at org.springframework.web.servlet.FrameworkServlet.processRequest(FrameworkServlet.java:1003) ~[spring-webmvc-6.0.0.jar:6.0.0]
	at org.springframework.web.servlet.FrameworkServlet.doPost(FrameworkServlet.java:906) ~[spring-webmvc-6.0.0.jar:6.0.0]
	at jakarta.servlet.http.HttpServlet.service(HttpServlet.java:590) ~[tomcat-embed-core-10.1.26.jar:10.1.26]
	at org.springframework.web.servlet.FrameworkServlet.service(FrameworkServlet.java:880) ~[spring-webmvc-6.0.0.jar:6.0.0]
	at jakarta.servlet.http.HttpServlet.service(HttpServlet.java:658) ~[tomcat-embed-core-10.1.26.jar:10.1.26]
	at org.apache.catalina.core.ApplicationFilterChain.internalDoFilter(ApplicationFilterChain.java:195) ~[tomcat-embed-core-10.1.26.jar:10.1.26]
	at org.apache.catalina.core.ApplicationFilterChain.doFilter(ApplicationFilterChain.java:140) ~[tomcat-embed-core-10.1.26.jar:10.1.26]
	at org.apache.tomcat.websocket.server.WsFilter.doFilter(WsFilter.java:51) ~[tomcat-embed-websocket-10.1.26.jar:10.1.26]
	at org.apache.catalina.core.ApplicationFilterChain.internalDoFilter(ApplicationFilterChain.java:164) ~[tomcat-embed-core-10.1.26.jar:10.1.26]
	at org.apache.catalina.core.ApplicationFilterChain.doFilter(ApplicationFilterChain.java:140) ~[tomcat-embed-core-10.1.26.jar:10.1.26]
	at org.springframework.web.filter.RequestContextFilter.doFilterInternal(RequestContextFilter.java:100) ~[spring-web-6.1.11.jar:6.1.11]
	at org.springframework.web.filter.OncePerRequestFilter.doFilter(OncePerRequestFilter.java:116) ~[spring-web-6.1.11.jar:6.1.11]
	at org.apache.catalina.core.ApplicationFilterChain.internalDoFilter(ApplicationFilterChain.java:164) ~[tomcat-embed-core-10.1.26.jar:10.1.26]
	at org.apache.catalina.core.ApplicationFilterChain.doFilter(ApplicationFilterChain.java:140) ~[tomcat-embed-core-10.1.26.jar:10.1.26]
	at org.springframework.web.filter.FormContentFilter.doFilterInternal(FormContentFilter.java:93) ~[spring-web-6.1.11.jar:6.1.11]
	at org.springframework.web.filter.OncePerRequestFilter.doFilter(OncePerRequestFilter.java:116) ~[spring-web-6.1.11.jar:6.1.11]
	at org.apache.catalina.core.ApplicationFilterChain.internalDoFilter(ApplicationFilterChain.java:164) ~[tomcat-embed-core-10.1.26.jar:10.1.26]
	at org.apache.catalina.core.ApplicationFilterChain.doFilter(ApplicationFilterChain.java:140) ~[tomcat-embed-core-10.1.26.jar:10.1.26]
	at org.springframework.web.filter.CharacterEncodingFilter.doFilterInternal(CharacterEncodingFilter.java:201) ~[spring-web-6.1.11.jar:6.1.11]
	at org.springframework.web.filter.OncePerRequestFilter.doFilter(OncePerRequestFilter.java:116) ~[spring-web-6.1.11.jar:6.1.11]
	at org.apache.catalina.core.ApplicationFilterChain.internalDoFilter(ApplicationFilterChain.java:164) ~[tomcat-embed-core-10.1.26.jar:10.1.26]
	at org.apache.catalina.core.ApplicationFilterChain.doFilter(ApplicationFilterChain.java:140) ~[tomcat-embed-core-10.1.26.jar:10.1.26]
	at org.apache.catalina.core.StandardWrapperValve.invoke(StandardWrapperValve.java:167) ~[tomcat-embed-core-10.1.26.jar:10.1.26]
	at org.apache.catalina.core.StandardContextValve.invoke(StandardContextValve.java:90) ~[tomcat-embed-core-10.1.26.jar:10.1.26]
	at org.apache.catalina.authenticator.AuthenticatorBase.invoke(AuthenticatorBase.java:483) ~[tomcat-embed-core-10.1.26.jar:10.1.26]
	at org.apache.catalina.core.StandardHostValve.invoke(StandardHostValve.java:115) ~[tomcat-embed-core-10.1.26.jar:10.1.26]
	at org.apache.catalina.valves.ErrorReportValve.invoke(ErrorReportValve.java:93) ~[tomcat-embed-core-10.1.26.jar:10.1.26]
	at org.apache.catalina.core.StandardEngineValve.invoke(StandardEngineValve.java:74) ~[tomcat-embed-core-10.1.26.jar:10.1.26]
	at org.apache.catalina.connector.CoyoteAdapter.service(CoyoteAdapter.java:344) ~[tomcat-embed-core-10.1.26.jar:10.1.26]
	at org.apache.coyote.http11.Http11Processor.service(Http11Processor.java:389) ~[tomcat-embed-core-10.1.26.jar:10.1.26]
	at org.apache.coyote.AbstractProcessorLight.process(AbstractProcessorLight.java:63) ~[tomcat-embed-core-10.1.26.jar:10.1.26]
	at org.apache.coyote.AbstractProtocol$ConnectionHandler.process(AbstractProtocol.java:904) ~[tomcat-embed-core-10.1.26.jar:10.1.26]
	at org.apache.tomcat.util.net.NioEndpoint$SocketProcessor.doRun(NioEndpoint.java:1741) ~[tomcat-embed-core-10.1.26.jar:10.1.26]
	at org.apache.tomcat.util.net.SocketProcessorBase.run(SocketProcessorBase.java:52) ~[tomcat-embed-core-10.1.26.jar:10.1.26]
	at org.apache.tomcat.util.threads.ThreadPoolExecutor.runWorker(ThreadPoolExecutor.java:1190) ~[tomcat-embed-core-10.1.26.jar:10.1.26]
	at org.apache.tomcat.util.threads.ThreadPoolExecutor$Worker.run(ThreadPoolExecutor.java:659) ~[tomcat-embed-core-10.1.26.jar:10.1.26]
	at org.apache.tomcat.util.threads.TaskThread$WrappingRunnable.run(TaskThread.java:63) ~[tomcat-embed-core-10.1.26.jar:10.1.26]
	at java.base/java.lang.Thread.run(Thread.java:1575) ~[na:na]

2025-04-01T08:40:24.518+02:00 DEBUG 8657 --- [http-nio-8080-exec-3] o.s.web.servlet.DispatcherServlet        : "ERROR" dispatch for POST "/error", parameters={masked}
2025-04-01T08:40:24.519+02:00 DEBUG 8657 --- [http-nio-8080-exec-3] s.w.s.m.m.a.RequestMappingHandlerMapping : Mapped to org.springframework.boot.autoconfigure.web.servlet.error.BasicErrorController#errorHtml(HttpServletRequest, HttpServletResponse)
2025-04-01T08:40:24.524+02:00 DEBUG 8657 --- [http-nio-8080-exec-3] o.s.w.s.v.ContentNegotiatingViewResolver : Selected 'text/html' given [text/html, text/html;q=0.8]
2025-04-01T08:40:24.527+02:00 DEBUG 8657 --- [http-nio-8080-exec-3] o.s.web.servlet.DispatcherServlet        : Exiting from "ERROR" dispatch, status 500
2025-04-01T08:48:32.145+02:00  INFO 8657 --- [SpringApplicationShutdownHook] j.LocalContainerEntityManagerFactoryBean : Closing JPA EntityManagerFactory for persistence unit 'default'
2025-04-01T08:48:32.147+02:00  INFO 8657 --- [SpringApplicationShutdownHook] com.zaxxer.hikari.HikariDataSource       : HikariPool-1 - Shutdown initiated...
2025-04-01T08:48:32.149+02:00  INFO 8657 --- [SpringApplicationShutdownHook] com.zaxxer.hikari.HikariDataSource       : HikariPool-1 - Shutdown completed.
2025-04-01T08:50:18.996+02:00  INFO 9226 --- [main] o.j.a.q.kitchensink.Application          : Starting Application using Java 23.0.2 with PID 9226 (/Users/marcosordi/Documents/mongodb/mongokitch/kitchensinkmongo/kitchensink/target/classes started by marcosordi in /Users/marcosordi/Documents/mongodb/mongokitch/kitchensinkmongo/kitchensink)
2025-04-01T08:50:18.996+02:00 DEBUG 9226 --- [main] o.j.a.q.kitchensink.Application          : Running with Spring Boot v3.3.2, Spring v6.1.11
2025-04-01T08:50:18.997+02:00  INFO 9226 --- [main] o.j.a.q.kitchensink.Application          : No active profile set, falling back to 1 default profile: "default"
2025-04-01T08:50:19.213+02:00  INFO 9226 --- [main] .s.d.r.c.RepositoryConfigurationDelegate : Multiple Spring Data modules found, entering strict repository configuration mode
2025-04-01T08:50:19.213+02:00  INFO 9226 --- [main] .s.d.r.c.RepositoryConfigurationDelegate : Bootstrapping Spring Data MongoDB repositories in DEFAULT mode.
2025-04-01T08:50:19.269+02:00  INFO 9226 --- [main] .s.d.r.c.RepositoryConfigurationDelegate : Finished Spring Data repository scanning in 54 ms. Found 1 MongoDB repository interface.
2025-04-01T08:50:19.270+02:00  INFO 9226 --- [main] .s.d.r.c.RepositoryConfigurationDelegate : Multiple Spring Data modules found, entering strict repository configuration mode
2025-04-01T08:50:19.270+02:00  INFO 9226 --- [main] .s.d.r.c.RepositoryConfigurationDelegate : Bootstrapping Spring Data MongoDB repositories in DEFAULT mode.
2025-04-01T08:50:19.272+02:00  INFO 9226 --- [main] .s.d.r.c.RepositoryConfigurationDelegate : Finished Spring Data repository scanning in 1 ms. Found 1 MongoDB repository interface.
2025-04-01T08:50:19.339+02:00  INFO 9226 --- [main] .s.d.r.c.RepositoryConfigurationDelegate : Multiple Spring Data modules found, entering strict repository configuration mode
2025-04-01T08:50:19.339+02:00  INFO 9226 --- [main] .s.d.r.c.RepositoryConfigurationDelegate : Bootstrapping Spring Data JPA repositories in DEFAULT mode.
2025-04-01T08:50:19.348+02:00  INFO 9226 --- [main] .RepositoryConfigurationExtensionSupport : Spring Data JPA - Could not safely identify store assignment for repository candidate interface org.jboss.as.quickstarts.kitchensink.data.MemberRepository; If you want this repository to be a JPA repository, consider annotating your entities with one of these annotations: jakarta.persistence.Entity, jakarta.persistence.MappedSuperclass (preferred), or consider extending one of the following types with your repository: org.springframework.data.jpa.repository.JpaRepository
2025-04-01T08:50:19.348+02:00  INFO 9226 --- [main] .s.d.r.c.RepositoryConfigurationDelegate : Finished Spring Data repository scanning in 7 ms. Found 0 JPA repository interfaces.
2025-04-01T08:50:19.581+02:00  INFO 9226 --- [main] o.s.b.w.embedded.tomcat.TomcatWebServer  : Tomcat initialized with port 8080 (http)
2025-04-01T08:50:19.587+02:00  INFO 9226 --- [main] o.apache.catalina.core.StandardService   : Starting service [Tomcat]
2025-04-01T08:50:19.587+02:00  INFO 9226 --- [main] o.apache.catalina.core.StandardEngine    : Starting Servlet engine: [Apache Tomcat/10.1.26]
2025-04-01T08:50:19.612+02:00  INFO 9226 --- [main] o.a.c.c.C.[Tomcat].[localhost].[/]       : Initializing Spring embedded WebApplicationContext
2025-04-01T08:50:19.612+02:00  INFO 9226 --- [main] w.s.c.ServletWebServerApplicationContext : Root WebApplicationContext: initialization completed in 589 ms
2025-04-01T08:50:19.626+02:00  INFO 9226 --- [main] com.zaxxer.hikari.HikariDataSource       : HikariPool-1 - Starting...
2025-04-01T08:50:19.703+02:00  INFO 9226 --- [main] com.zaxxer.hikari.pool.HikariPool        : HikariPool-1 - Added connection conn0: url=jdbc:h2:mem:92d10189-ccab-4776-9be4-2681ec5df434 user=SA
2025-04-01T08:50:19.704+02:00  INFO 9226 --- [main] com.zaxxer.hikari.HikariDataSource       : HikariPool-1 - Start completed.
2025-04-01T08:50:19.710+02:00  INFO 9226 --- [main] o.s.b.a.h2.H2ConsoleAutoConfiguration    : H2 console available at '/h2-console'. Database available at 'jdbc:h2:mem:92d10189-ccab-4776-9be4-2681ec5df434'
2025-04-01T08:50:19.913+02:00  INFO 9226 --- [main] SQL dialect                              : HHH000400: Using dialect: org.hibernate.dialect.H2Dialect
2025-04-01T08:50:20.025+02:00  INFO 9226 --- [main] j.LocalContainerEntityManagerFactoryBean : Initialized JPA EntityManagerFactory for persistence unit 'default'
2025-04-01T08:50:20.100+02:00  INFO 9226 --- [main] org.mongodb.driver.client                : MongoClient with metadata {"driver": {"name": "mongo-java-driver|sync|spring-boot", "version": "5.0.1"}, "os": {"type": "Darwin", "name": "Mac OS X", "architecture": "aarch64", "version": "14.6.1"}, "platform": "Java/Homebrew/23.0.2"} created with settings MongoClientSettings{readPreference=primary, writeConcern=WriteConcern{w=null, wTimeout=null ms, journal=null}, retryWrites=true, retryReads=true, readConcern=ReadConcern{level=null}, credential=null, transportSettings=null, commandListeners=[], codecRegistry=ProvidersCodecRegistry{codecProviders=[ValueCodecProvider{}, BsonValueCodecProvider{}, DBRefCodecProvider{}, DBObjectCodecProvider{}, DocumentCodecProvider{}, CollectionCodecProvider{}, IterableCodecProvider{}, MapCodecProvider{}, GeoJsonCodecProvider{}, GridFSFileCodecProvider{}, Jsr310CodecProvider{}, JsonObjectCodecProvider{}, BsonCodecProvider{}, EnumCodecProvider{}, com.mongodb.client.model.mql.ExpressionCodecProvider@4af7ac25, com.mongodb.Jep395RecordCodecProvider@d978ab9, com.mongodb.KotlinCodecProvider@3cf06a01]}, loggerSettings=LoggerSettings{maxDocumentLength=1000}, clusterSettings={hosts=[localhost:27017], srvServiceName=mongodb, mode=SINGLE, requiredClusterType=UNKNOWN, requiredReplicaSetName='null', serverSelector='null', clusterListeners='[]', serverSelectionTimeout='30000 ms', localThreshold='15 ms'}, socketSettings=SocketSettings{connectTimeoutMS=10000, readTimeoutMS=0, receiveBufferSize=0, proxySettings=ProxySettings{host=null, port=null, username=null, password=null}}, heartbeatSocketSettings=SocketSettings{connectTimeoutMS=10000, readTimeoutMS=10000, receiveBufferSize=0, proxySettings=ProxySettings{host=null, port=null, username=null, password=null}}, connectionPoolSettings=ConnectionPoolSettings{maxSize=100, minSize=0, maxWaitTimeMS=120000, maxConnectionLifeTimeMS=0, maxConnectionIdleTimeMS=0, maintenanceInitialDelayMS=0, maintenanceFrequencyMS=60000, connectionPoolListeners=[], maxConnecting=2}, serverSettings=ServerSettings{heartbeatFrequencyMS=10000, minHeartbeatFrequencyMS=500, serverListeners='[]', serverMonitorListeners='[]'}, sslSettings=SslSettings{enabled=false, invalidHostNameAllowed=false, context=null}, applicationName='null', compressorList=[], uuidRepresentation=JAVA_LEGACY, serverApi=null, autoEncryptionSettings=null, dnsClient=null, inetAddressResolver=null, contextProvider=null}
2025-04-01T08:50:20.128+02:00  INFO 9226 --- [cluster-ClusterId{value='67eb8cac1d15e806064a6c40', description='null'}-localhost:27017] org.mongodb.driver.cluster               : Monitor thread successfully connected to server with description ServerDescription{address=localhost:27017, type=STANDALONE, state=CONNECTED, ok=true, minWireVersion=0, maxWireVersion=25, maxDocumentSize=16777216, logicalSessionTimeoutMinutes=30, roundTripTimeNanos=11026583}
2025-04-01T08:50:20.290+02:00  INFO 9226 --- [main] o.j.a.q.k.c.MemberRestController         : Total members cazzo found: 7
2025-04-01T08:50:20.360+02:00  WARN 9226 --- [main] JpaBaseConfiguration$JpaWebConfiguration : spring.jpa.open-in-view is enabled by default. Therefore, database queries may be performed during view rendering. Explicitly configure spring.jpa.open-in-view to disable this warning
2025-04-01T08:50:20.373+02:00  INFO 9226 --- [main] o.s.b.a.w.s.WelcomePageHandlerMapping    : Adding welcome page: ServletContext resource [/index.html]
2025-04-01T08:50:20.405+02:00 DEBUG 9226 --- [main] s.w.s.m.m.a.RequestMappingHandlerMapping : 10 mappings in 'requestMappingHandlerMapping'
2025-04-01T08:50:20.448+02:00 DEBUG 9226 --- [main] o.s.w.s.handler.SimpleUrlHandlerMapping  : Patterns [/webjars/**, /**] in 'resourceHandlerMapping'
2025-04-01T08:50:20.468+02:00 DEBUG 9226 --- [main] s.w.s.m.m.a.RequestMappingHandlerAdapter : ControllerAdvice beans: 0 @ModelAttribute, 0 @InitBinder, 1 RequestBodyAdvice, 1 ResponseBodyAdvice
2025-04-01T08:50:20.484+02:00 DEBUG 9226 --- [main] .m.m.a.ExceptionHandlerExceptionResolver : ControllerAdvice beans: 0 @ExceptionHandler, 1 ResponseBodyAdvice
2025-04-01T08:50:20.560+02:00  INFO 9226 --- [main] o.s.b.w.embedded.tomcat.TomcatWebServer  : Tomcat started on port 8080 (http) with context path '/'
2025-04-01T08:50:20.564+02:00  INFO 9226 --- [main] o.j.a.q.kitchensink.Application          : Started Application in 1.74 seconds (process running for 1.901)
2025-04-01T08:50:26.647+02:00  INFO 9226 --- [http-nio-8080-exec-1] o.a.c.c.C.[Tomcat].[localhost].[/]       : Initializing Spring DispatcherServlet 'dispatcherServlet'
2025-04-01T08:50:26.647+02:00  INFO 9226 --- [http-nio-8080-exec-1] o.s.web.servlet.DispatcherServlet        : Initializing Servlet 'dispatcherServlet'
2025-04-01T08:50:26.647+02:00 DEBUG 9226 --- [http-nio-8080-exec-1] o.s.web.servlet.DispatcherServlet        : Detected StandardServletMultipartResolver
2025-04-01T08:50:26.647+02:00 DEBUG 9226 --- [http-nio-8080-exec-1] o.s.web.servlet.DispatcherServlet        : Detected AcceptHeaderLocaleResolver
2025-04-01T08:50:26.647+02:00 DEBUG 9226 --- [http-nio-8080-exec-1] o.s.web.servlet.DispatcherServlet        : Detected FixedThemeResolver
2025-04-01T08:50:26.648+02:00 DEBUG 9226 --- [http-nio-8080-exec-1] o.s.web.servlet.DispatcherServlet        : Detected org.springframework.web.servlet.view.DefaultRequestToViewNameTranslator@2dd4a7a9
2025-04-01T08:50:26.648+02:00 DEBUG 9226 --- [http-nio-8080-exec-1] o.s.web.servlet.DispatcherServlet        : Detected org.springframework.web.servlet.support.SessionFlashMapManager@6ad0cd43
2025-04-01T08:50:26.648+02:00 DEBUG 9226 --- [http-nio-8080-exec-1] o.s.web.servlet.DispatcherServlet        : enableLoggingRequestDetails='false': request parameters and headers will be masked to prevent unsafe logging of potentially sensitive data
2025-04-01T08:50:26.648+02:00  INFO 9226 --- [http-nio-8080-exec-1] o.s.web.servlet.DispatcherServlet        : Completed initialization in 1 ms
2025-04-01T08:50:26.652+02:00 DEBUG 9226 --- [http-nio-8080-exec-1] o.s.web.servlet.DispatcherServlet        : GET "/index", parameters={}
2025-04-01T08:50:26.657+02:00 DEBUG 9226 --- [http-nio-8080-exec-1] s.w.s.m.m.a.RequestMappingHandlerMapping : Mapped to org.jboss.as.quickstarts.kitchensink.controller.HomeController#index(Model)
2025-04-01T08:50:26.699+02:00 DEBUG 9226 --- [http-nio-8080-exec-1] o.s.w.s.v.ContentNegotiatingViewResolver : Selected 'text/html' given [text/html, application/xhtml+xml, image/avif, image/webp, image/apng, application/xml;q=0.9, */*;q=0.8, application/signed-exchange;v=b3;q=0.7]
2025-04-01T08:50:26.844+02:00 DEBUG 9226 --- [http-nio-8080-exec-1] o.s.web.servlet.DispatcherServlet        : Completed 200 OK
2025-04-01T08:50:28.562+02:00 DEBUG 9226 --- [http-nio-8080-exec-2] o.s.web.servlet.DispatcherServlet        : GET "/members/register", parameters={}
2025-04-01T08:50:28.564+02:00 DEBUG 9226 --- [http-nio-8080-exec-2] s.w.s.m.m.a.RequestMappingHandlerMapping : Mapped to org.jboss.as.quickstarts.kitchensink.controller.MemberRestController#showRegistrationForm(Model)
2025-04-01T08:50:28.579+02:00 DEBUG 9226 --- [http-nio-8080-exec-2] o.s.w.s.v.ContentNegotiatingViewResolver : Selected 'text/html' given [text/html, application/xhtml+xml, image/avif, image/webp, image/apng, application/xml;q=0.9, */*;q=0.8, application/signed-exchange;v=b3;q=0.7]
2025-04-01T08:50:28.594+02:00 DEBUG 9226 --- [http-nio-8080-exec-2] o.s.web.servlet.DispatcherServlet        : Completed 200 OK
2025-04-01T08:50:35.037+02:00 DEBUG 9226 --- [http-nio-8080-exec-3] o.s.web.servlet.DispatcherServlet        : POST "/members/register", parameters={masked}
2025-04-01T08:50:35.038+02:00 DEBUG 9226 --- [http-nio-8080-exec-3] s.w.s.m.m.a.RequestMappingHandlerMapping : Mapped to org.jboss.as.quickstarts.kitchensink.controller.MemberRestController#register(Member, BindingResult, RedirectAttributes)
2025-04-01T08:50:35.045+02:00 DEBUG 9226 --- [http-nio-8080-exec-3] o.s.web.method.HandlerMethod             : Could not resolve parameter [0] in public java.lang.String org.jboss.as.quickstarts.kitchensink.controller.MemberRestController.register(org.jboss.as.quickstarts.kitchensink.model.Member,org.springframework.validation.BindingResult,org.springframework.web.servlet.mvc.support.RedirectAttributes): class org.springframework.web.servlet.mvc.method.annotation.ExtendedServletRequestDataBinder cannot be cast to class org.springframework.web.bind.support.WebRequestDataBinder (org.springframework.web.servlet.mvc.method.annotation.ExtendedServletRequestDataBinder and org.springframework.web.bind.support.WebRequestDataBinder are in unnamed module of loader 'app')
2025-04-01T08:50:35.049+02:00 DEBUG 9226 --- [http-nio-8080-exec-3] o.s.web.servlet.DispatcherServlet        : Failed to complete request: java.lang.ClassCastException: class org.springframework.web.servlet.mvc.method.annotation.ExtendedServletRequestDataBinder cannot be cast to class org.springframework.web.bind.support.WebRequestDataBinder (org.springframework.web.servlet.mvc.method.annotation.ExtendedServletRequestDataBinder and org.springframework.web.bind.support.WebRequestDataBinder are in unnamed module of loader 'app')
2025-04-01T08:50:35.050+02:00 ERROR 9226 --- [http-nio-8080-exec-3] o.a.c.c.C.[.[.[/].[dispatcherServlet]    : Servlet.service() for servlet [dispatcherServlet] in context with path [] threw exception [Request processing failed: java.lang.ClassCastException: class org.springframework.web.servlet.mvc.method.annotation.ExtendedServletRequestDataBinder cannot be cast to class org.springframework.web.bind.support.WebRequestDataBinder (org.springframework.web.servlet.mvc.method.annotation.ExtendedServletRequestDataBinder and org.springframework.web.bind.support.WebRequestDataBinder are in unnamed module of loader 'app')] with root cause

java.lang.ClassCastException: class org.springframework.web.servlet.mvc.method.annotation.ExtendedServletRequestDataBinder cannot be cast to class org.springframework.web.bind.support.WebRequestDataBinder (org.springframework.web.servlet.mvc.method.annotation.ExtendedServletRequestDataBinder and org.springframework.web.bind.support.WebRequestDataBinder are in unnamed module of loader 'app')
	at org.springframework.web.method.annotation.ModelAttributeMethodProcessor.constructAttribute(ModelAttributeMethodProcessor.java:207) ~[spring-web-6.1.11.jar:6.1.11]
	at org.springframework.web.method.annotation.ModelAttributeMethodProcessor.resolveArgument(ModelAttributeMethodProcessor.java:148) ~[spring-web-6.1.11.jar:6.1.11]
	at org.springframework.web.method.support.HandlerMethodArgumentResolverComposite.resolveArgument(HandlerMethodArgumentResolverComposite.java:122) ~[spring-web-6.1.11.jar:6.1.11]
	at org.springframework.web.method.support.InvocableHandlerMethod.getMethodArgumentValues(InvocableHandlerMethod.java:224) ~[spring-web-6.1.11.jar:6.1.11]
	at org.springframework.web.method.support.InvocableHandlerMethod.invokeForRequest(InvocableHandlerMethod.java:178) ~[spring-web-6.1.11.jar:6.1.11]
	at org.springframework.web.servlet.mvc.method.annotation.ServletInvocableHandlerMethod.invokeAndHandle(ServletInvocableHandlerMethod.java:117) ~[spring-webmvc-6.0.0.jar:6.0.0]
	at org.springframework.web.servlet.mvc.method.annotation.RequestMappingHandlerAdapter.invokeHandlerMethod(RequestMappingHandlerAdapter.java:891) ~[spring-webmvc-6.0.0.jar:6.0.0]
	at org.springframework.web.servlet.mvc.method.annotation.RequestMappingHandlerAdapter.handleInternal(RequestMappingHandlerAdapter.java:804) ~[spring-webmvc-6.0.0.jar:6.0.0]
	at org.springframework.web.servlet.mvc.method.AbstractHandlerMethodAdapter.handle(AbstractHandlerMethodAdapter.java:87) ~[spring-webmvc-6.0.0.jar:6.0.0]
	at org.springframework.web.servlet.DispatcherServlet.doDispatch(DispatcherServlet.java:1080) ~[spring-webmvc-6.0.0.jar:6.0.0]
	at org.springframework.web.servlet.DispatcherServlet.doService(DispatcherServlet.java:973) ~[spring-webmvc-6.0.0.jar:6.0.0]
	at org.springframework.web.servlet.FrameworkServlet.processRequest(FrameworkServlet.java:1003) ~[spring-webmvc-6.0.0.jar:6.0.0]
	at org.springframework.web.servlet.FrameworkServlet.doPost(FrameworkServlet.java:906) ~[spring-webmvc-6.0.0.jar:6.0.0]
	at jakarta.servlet.http.HttpServlet.service(HttpServlet.java:590) ~[tomcat-embed-core-10.1.26.jar:10.1.26]
	at org.springframework.web.servlet.FrameworkServlet.service(FrameworkServlet.java:880) ~[spring-webmvc-6.0.0.jar:6.0.0]
	at jakarta.servlet.http.HttpServlet.service(HttpServlet.java:658) ~[tomcat-embed-core-10.1.26.jar:10.1.26]
	at org.apache.catalina.core.ApplicationFilterChain.internalDoFilter(ApplicationFilterChain.java:195) ~[tomcat-embed-core-10.1.26.jar:10.1.26]
	at org.apache.catalina.core.ApplicationFilterChain.doFilter(ApplicationFilterChain.java:140) ~[tomcat-embed-core-10.1.26.jar:10.1.26]
	at org.apache.tomcat.websocket.server.WsFilter.doFilter(WsFilter.java:51) ~[tomcat-embed-websocket-10.1.26.jar:10.1.26]
	at org.apache.catalina.core.ApplicationFilterChain.internalDoFilter(ApplicationFilterChain.java:164) ~[tomcat-embed-core-10.1.26.jar:10.1.26]
	at org.apache.catalina.core.ApplicationFilterChain.doFilter(ApplicationFilterChain.java:140) ~[tomcat-embed-core-10.1.26.jar:10.1.26]
	at org.springframework.web.filter.RequestContextFilter.doFilterInternal(RequestContextFilter.java:100) ~[spring-web-6.1.11.jar:6.1.11]
	at org.springframework.web.filter.OncePerRequestFilter.doFilter(OncePerRequestFilter.java:116) ~[spring-web-6.1.11.jar:6.1.11]
	at org.apache.catalina.core.ApplicationFilterChain.internalDoFilter(ApplicationFilterChain.java:164) ~[tomcat-embed-core-10.1.26.jar:10.1.26]
	at org.apache.catalina.core.ApplicationFilterChain.doFilter(ApplicationFilterChain.java:140) ~[tomcat-embed-core-10.1.26.jar:10.1.26]
	at org.springframework.web.filter.FormContentFilter.doFilterInternal(FormContentFilter.java:93) ~[spring-web-6.1.11.jar:6.1.11]
	at org.springframework.web.filter.OncePerRequestFilter.doFilter(OncePerRequestFilter.java:116) ~[spring-web-6.1.11.jar:6.1.11]
	at org.apache.catalina.core.ApplicationFilterChain.internalDoFilter(ApplicationFilterChain.java:164) ~[tomcat-embed-core-10.1.26.jar:10.1.26]
	at org.apache.catalina.core.ApplicationFilterChain.doFilter(ApplicationFilterChain.java:140) ~[tomcat-embed-core-10.1.26.jar:10.1.26]
	at org.springframework.web.filter.CharacterEncodingFilter.doFilterInternal(CharacterEncodingFilter.java:201) ~[spring-web-6.1.11.jar:6.1.11]
	at org.springframework.web.filter.OncePerRequestFilter.doFilter(OncePerRequestFilter.java:116) ~[spring-web-6.1.11.jar:6.1.11]
	at org.apache.catalina.core.ApplicationFilterChain.internalDoFilter(ApplicationFilterChain.java:164) ~[tomcat-embed-core-10.1.26.jar:10.1.26]
	at org.apache.catalina.core.ApplicationFilterChain.doFilter(ApplicationFilterChain.java:140) ~[tomcat-embed-core-10.1.26.jar:10.1.26]
	at org.apache.catalina.core.StandardWrapperValve.invoke(StandardWrapperValve.java:167) ~[tomcat-embed-core-10.1.26.jar:10.1.26]
	at org.apache.catalina.core.StandardContextValve.invoke(StandardContextValve.java:90) ~[tomcat-embed-core-10.1.26.jar:10.1.26]
	at org.apache.catalina.authenticator.AuthenticatorBase.invoke(AuthenticatorBase.java:483) ~[tomcat-embed-core-10.1.26.jar:10.1.26]
	at org.apache.catalina.core.StandardHostValve.invoke(StandardHostValve.java:115) ~[tomcat-embed-core-10.1.26.jar:10.1.26]
	at org.apache.catalina.valves.ErrorReportValve.invoke(ErrorReportValve.java:93) ~[tomcat-embed-core-10.1.26.jar:10.1.26]
	at org.apache.catalina.core.StandardEngineValve.invoke(StandardEngineValve.java:74) ~[tomcat-embed-core-10.1.26.jar:10.1.26]
	at org.apache.catalina.connector.CoyoteAdapter.service(CoyoteAdapter.java:344) ~[tomcat-embed-core-10.1.26.jar:10.1.26]
	at org.apache.coyote.http11.Http11Processor.service(Http11Processor.java:389) ~[tomcat-embed-core-10.1.26.jar:10.1.26]
	at org.apache.coyote.AbstractProcessorLight.process(AbstractProcessorLight.java:63) ~[tomcat-embed-core-10.1.26.jar:10.1.26]
	at org.apache.coyote.AbstractProtocol$ConnectionHandler.process(AbstractProtocol.java:904) ~[tomcat-embed-core-10.1.26.jar:10.1.26]
	at org.apache.tomcat.util.net.NioEndpoint$SocketProcessor.doRun(NioEndpoint.java:1741) ~[tomcat-embed-core-10.1.26.jar:10.1.26]
	at org.apache.tomcat.util.net.SocketProcessorBase.run(SocketProcessorBase.java:52) ~[tomcat-embed-core-10.1.26.jar:10.1.26]
	at org.apache.tomcat.util.threads.ThreadPoolExecutor.runWorker(ThreadPoolExecutor.java:1190) ~[tomcat-embed-core-10.1.26.jar:10.1.26]
	at org.apache.tomcat.util.threads.ThreadPoolExecutor$Worker.run(ThreadPoolExecutor.java:659) ~[tomcat-embed-core-10.1.26.jar:10.1.26]
	at org.apache.tomcat.util.threads.TaskThread$WrappingRunnable.run(TaskThread.java:63) ~[tomcat-embed-core-10.1.26.jar:10.1.26]
	at java.base/java.lang.Thread.run(Thread.java:1575) ~[na:na]

2025-04-01T08:50:35.057+02:00 DEBUG 9226 --- [http-nio-8080-exec-3] o.s.web.servlet.DispatcherServlet        : "ERROR" dispatch for POST "/error", parameters={masked}
2025-04-01T08:50:35.057+02:00 DEBUG 9226 --- [http-nio-8080-exec-3] s.w.s.m.m.a.RequestMappingHandlerMapping : Mapped to org.springframework.boot.autoconfigure.web.servlet.error.BasicErrorController#errorHtml(HttpServletRequest, HttpServletResponse)
2025-04-01T08:50:35.062+02:00 DEBUG 9226 --- [http-nio-8080-exec-3] o.s.w.s.v.ContentNegotiatingViewResolver : Selected 'text/html' given [text/html, text/html;q=0.8]
2025-04-01T08:50:35.065+02:00 DEBUG 9226 --- [http-nio-8080-exec-3] o.s.web.servlet.DispatcherServlet        : Exiting from "ERROR" dispatch, status 500
2025-04-01T08:51:48.271+02:00  INFO 9226 --- [SpringApplicationShutdownHook] j.LocalContainerEntityManagerFactoryBean : Closing JPA EntityManagerFactory for persistence unit 'default'
2025-04-01T08:51:48.274+02:00  INFO 9226 --- [SpringApplicationShutdownHook] com.zaxxer.hikari.HikariDataSource       : HikariPool-1 - Shutdown initiated...
2025-04-01T08:51:48.276+02:00  INFO 9226 --- [SpringApplicationShutdownHook] com.zaxxer.hikari.HikariDataSource       : HikariPool-1 - Shutdown completed.
2025-04-01T08:51:55.833+02:00  INFO 9329 --- [main] o.j.a.q.kitchensink.Application          : Starting Application using Java 23.0.2 with PID 9329 (/Users/marcosordi/Documents/mongodb/mongokitch/kitchensinkmongo/kitchensink/target/classes started by marcosordi in /Users/marcosordi/Documents/mongodb/mongokitch/kitchensinkmongo/kitchensink)
2025-04-01T08:51:55.834+02:00 DEBUG 9329 --- [main] o.j.a.q.kitchensink.Application          : Running with Spring Boot v3.3.2, Spring v6.1.11
2025-04-01T08:51:55.835+02:00  INFO 9329 --- [main] o.j.a.q.kitchensink.Application          : No active profile set, falling back to 1 default profile: "default"
2025-04-01T08:51:56.045+02:00  INFO 9329 --- [main] .s.d.r.c.RepositoryConfigurationDelegate : Multiple Spring Data modules found, entering strict repository configuration mode
2025-04-01T08:51:56.045+02:00  INFO 9329 --- [main] .s.d.r.c.RepositoryConfigurationDelegate : Bootstrapping Spring Data MongoDB repositories in DEFAULT mode.
2025-04-01T08:51:56.102+02:00  INFO 9329 --- [main] .s.d.r.c.RepositoryConfigurationDelegate : Finished Spring Data repository scanning in 55 ms. Found 1 MongoDB repository interface.
2025-04-01T08:51:56.103+02:00  INFO 9329 --- [main] .s.d.r.c.RepositoryConfigurationDelegate : Multiple Spring Data modules found, entering strict repository configuration mode
2025-04-01T08:51:56.103+02:00  INFO 9329 --- [main] .s.d.r.c.RepositoryConfigurationDelegate : Bootstrapping Spring Data MongoDB repositories in DEFAULT mode.
2025-04-01T08:51:56.105+02:00  INFO 9329 --- [main] .s.d.r.c.RepositoryConfigurationDelegate : Finished Spring Data repository scanning in 1 ms. Found 1 MongoDB repository interface.
2025-04-01T08:51:56.174+02:00  INFO 9329 --- [main] .s.d.r.c.RepositoryConfigurationDelegate : Multiple Spring Data modules found, entering strict repository configuration mode
2025-04-01T08:51:56.175+02:00  INFO 9329 --- [main] .s.d.r.c.RepositoryConfigurationDelegate : Bootstrapping Spring Data JPA repositories in DEFAULT mode.
2025-04-01T08:51:56.188+02:00  INFO 9329 --- [main] .RepositoryConfigurationExtensionSupport : Spring Data JPA - Could not safely identify store assignment for repository candidate interface org.jboss.as.quickstarts.kitchensink.data.MemberRepository; If you want this repository to be a JPA repository, consider annotating your entities with one of these annotations: jakarta.persistence.Entity, jakarta.persistence.MappedSuperclass (preferred), or consider extending one of the following types with your repository: org.springframework.data.jpa.repository.JpaRepository
2025-04-01T08:51:56.188+02:00  INFO 9329 --- [main] .s.d.r.c.RepositoryConfigurationDelegate : Finished Spring Data repository scanning in 11 ms. Found 0 JPA repository interfaces.
2025-04-01T08:51:56.422+02:00  INFO 9329 --- [main] o.s.b.w.embedded.tomcat.TomcatWebServer  : Tomcat initialized with port 8080 (http)
2025-04-01T08:51:56.428+02:00  INFO 9329 --- [main] o.apache.catalina.core.StandardService   : Starting service [Tomcat]
2025-04-01T08:51:56.429+02:00  INFO 9329 --- [main] o.apache.catalina.core.StandardEngine    : Starting Servlet engine: [Apache Tomcat/10.1.26]
2025-04-01T08:51:56.454+02:00  INFO 9329 --- [main] o.a.c.c.C.[Tomcat].[localhost].[/]       : Initializing Spring embedded WebApplicationContext
2025-04-01T08:51:56.454+02:00  INFO 9329 --- [main] w.s.c.ServletWebServerApplicationContext : Root WebApplicationContext: initialization completed in 593 ms
2025-04-01T08:51:56.469+02:00  INFO 9329 --- [main] com.zaxxer.hikari.HikariDataSource       : HikariPool-1 - Starting...
2025-04-01T08:51:56.548+02:00  INFO 9329 --- [main] com.zaxxer.hikari.pool.HikariPool        : HikariPool-1 - Added connection conn0: url=jdbc:h2:mem:dd2032df-ccf6-4d8f-9c5c-b5e2b932db7a user=SA
2025-04-01T08:51:56.549+02:00  INFO 9329 --- [main] com.zaxxer.hikari.HikariDataSource       : HikariPool-1 - Start completed.
2025-04-01T08:51:56.555+02:00  INFO 9329 --- [main] o.s.b.a.h2.H2ConsoleAutoConfiguration    : H2 console available at '/h2-console'. Database available at 'jdbc:h2:mem:dd2032df-ccf6-4d8f-9c5c-b5e2b932db7a'
2025-04-01T08:51:56.764+02:00  INFO 9329 --- [main] SQL dialect                              : HHH000400: Using dialect: org.hibernate.dialect.H2Dialect
2025-04-01T08:51:56.880+02:00  INFO 9329 --- [main] j.LocalContainerEntityManagerFactoryBean : Initialized JPA EntityManagerFactory for persistence unit 'default'
2025-04-01T08:51:56.960+02:00  INFO 9329 --- [main] org.mongodb.driver.client                : MongoClient with metadata {"driver": {"name": "mongo-java-driver|sync|spring-boot", "version": "5.0.1"}, "os": {"type": "Darwin", "name": "Mac OS X", "architecture": "aarch64", "version": "14.6.1"}, "platform": "Java/Homebrew/23.0.2"} created with settings MongoClientSettings{readPreference=primary, writeConcern=WriteConcern{w=null, wTimeout=null ms, journal=null}, retryWrites=true, retryReads=true, readConcern=ReadConcern{level=null}, credential=null, transportSettings=null, commandListeners=[], codecRegistry=ProvidersCodecRegistry{codecProviders=[ValueCodecProvider{}, BsonValueCodecProvider{}, DBRefCodecProvider{}, DBObjectCodecProvider{}, DocumentCodecProvider{}, CollectionCodecProvider{}, IterableCodecProvider{}, MapCodecProvider{}, GeoJsonCodecProvider{}, GridFSFileCodecProvider{}, Jsr310CodecProvider{}, JsonObjectCodecProvider{}, BsonCodecProvider{}, EnumCodecProvider{}, com.mongodb.client.model.mql.ExpressionCodecProvider@163df259, com.mongodb.Jep395RecordCodecProvider@405603b6, com.mongodb.KotlinCodecProvider@3c3cd13a]}, loggerSettings=LoggerSettings{maxDocumentLength=1000}, clusterSettings={hosts=[localhost:27017], srvServiceName=mongodb, mode=SINGLE, requiredClusterType=UNKNOWN, requiredReplicaSetName='null', serverSelector='null', clusterListeners='[]', serverSelectionTimeout='30000 ms', localThreshold='15 ms'}, socketSettings=SocketSettings{connectTimeoutMS=10000, readTimeoutMS=0, receiveBufferSize=0, proxySettings=ProxySettings{host=null, port=null, username=null, password=null}}, heartbeatSocketSettings=SocketSettings{connectTimeoutMS=10000, readTimeoutMS=10000, receiveBufferSize=0, proxySettings=ProxySettings{host=null, port=null, username=null, password=null}}, connectionPoolSettings=ConnectionPoolSettings{maxSize=100, minSize=0, maxWaitTimeMS=120000, maxConnectionLifeTimeMS=0, maxConnectionIdleTimeMS=0, maintenanceInitialDelayMS=0, maintenanceFrequencyMS=60000, connectionPoolListeners=[], maxConnecting=2}, serverSettings=ServerSettings{heartbeatFrequencyMS=10000, minHeartbeatFrequencyMS=500, serverListeners='[]', serverMonitorListeners='[]'}, sslSettings=SslSettings{enabled=false, invalidHostNameAllowed=false, context=null}, applicationName='null', compressorList=[], uuidRepresentation=JAVA_LEGACY, serverApi=null, autoEncryptionSettings=null, dnsClient=null, inetAddressResolver=null, contextProvider=null}
2025-04-01T08:51:56.977+02:00  INFO 9329 --- [cluster-ClusterId{value='67eb8d0caa7c664ca9ca385c', description='null'}-localhost:27017] org.mongodb.driver.cluster               : Monitor thread successfully connected to server with description ServerDescription{address=localhost:27017, type=STANDALONE, state=CONNECTED, ok=true, minWireVersion=0, maxWireVersion=25, maxDocumentSize=16777216, logicalSessionTimeoutMinutes=30, roundTripTimeNanos=9223959}
2025-04-01T08:51:57.141+02:00  INFO 9329 --- [main] o.j.a.q.k.c.MemberRestController         : Total members cazzo found: 7
2025-04-01T08:51:57.204+02:00  WARN 9329 --- [main] JpaBaseConfiguration$JpaWebConfiguration : spring.jpa.open-in-view is enabled by default. Therefore, database queries may be performed during view rendering. Explicitly configure spring.jpa.open-in-view to disable this warning
2025-04-01T08:51:57.215+02:00  INFO 9329 --- [main] o.s.b.a.w.s.WelcomePageHandlerMapping    : Adding welcome page: ServletContext resource [/index.html]
2025-04-01T08:51:57.243+02:00 DEBUG 9329 --- [main] s.w.s.m.m.a.RequestMappingHandlerMapping : 9 mappings in 'requestMappingHandlerMapping'
2025-04-01T08:51:57.283+02:00 DEBUG 9329 --- [main] o.s.w.s.handler.SimpleUrlHandlerMapping  : Patterns [/webjars/**, /**] in 'resourceHandlerMapping'
2025-04-01T08:51:57.302+02:00 DEBUG 9329 --- [main] s.w.s.m.m.a.RequestMappingHandlerAdapter : ControllerAdvice beans: 0 @ModelAttribute, 0 @InitBinder, 1 RequestBodyAdvice, 1 ResponseBodyAdvice
2025-04-01T08:51:57.316+02:00 DEBUG 9329 --- [main] .m.m.a.ExceptionHandlerExceptionResolver : ControllerAdvice beans: 0 @ExceptionHandler, 1 ResponseBodyAdvice
2025-04-01T08:51:57.379+02:00  INFO 9329 --- [main] o.s.b.w.embedded.tomcat.TomcatWebServer  : Tomcat started on port 8080 (http) with context path '/'
2025-04-01T08:51:57.383+02:00  INFO 9329 --- [main] o.j.a.q.kitchensink.Application          : Started Application in 1.725 seconds (process running for 1.893)
2025-04-01T08:52:05.076+02:00  INFO 9329 --- [http-nio-8080-exec-1] o.a.c.c.C.[Tomcat].[localhost].[/]       : Initializing Spring DispatcherServlet 'dispatcherServlet'
2025-04-01T08:52:05.076+02:00  INFO 9329 --- [http-nio-8080-exec-1] o.s.web.servlet.DispatcherServlet        : Initializing Servlet 'dispatcherServlet'
2025-04-01T08:52:05.076+02:00 DEBUG 9329 --- [http-nio-8080-exec-1] o.s.web.servlet.DispatcherServlet        : Detected StandardServletMultipartResolver
2025-04-01T08:52:05.076+02:00 DEBUG 9329 --- [http-nio-8080-exec-1] o.s.web.servlet.DispatcherServlet        : Detected AcceptHeaderLocaleResolver
2025-04-01T08:52:05.077+02:00 DEBUG 9329 --- [http-nio-8080-exec-1] o.s.web.servlet.DispatcherServlet        : Detected FixedThemeResolver
2025-04-01T08:52:05.077+02:00 DEBUG 9329 --- [http-nio-8080-exec-1] o.s.web.servlet.DispatcherServlet        : Detected org.springframework.web.servlet.view.DefaultRequestToViewNameTranslator@664083f6
2025-04-01T08:52:05.077+02:00 DEBUG 9329 --- [http-nio-8080-exec-1] o.s.web.servlet.DispatcherServlet        : Detected org.springframework.web.servlet.support.SessionFlashMapManager@6e22d6bf
2025-04-01T08:52:05.078+02:00 DEBUG 9329 --- [http-nio-8080-exec-1] o.s.web.servlet.DispatcherServlet        : enableLoggingRequestDetails='false': request parameters and headers will be masked to prevent unsafe logging of potentially sensitive data
2025-04-01T08:52:05.078+02:00  INFO 9329 --- [http-nio-8080-exec-1] o.s.web.servlet.DispatcherServlet        : Completed initialization in 2 ms
2025-04-01T08:52:05.082+02:00 DEBUG 9329 --- [http-nio-8080-exec-1] o.s.web.servlet.DispatcherServlet        : GET "/index", parameters={}
2025-04-01T08:52:05.087+02:00 DEBUG 9329 --- [http-nio-8080-exec-1] s.w.s.m.m.a.RequestMappingHandlerMapping : Mapped to org.jboss.as.quickstarts.kitchensink.controller.HomeController#index(Model)
2025-04-01T08:52:05.130+02:00 DEBUG 9329 --- [http-nio-8080-exec-1] o.s.w.s.v.ContentNegotiatingViewResolver : Selected 'text/html' given [text/html, application/xhtml+xml, image/avif, image/webp, image/apng, application/xml;q=0.9, */*;q=0.8, application/signed-exchange;v=b3;q=0.7]
2025-04-01T08:52:05.280+02:00 DEBUG 9329 --- [http-nio-8080-exec-1] o.s.web.servlet.DispatcherServlet        : Completed 200 OK
2025-04-01T08:52:06.932+02:00 DEBUG 9329 --- [http-nio-8080-exec-2] o.s.web.servlet.DispatcherServlet        : GET "/members/register", parameters={}
2025-04-01T08:52:06.944+02:00  WARN 9329 --- [http-nio-8080-exec-2] .w.s.m.s.DefaultHandlerExceptionResolver : Resolved [org.springframework.web.HttpRequestMethodNotSupportedException: Request method 'GET' is not supported]
2025-04-01T08:52:06.944+02:00 DEBUG 9329 --- [http-nio-8080-exec-2] o.s.web.servlet.DispatcherServlet        : Completed 405 METHOD_NOT_ALLOWED
2025-04-01T08:52:06.951+02:00 DEBUG 9329 --- [http-nio-8080-exec-2] o.s.web.servlet.DispatcherServlet        : "ERROR" dispatch for GET "/error", parameters={}
2025-04-01T08:52:06.953+02:00 DEBUG 9329 --- [http-nio-8080-exec-2] s.w.s.m.m.a.RequestMappingHandlerMapping : Mapped to org.springframework.boot.autoconfigure.web.servlet.error.BasicErrorController#errorHtml(HttpServletRequest, HttpServletResponse)
2025-04-01T08:52:06.960+02:00 DEBUG 9329 --- [http-nio-8080-exec-2] o.s.w.s.v.ContentNegotiatingViewResolver : Selected 'text/html' given [text/html, text/html;q=0.8]
2025-04-01T08:52:06.963+02:00 DEBUG 9329 --- [http-nio-8080-exec-2] o.s.web.servlet.DispatcherServlet        : Exiting from "ERROR" dispatch, status 405
2025-04-01T08:52:19.376+02:00 DEBUG 9329 --- [http-nio-8080-exec-3] o.s.web.servlet.DispatcherServlet        : GET "/index", parameters={}
2025-04-01T08:52:19.377+02:00 DEBUG 9329 --- [http-nio-8080-exec-3] s.w.s.m.m.a.RequestMappingHandlerMapping : Mapped to org.jboss.as.quickstarts.kitchensink.controller.HomeController#index(Model)
2025-04-01T08:52:19.384+02:00 DEBUG 9329 --- [http-nio-8080-exec-3] o.s.w.s.v.ContentNegotiatingViewResolver : Selected 'text/html' given [text/html, application/xhtml+xml, image/avif, image/webp, image/apng, application/xml;q=0.9, */*;q=0.8, application/signed-exchange;v=b3;q=0.7]
2025-04-01T08:52:19.393+02:00 DEBUG 9329 --- [http-nio-8080-exec-3] o.s.web.servlet.DispatcherServlet        : Completed 200 OK
2025-04-01T08:52:21.196+02:00 DEBUG 9329 --- [http-nio-8080-exec-4] o.s.web.servlet.DispatcherServlet        : GET "/members/register", parameters={}
2025-04-01T08:52:21.199+02:00  WARN 9329 --- [http-nio-8080-exec-4] .w.s.m.s.DefaultHandlerExceptionResolver : Resolved [org.springframework.web.HttpRequestMethodNotSupportedException: Request method 'GET' is not supported]
2025-04-01T08:52:21.200+02:00 DEBUG 9329 --- [http-nio-8080-exec-4] o.s.web.servlet.DispatcherServlet        : Completed 405 METHOD_NOT_ALLOWED
2025-04-01T08:52:21.200+02:00 DEBUG 9329 --- [http-nio-8080-exec-4] o.s.web.servlet.DispatcherServlet        : "ERROR" dispatch for GET "/error", parameters={}
2025-04-01T08:52:21.201+02:00 DEBUG 9329 --- [http-nio-8080-exec-4] s.w.s.m.m.a.RequestMappingHandlerMapping : Mapped to org.springframework.boot.autoconfigure.web.servlet.error.BasicErrorController#errorHtml(HttpServletRequest, HttpServletResponse)
2025-04-01T08:52:21.204+02:00 DEBUG 9329 --- [http-nio-8080-exec-4] o.s.w.s.v.ContentNegotiatingViewResolver : Selected 'text/html' given [text/html, text/html;q=0.8]
2025-04-01T08:52:21.207+02:00 DEBUG 9329 --- [http-nio-8080-exec-4] o.s.web.servlet.DispatcherServlet        : Exiting from "ERROR" dispatch, status 405
2025-04-01T08:53:13.158+02:00  INFO 9329 --- [SpringApplicationShutdownHook] j.LocalContainerEntityManagerFactoryBean : Closing JPA EntityManagerFactory for persistence unit 'default'
2025-04-01T08:53:13.160+02:00  INFO 9329 --- [SpringApplicationShutdownHook] com.zaxxer.hikari.HikariDataSource       : HikariPool-1 - Shutdown initiated...
2025-04-01T08:53:13.161+02:00  INFO 9329 --- [SpringApplicationShutdownHook] com.zaxxer.hikari.HikariDataSource       : HikariPool-1 - Shutdown completed.
2025-04-01T08:53:21.881+02:00  INFO 9422 --- [main] o.j.a.q.kitchensink.Application          : Starting Application using Java 23.0.2 with PID 9422 (/Users/marcosordi/Documents/mongodb/mongokitch/kitchensinkmongo/kitchensink/target/classes started by marcosordi in /Users/marcosordi/Documents/mongodb/mongokitch/kitchensinkmongo/kitchensink)
2025-04-01T08:53:21.882+02:00 DEBUG 9422 --- [main] o.j.a.q.kitchensink.Application          : Running with Spring Boot v3.3.2, Spring v6.1.11
2025-04-01T08:53:21.883+02:00  INFO 9422 --- [main] o.j.a.q.kitchensink.Application          : No active profile set, falling back to 1 default profile: "default"
2025-04-01T08:53:22.087+02:00  INFO 9422 --- [main] .s.d.r.c.RepositoryConfigurationDelegate : Multiple Spring Data modules found, entering strict repository configuration mode
2025-04-01T08:53:22.087+02:00  INFO 9422 --- [main] .s.d.r.c.RepositoryConfigurationDelegate : Bootstrapping Spring Data MongoDB repositories in DEFAULT mode.
2025-04-01T08:53:22.144+02:00  INFO 9422 --- [main] .s.d.r.c.RepositoryConfigurationDelegate : Finished Spring Data repository scanning in 55 ms. Found 1 MongoDB repository interface.
2025-04-01T08:53:22.145+02:00  INFO 9422 --- [main] .s.d.r.c.RepositoryConfigurationDelegate : Multiple Spring Data modules found, entering strict repository configuration mode
2025-04-01T08:53:22.145+02:00  INFO 9422 --- [main] .s.d.r.c.RepositoryConfigurationDelegate : Bootstrapping Spring Data MongoDB repositories in DEFAULT mode.
2025-04-01T08:53:22.147+02:00  INFO 9422 --- [main] .s.d.r.c.RepositoryConfigurationDelegate : Finished Spring Data repository scanning in 1 ms. Found 1 MongoDB repository interface.
2025-04-01T08:53:22.213+02:00  INFO 9422 --- [main] .s.d.r.c.RepositoryConfigurationDelegate : Multiple Spring Data modules found, entering strict repository configuration mode
2025-04-01T08:53:22.214+02:00  INFO 9422 --- [main] .s.d.r.c.RepositoryConfigurationDelegate : Bootstrapping Spring Data JPA repositories in DEFAULT mode.
2025-04-01T08:53:22.222+02:00  INFO 9422 --- [main] .RepositoryConfigurationExtensionSupport : Spring Data JPA - Could not safely identify store assignment for repository candidate interface org.jboss.as.quickstarts.kitchensink.data.MemberRepository; If you want this repository to be a JPA repository, consider annotating your entities with one of these annotations: jakarta.persistence.Entity, jakarta.persistence.MappedSuperclass (preferred), or consider extending one of the following types with your repository: org.springframework.data.jpa.repository.JpaRepository
2025-04-01T08:53:22.222+02:00  INFO 9422 --- [main] .s.d.r.c.RepositoryConfigurationDelegate : Finished Spring Data repository scanning in 7 ms. Found 0 JPA repository interfaces.
2025-04-01T08:53:22.447+02:00  INFO 9422 --- [main] o.s.b.w.embedded.tomcat.TomcatWebServer  : Tomcat initialized with port 8080 (http)
2025-04-01T08:53:22.453+02:00  INFO 9422 --- [main] o.apache.catalina.core.StandardService   : Starting service [Tomcat]
2025-04-01T08:53:22.453+02:00  INFO 9422 --- [main] o.apache.catalina.core.StandardEngine    : Starting Servlet engine: [Apache Tomcat/10.1.26]
2025-04-01T08:53:22.480+02:00  INFO 9422 --- [main] o.a.c.c.C.[Tomcat].[localhost].[/]       : Initializing Spring embedded WebApplicationContext
2025-04-01T08:53:22.480+02:00  INFO 9422 --- [main] w.s.c.ServletWebServerApplicationContext : Root WebApplicationContext: initialization completed in 571 ms
2025-04-01T08:53:22.494+02:00  INFO 9422 --- [main] com.zaxxer.hikari.HikariDataSource       : HikariPool-1 - Starting...
2025-04-01T08:53:22.572+02:00  INFO 9422 --- [main] com.zaxxer.hikari.pool.HikariPool        : HikariPool-1 - Added connection conn0: url=jdbc:h2:mem:e88ab82b-a74a-41ff-ad15-36a87a708e5e user=SA
2025-04-01T08:53:22.573+02:00  INFO 9422 --- [main] com.zaxxer.hikari.HikariDataSource       : HikariPool-1 - Start completed.
2025-04-01T08:53:22.579+02:00  INFO 9422 --- [main] o.s.b.a.h2.H2ConsoleAutoConfiguration    : H2 console available at '/h2-console'. Database available at 'jdbc:h2:mem:e88ab82b-a74a-41ff-ad15-36a87a708e5e'
2025-04-01T08:53:22.790+02:00  INFO 9422 --- [main] SQL dialect                              : HHH000400: Using dialect: org.hibernate.dialect.H2Dialect
2025-04-01T08:53:22.911+02:00  INFO 9422 --- [main] j.LocalContainerEntityManagerFactoryBean : Initialized JPA EntityManagerFactory for persistence unit 'default'
2025-04-01T08:53:22.992+02:00  INFO 9422 --- [main] org.mongodb.driver.client                : MongoClient with metadata {"driver": {"name": "mongo-java-driver|sync|spring-boot", "version": "5.0.1"}, "os": {"type": "Darwin", "name": "Mac OS X", "architecture": "aarch64", "version": "14.6.1"}, "platform": "Java/Homebrew/23.0.2"} created with settings MongoClientSettings{readPreference=primary, writeConcern=WriteConcern{w=null, wTimeout=null ms, journal=null}, retryWrites=true, retryReads=true, readConcern=ReadConcern{level=null}, credential=null, transportSettings=null, commandListeners=[], codecRegistry=ProvidersCodecRegistry{codecProviders=[ValueCodecProvider{}, BsonValueCodecProvider{}, DBRefCodecProvider{}, DBObjectCodecProvider{}, DocumentCodecProvider{}, CollectionCodecProvider{}, IterableCodecProvider{}, MapCodecProvider{}, GeoJsonCodecProvider{}, GridFSFileCodecProvider{}, Jsr310CodecProvider{}, JsonObjectCodecProvider{}, BsonCodecProvider{}, EnumCodecProvider{}, com.mongodb.client.model.mql.ExpressionCodecProvider@4af7ac25, com.mongodb.Jep395RecordCodecProvider@d978ab9, com.mongodb.KotlinCodecProvider@3cf06a01]}, loggerSettings=LoggerSettings{maxDocumentLength=1000}, clusterSettings={hosts=[localhost:27017], srvServiceName=mongodb, mode=SINGLE, requiredClusterType=UNKNOWN, requiredReplicaSetName='null', serverSelector='null', clusterListeners='[]', serverSelectionTimeout='30000 ms', localThreshold='15 ms'}, socketSettings=SocketSettings{connectTimeoutMS=10000, readTimeoutMS=0, receiveBufferSize=0, proxySettings=ProxySettings{host=null, port=null, username=null, password=null}}, heartbeatSocketSettings=SocketSettings{connectTimeoutMS=10000, readTimeoutMS=10000, receiveBufferSize=0, proxySettings=ProxySettings{host=null, port=null, username=null, password=null}}, connectionPoolSettings=ConnectionPoolSettings{maxSize=100, minSize=0, maxWaitTimeMS=120000, maxConnectionLifeTimeMS=0, maxConnectionIdleTimeMS=0, maintenanceInitialDelayMS=0, maintenanceFrequencyMS=60000, connectionPoolListeners=[], maxConnecting=2}, serverSettings=ServerSettings{heartbeatFrequencyMS=10000, minHeartbeatFrequencyMS=500, serverListeners='[]', serverMonitorListeners='[]'}, sslSettings=SslSettings{enabled=false, invalidHostNameAllowed=false, context=null}, applicationName='null', compressorList=[], uuidRepresentation=JAVA_LEGACY, serverApi=null, autoEncryptionSettings=null, dnsClient=null, inetAddressResolver=null, contextProvider=null}
2025-04-01T08:53:23.013+02:00  INFO 9422 --- [cluster-ClusterId{value='67eb8d6250736a34e300f753', description='null'}-localhost:27017] org.mongodb.driver.cluster               : Monitor thread successfully connected to server with description ServerDescription{address=localhost:27017, type=STANDALONE, state=CONNECTED, ok=true, minWireVersion=0, maxWireVersion=25, maxDocumentSize=16777216, logicalSessionTimeoutMinutes=30, roundTripTimeNanos=11149875}
2025-04-01T08:53:23.176+02:00  INFO 9422 --- [main] o.j.a.q.k.c.MemberRestController         : Total members cazzo found: 7
2025-04-01T08:53:23.240+02:00  WARN 9422 --- [main] JpaBaseConfiguration$JpaWebConfiguration : spring.jpa.open-in-view is enabled by default. Therefore, database queries may be performed during view rendering. Explicitly configure spring.jpa.open-in-view to disable this warning
2025-04-01T08:53:23.251+02:00  INFO 9422 --- [main] o.s.b.a.w.s.WelcomePageHandlerMapping    : Adding welcome page: ServletContext resource [/index.html]
2025-04-01T08:53:23.279+02:00 DEBUG 9422 --- [main] s.w.s.m.m.a.RequestMappingHandlerMapping : 10 mappings in 'requestMappingHandlerMapping'
2025-04-01T08:53:23.319+02:00 DEBUG 9422 --- [main] o.s.w.s.handler.SimpleUrlHandlerMapping  : Patterns [/webjars/**, /**] in 'resourceHandlerMapping'
2025-04-01T08:53:23.338+02:00 DEBUG 9422 --- [main] s.w.s.m.m.a.RequestMappingHandlerAdapter : ControllerAdvice beans: 0 @ModelAttribute, 0 @InitBinder, 1 RequestBodyAdvice, 1 ResponseBodyAdvice
2025-04-01T08:53:23.354+02:00 DEBUG 9422 --- [main] .m.m.a.ExceptionHandlerExceptionResolver : ControllerAdvice beans: 0 @ExceptionHandler, 1 ResponseBodyAdvice
2025-04-01T08:53:23.419+02:00  INFO 9422 --- [main] o.s.b.w.embedded.tomcat.TomcatWebServer  : Tomcat started on port 8080 (http) with context path '/'
2025-04-01T08:53:23.423+02:00  INFO 9422 --- [main] o.j.a.q.kitchensink.Application          : Started Application in 1.714 seconds (process running for 1.873)
2025-04-01T08:53:37.455+02:00  INFO 9422 --- [SpringApplicationShutdownHook] j.LocalContainerEntityManagerFactoryBean : Closing JPA EntityManagerFactory for persistence unit 'default'
2025-04-01T08:53:37.457+02:00  INFO 9422 --- [SpringApplicationShutdownHook] com.zaxxer.hikari.HikariDataSource       : HikariPool-1 - Shutdown initiated...
2025-04-01T08:53:37.458+02:00  INFO 9422 --- [SpringApplicationShutdownHook] com.zaxxer.hikari.HikariDataSource       : HikariPool-1 - Shutdown completed.
2025-04-01T08:54:02.682+02:00  INFO 9508 --- [main] o.j.a.q.kitchensink.Application          : Starting Application using Java 23.0.2 with PID 9508 (/Users/marcosordi/Documents/mongodb/mongokitch/kitchensinkmongo/kitchensink/target/classes started by marcosordi in /Users/marcosordi/Documents/mongodb/mongokitch/kitchensinkmongo/kitchensink)
2025-04-01T08:54:02.683+02:00 DEBUG 9508 --- [main] o.j.a.q.kitchensink.Application          : Running with Spring Boot v3.3.2, Spring v6.1.11
2025-04-01T08:54:02.683+02:00  INFO 9508 --- [main] o.j.a.q.kitchensink.Application          : No active profile set, falling back to 1 default profile: "default"
2025-04-01T08:54:02.888+02:00  INFO 9508 --- [main] .s.d.r.c.RepositoryConfigurationDelegate : Multiple Spring Data modules found, entering strict repository configuration mode
2025-04-01T08:54:02.888+02:00  INFO 9508 --- [main] .s.d.r.c.RepositoryConfigurationDelegate : Bootstrapping Spring Data MongoDB repositories in DEFAULT mode.
2025-04-01T08:54:02.946+02:00  INFO 9508 --- [main] .s.d.r.c.RepositoryConfigurationDelegate : Finished Spring Data repository scanning in 56 ms. Found 1 MongoDB repository interface.
2025-04-01T08:54:02.948+02:00  INFO 9508 --- [main] .s.d.r.c.RepositoryConfigurationDelegate : Multiple Spring Data modules found, entering strict repository configuration mode
2025-04-01T08:54:02.948+02:00  INFO 9508 --- [main] .s.d.r.c.RepositoryConfigurationDelegate : Bootstrapping Spring Data MongoDB repositories in DEFAULT mode.
2025-04-01T08:54:02.950+02:00  INFO 9508 --- [main] .s.d.r.c.RepositoryConfigurationDelegate : Finished Spring Data repository scanning in 1 ms. Found 1 MongoDB repository interface.
2025-04-01T08:54:03.019+02:00  INFO 9508 --- [main] .s.d.r.c.RepositoryConfigurationDelegate : Multiple Spring Data modules found, entering strict repository configuration mode
2025-04-01T08:54:03.019+02:00  INFO 9508 --- [main] .s.d.r.c.RepositoryConfigurationDelegate : Bootstrapping Spring Data JPA repositories in DEFAULT mode.
2025-04-01T08:54:03.028+02:00  INFO 9508 --- [main] .RepositoryConfigurationExtensionSupport : Spring Data JPA - Could not safely identify store assignment for repository candidate interface org.jboss.as.quickstarts.kitchensink.data.MemberRepository; If you want this repository to be a JPA repository, consider annotating your entities with one of these annotations: jakarta.persistence.Entity, jakarta.persistence.MappedSuperclass (preferred), or consider extending one of the following types with your repository: org.springframework.data.jpa.repository.JpaRepository
2025-04-01T08:54:03.028+02:00  INFO 9508 --- [main] .s.d.r.c.RepositoryConfigurationDelegate : Finished Spring Data repository scanning in 7 ms. Found 0 JPA repository interfaces.
2025-04-01T08:54:03.250+02:00  INFO 9508 --- [main] o.s.b.w.embedded.tomcat.TomcatWebServer  : Tomcat initialized with port 8080 (http)
2025-04-01T08:54:03.256+02:00  INFO 9508 --- [main] o.apache.catalina.core.StandardService   : Starting service [Tomcat]
2025-04-01T08:54:03.256+02:00  INFO 9508 --- [main] o.apache.catalina.core.StandardEngine    : Starting Servlet engine: [Apache Tomcat/10.1.26]
2025-04-01T08:54:03.281+02:00  INFO 9508 --- [main] o.a.c.c.C.[Tomcat].[localhost].[/]       : Initializing Spring embedded WebApplicationContext
2025-04-01T08:54:03.281+02:00  INFO 9508 --- [main] w.s.c.ServletWebServerApplicationContext : Root WebApplicationContext: initialization completed in 568 ms
2025-04-01T08:54:03.294+02:00  INFO 9508 --- [main] com.zaxxer.hikari.HikariDataSource       : HikariPool-1 - Starting...
2025-04-01T08:54:03.371+02:00  INFO 9508 --- [main] com.zaxxer.hikari.pool.HikariPool        : HikariPool-1 - Added connection conn0: url=jdbc:h2:mem:a00eeb60-17fc-4aeb-b6cd-afb89bf894b7 user=SA
2025-04-01T08:54:03.371+02:00  INFO 9508 --- [main] com.zaxxer.hikari.HikariDataSource       : HikariPool-1 - Start completed.
2025-04-01T08:54:03.377+02:00  INFO 9508 --- [main] o.s.b.a.h2.H2ConsoleAutoConfiguration    : H2 console available at '/h2-console'. Database available at 'jdbc:h2:mem:a00eeb60-17fc-4aeb-b6cd-afb89bf894b7'
2025-04-01T08:54:03.579+02:00  INFO 9508 --- [main] SQL dialect                              : HHH000400: Using dialect: org.hibernate.dialect.H2Dialect
2025-04-01T08:54:03.696+02:00  INFO 9508 --- [main] j.LocalContainerEntityManagerFactoryBean : Initialized JPA EntityManagerFactory for persistence unit 'default'
2025-04-01T08:54:03.771+02:00  INFO 9508 --- [main] org.mongodb.driver.client                : MongoClient with metadata {"driver": {"name": "mongo-java-driver|sync|spring-boot", "version": "5.0.1"}, "os": {"type": "Darwin", "name": "Mac OS X", "architecture": "aarch64", "version": "14.6.1"}, "platform": "Java/Homebrew/23.0.2"} created with settings MongoClientSettings{readPreference=primary, writeConcern=WriteConcern{w=null, wTimeout=null ms, journal=null}, retryWrites=true, retryReads=true, readConcern=ReadConcern{level=null}, credential=null, transportSettings=null, commandListeners=[], codecRegistry=ProvidersCodecRegistry{codecProviders=[ValueCodecProvider{}, BsonValueCodecProvider{}, DBRefCodecProvider{}, DBObjectCodecProvider{}, DocumentCodecProvider{}, CollectionCodecProvider{}, IterableCodecProvider{}, MapCodecProvider{}, GeoJsonCodecProvider{}, GridFSFileCodecProvider{}, Jsr310CodecProvider{}, JsonObjectCodecProvider{}, BsonCodecProvider{}, EnumCodecProvider{}, com.mongodb.client.model.mql.ExpressionCodecProvider@2ca1e49a, com.mongodb.Jep395RecordCodecProvider@1aee6d14, com.mongodb.KotlinCodecProvider@54a6ef6]}, loggerSettings=LoggerSettings{maxDocumentLength=1000}, clusterSettings={hosts=[localhost:27017], srvServiceName=mongodb, mode=SINGLE, requiredClusterType=UNKNOWN, requiredReplicaSetName='null', serverSelector='null', clusterListeners='[]', serverSelectionTimeout='30000 ms', localThreshold='15 ms'}, socketSettings=SocketSettings{connectTimeoutMS=10000, readTimeoutMS=0, receiveBufferSize=0, proxySettings=ProxySettings{host=null, port=null, username=null, password=null}}, heartbeatSocketSettings=SocketSettings{connectTimeoutMS=10000, readTimeoutMS=10000, receiveBufferSize=0, proxySettings=ProxySettings{host=null, port=null, username=null, password=null}}, connectionPoolSettings=ConnectionPoolSettings{maxSize=100, minSize=0, maxWaitTimeMS=120000, maxConnectionLifeTimeMS=0, maxConnectionIdleTimeMS=0, maintenanceInitialDelayMS=0, maintenanceFrequencyMS=60000, connectionPoolListeners=[], maxConnecting=2}, serverSettings=ServerSettings{heartbeatFrequencyMS=10000, minHeartbeatFrequencyMS=500, serverListeners='[]', serverMonitorListeners='[]'}, sslSettings=SslSettings{enabled=false, invalidHostNameAllowed=false, context=null}, applicationName='null', compressorList=[], uuidRepresentation=JAVA_LEGACY, serverApi=null, autoEncryptionSettings=null, dnsClient=null, inetAddressResolver=null, contextProvider=null}
2025-04-01T08:54:03.790+02:00  INFO 9508 --- [cluster-ClusterId{value='67eb8d8b53c43e5d9a3fe2e3', description='null'}-localhost:27017] org.mongodb.driver.cluster               : Monitor thread successfully connected to server with description ServerDescription{address=localhost:27017, type=STANDALONE, state=CONNECTED, ok=true, minWireVersion=0, maxWireVersion=25, maxDocumentSize=16777216, logicalSessionTimeoutMinutes=30, roundTripTimeNanos=9288959}
2025-04-01T08:54:03.949+02:00  INFO 9508 --- [main] o.j.a.q.k.controller.MemberController    : Total members cazzo found: 7
2025-04-01T08:54:04.016+02:00  WARN 9508 --- [main] JpaBaseConfiguration$JpaWebConfiguration : spring.jpa.open-in-view is enabled by default. Therefore, database queries may be performed during view rendering. Explicitly configure spring.jpa.open-in-view to disable this warning
2025-04-01T08:54:04.027+02:00  INFO 9508 --- [main] o.s.b.a.w.s.WelcomePageHandlerMapping    : Adding welcome page: ServletContext resource [/index.html]
2025-04-01T08:54:04.054+02:00 DEBUG 9508 --- [main] s.w.s.m.m.a.RequestMappingHandlerMapping : 10 mappings in 'requestMappingHandlerMapping'
2025-04-01T08:54:04.093+02:00 DEBUG 9508 --- [main] o.s.w.s.handler.SimpleUrlHandlerMapping  : Patterns [/webjars/**, /**] in 'resourceHandlerMapping'
2025-04-01T08:54:04.111+02:00 DEBUG 9508 --- [main] s.w.s.m.m.a.RequestMappingHandlerAdapter : ControllerAdvice beans: 0 @ModelAttribute, 0 @InitBinder, 1 RequestBodyAdvice, 1 ResponseBodyAdvice
2025-04-01T08:54:04.125+02:00 DEBUG 9508 --- [main] .m.m.a.ExceptionHandlerExceptionResolver : ControllerAdvice beans: 0 @ExceptionHandler, 1 ResponseBodyAdvice
2025-04-01T08:54:04.191+02:00  INFO 9508 --- [main] o.s.b.w.embedded.tomcat.TomcatWebServer  : Tomcat started on port 8080 (http) with context path '/'
2025-04-01T08:54:04.195+02:00  INFO 9508 --- [main] o.j.a.q.kitchensink.Application          : Started Application in 1.681 seconds (process running for 1.841)
2025-04-01T08:54:18.669+02:00  INFO 9508 --- [http-nio-8080-exec-1] o.a.c.c.C.[Tomcat].[localhost].[/]       : Initializing Spring DispatcherServlet 'dispatcherServlet'
2025-04-01T08:54:18.669+02:00  INFO 9508 --- [http-nio-8080-exec-1] o.s.web.servlet.DispatcherServlet        : Initializing Servlet 'dispatcherServlet'
2025-04-01T08:54:18.669+02:00 DEBUG 9508 --- [http-nio-8080-exec-1] o.s.web.servlet.DispatcherServlet        : Detected StandardServletMultipartResolver
2025-04-01T08:54:18.669+02:00 DEBUG 9508 --- [http-nio-8080-exec-1] o.s.web.servlet.DispatcherServlet        : Detected AcceptHeaderLocaleResolver
2025-04-01T08:54:18.669+02:00 DEBUG 9508 --- [http-nio-8080-exec-1] o.s.web.servlet.DispatcherServlet        : Detected FixedThemeResolver
2025-04-01T08:54:18.670+02:00 DEBUG 9508 --- [http-nio-8080-exec-1] o.s.web.servlet.DispatcherServlet        : Detected org.springframework.web.servlet.view.DefaultRequestToViewNameTranslator@3e3bf77b
2025-04-01T08:54:18.670+02:00 DEBUG 9508 --- [http-nio-8080-exec-1] o.s.web.servlet.DispatcherServlet        : Detected org.springframework.web.servlet.support.SessionFlashMapManager@5db66c3
2025-04-01T08:54:18.670+02:00 DEBUG 9508 --- [http-nio-8080-exec-1] o.s.web.servlet.DispatcherServlet        : enableLoggingRequestDetails='false': request parameters and headers will be masked to prevent unsafe logging of potentially sensitive data
2025-04-01T08:54:18.671+02:00  INFO 9508 --- [http-nio-8080-exec-1] o.s.web.servlet.DispatcherServlet        : Completed initialization in 1 ms
2025-04-01T08:54:18.674+02:00 DEBUG 9508 --- [http-nio-8080-exec-1] o.s.web.servlet.DispatcherServlet        : GET "/index", parameters={}
2025-04-01T08:54:18.678+02:00 DEBUG 9508 --- [http-nio-8080-exec-1] s.w.s.m.m.a.RequestMappingHandlerMapping : Mapped to org.jboss.as.quickstarts.kitchensink.controller.HomeController#index(Model)
2025-04-01T08:54:18.719+02:00 DEBUG 9508 --- [http-nio-8080-exec-1] o.s.w.s.v.ContentNegotiatingViewResolver : Selected 'text/html' given [text/html, application/xhtml+xml, image/avif, image/webp, image/apng, application/xml;q=0.9, */*;q=0.8, application/signed-exchange;v=b3;q=0.7]
2025-04-01T08:54:18.864+02:00 DEBUG 9508 --- [http-nio-8080-exec-1] o.s.web.servlet.DispatcherServlet        : Completed 200 OK
2025-04-01T08:54:21.699+02:00 DEBUG 9508 --- [http-nio-8080-exec-2] o.s.web.servlet.DispatcherServlet        : GET "/members/register", parameters={}
2025-04-01T08:54:21.700+02:00 DEBUG 9508 --- [http-nio-8080-exec-2] s.w.s.m.m.a.RequestMappingHandlerMapping : Mapped to org.jboss.as.quickstarts.kitchensink.controller.MemberController#showRegistrationForm(Model)
2025-04-01T08:54:21.719+02:00 DEBUG 9508 --- [http-nio-8080-exec-2] o.s.w.s.v.ContentNegotiatingViewResolver : Selected 'text/html' given [text/html, application/xhtml+xml, image/avif, image/webp, image/apng, application/xml;q=0.9, */*;q=0.8, application/signed-exchange;v=b3;q=0.7]
2025-04-01T08:54:21.730+02:00 DEBUG 9508 --- [http-nio-8080-exec-2] o.s.web.servlet.DispatcherServlet        : Completed 200 OK
2025-04-01T08:54:29.492+02:00 DEBUG 9508 --- [http-nio-8080-exec-3] o.s.web.servlet.DispatcherServlet        : POST "/members/register", parameters={masked}
2025-04-01T08:54:29.493+02:00 DEBUG 9508 --- [http-nio-8080-exec-3] s.w.s.m.m.a.RequestMappingHandlerMapping : Mapped to org.jboss.as.quickstarts.kitchensink.controller.MemberController#register(Member, BindingResult, RedirectAttributes)
2025-04-01T08:54:29.510+02:00 DEBUG 9508 --- [http-nio-8080-exec-3] o.s.web.method.HandlerMethod             : Could not resolve parameter [0] in public java.lang.String org.jboss.as.quickstarts.kitchensink.controller.MemberController.register(org.jboss.as.quickstarts.kitchensink.model.Member,org.springframework.validation.BindingResult,org.springframework.web.servlet.mvc.support.RedirectAttributes): class org.springframework.web.servlet.mvc.method.annotation.ExtendedServletRequestDataBinder cannot be cast to class org.springframework.web.bind.support.WebRequestDataBinder (org.springframework.web.servlet.mvc.method.annotation.ExtendedServletRequestDataBinder and org.springframework.web.bind.support.WebRequestDataBinder are in unnamed module of loader 'app')
2025-04-01T08:54:29.513+02:00 DEBUG 9508 --- [http-nio-8080-exec-3] o.s.web.servlet.DispatcherServlet        : Failed to complete request: java.lang.ClassCastException: class org.springframework.web.servlet.mvc.method.annotation.ExtendedServletRequestDataBinder cannot be cast to class org.springframework.web.bind.support.WebRequestDataBinder (org.springframework.web.servlet.mvc.method.annotation.ExtendedServletRequestDataBinder and org.springframework.web.bind.support.WebRequestDataBinder are in unnamed module of loader 'app')
2025-04-01T08:54:29.514+02:00 ERROR 9508 --- [http-nio-8080-exec-3] o.a.c.c.C.[.[.[/].[dispatcherServlet]    : Servlet.service() for servlet [dispatcherServlet] in context with path [] threw exception [Request processing failed: java.lang.ClassCastException: class org.springframework.web.servlet.mvc.method.annotation.ExtendedServletRequestDataBinder cannot be cast to class org.springframework.web.bind.support.WebRequestDataBinder (org.springframework.web.servlet.mvc.method.annotation.ExtendedServletRequestDataBinder and org.springframework.web.bind.support.WebRequestDataBinder are in unnamed module of loader 'app')] with root cause

java.lang.ClassCastException: class org.springframework.web.servlet.mvc.method.annotation.ExtendedServletRequestDataBinder cannot be cast to class org.springframework.web.bind.support.WebRequestDataBinder (org.springframework.web.servlet.mvc.method.annotation.ExtendedServletRequestDataBinder and org.springframework.web.bind.support.WebRequestDataBinder are in unnamed module of loader 'app')
	at org.springframework.web.method.annotation.ModelAttributeMethodProcessor.constructAttribute(ModelAttributeMethodProcessor.java:207) ~[spring-web-6.1.11.jar:6.1.11]
	at org.springframework.web.method.annotation.ModelAttributeMethodProcessor.resolveArgument(ModelAttributeMethodProcessor.java:148) ~[spring-web-6.1.11.jar:6.1.11]
	at org.springframework.web.method.support.HandlerMethodArgumentResolverComposite.resolveArgument(HandlerMethodArgumentResolverComposite.java:122) ~[spring-web-6.1.11.jar:6.1.11]
	at org.springframework.web.method.support.InvocableHandlerMethod.getMethodArgumentValues(InvocableHandlerMethod.java:224) ~[spring-web-6.1.11.jar:6.1.11]
	at org.springframework.web.method.support.InvocableHandlerMethod.invokeForRequest(InvocableHandlerMethod.java:178) ~[spring-web-6.1.11.jar:6.1.11]
	at org.springframework.web.servlet.mvc.method.annotation.ServletInvocableHandlerMethod.invokeAndHandle(ServletInvocableHandlerMethod.java:117) ~[spring-webmvc-6.0.0.jar:6.0.0]
	at org.springframework.web.servlet.mvc.method.annotation.RequestMappingHandlerAdapter.invokeHandlerMethod(RequestMappingHandlerAdapter.java:891) ~[spring-webmvc-6.0.0.jar:6.0.0]
	at org.springframework.web.servlet.mvc.method.annotation.RequestMappingHandlerAdapter.handleInternal(RequestMappingHandlerAdapter.java:804) ~[spring-webmvc-6.0.0.jar:6.0.0]
	at org.springframework.web.servlet.mvc.method.AbstractHandlerMethodAdapter.handle(AbstractHandlerMethodAdapter.java:87) ~[spring-webmvc-6.0.0.jar:6.0.0]
	at org.springframework.web.servlet.DispatcherServlet.doDispatch(DispatcherServlet.java:1080) ~[spring-webmvc-6.0.0.jar:6.0.0]
	at org.springframework.web.servlet.DispatcherServlet.doService(DispatcherServlet.java:973) ~[spring-webmvc-6.0.0.jar:6.0.0]
	at org.springframework.web.servlet.FrameworkServlet.processRequest(FrameworkServlet.java:1003) ~[spring-webmvc-6.0.0.jar:6.0.0]
	at org.springframework.web.servlet.FrameworkServlet.doPost(FrameworkServlet.java:906) ~[spring-webmvc-6.0.0.jar:6.0.0]
	at jakarta.servlet.http.HttpServlet.service(HttpServlet.java:590) ~[tomcat-embed-core-10.1.26.jar:10.1.26]
	at org.springframework.web.servlet.FrameworkServlet.service(FrameworkServlet.java:880) ~[spring-webmvc-6.0.0.jar:6.0.0]
	at jakarta.servlet.http.HttpServlet.service(HttpServlet.java:658) ~[tomcat-embed-core-10.1.26.jar:10.1.26]
	at org.apache.catalina.core.ApplicationFilterChain.internalDoFilter(ApplicationFilterChain.java:195) ~[tomcat-embed-core-10.1.26.jar:10.1.26]
	at org.apache.catalina.core.ApplicationFilterChain.doFilter(ApplicationFilterChain.java:140) ~[tomcat-embed-core-10.1.26.jar:10.1.26]
	at org.apache.tomcat.websocket.server.WsFilter.doFilter(WsFilter.java:51) ~[tomcat-embed-websocket-10.1.26.jar:10.1.26]
	at org.apache.catalina.core.ApplicationFilterChain.internalDoFilter(ApplicationFilterChain.java:164) ~[tomcat-embed-core-10.1.26.jar:10.1.26]
	at org.apache.catalina.core.ApplicationFilterChain.doFilter(ApplicationFilterChain.java:140) ~[tomcat-embed-core-10.1.26.jar:10.1.26]
	at org.springframework.web.filter.RequestContextFilter.doFilterInternal(RequestContextFilter.java:100) ~[spring-web-6.1.11.jar:6.1.11]
	at org.springframework.web.filter.OncePerRequestFilter.doFilter(OncePerRequestFilter.java:116) ~[spring-web-6.1.11.jar:6.1.11]
	at org.apache.catalina.core.ApplicationFilterChain.internalDoFilter(ApplicationFilterChain.java:164) ~[tomcat-embed-core-10.1.26.jar:10.1.26]
	at org.apache.catalina.core.ApplicationFilterChain.doFilter(ApplicationFilterChain.java:140) ~[tomcat-embed-core-10.1.26.jar:10.1.26]
	at org.springframework.web.filter.FormContentFilter.doFilterInternal(FormContentFilter.java:93) ~[spring-web-6.1.11.jar:6.1.11]
	at org.springframework.web.filter.OncePerRequestFilter.doFilter(OncePerRequestFilter.java:116) ~[spring-web-6.1.11.jar:6.1.11]
	at org.apache.catalina.core.ApplicationFilterChain.internalDoFilter(ApplicationFilterChain.java:164) ~[tomcat-embed-core-10.1.26.jar:10.1.26]
	at org.apache.catalina.core.ApplicationFilterChain.doFilter(ApplicationFilterChain.java:140) ~[tomcat-embed-core-10.1.26.jar:10.1.26]
	at org.springframework.web.filter.CharacterEncodingFilter.doFilterInternal(CharacterEncodingFilter.java:201) ~[spring-web-6.1.11.jar:6.1.11]
	at org.springframework.web.filter.OncePerRequestFilter.doFilter(OncePerRequestFilter.java:116) ~[spring-web-6.1.11.jar:6.1.11]
	at org.apache.catalina.core.ApplicationFilterChain.internalDoFilter(ApplicationFilterChain.java:164) ~[tomcat-embed-core-10.1.26.jar:10.1.26]
	at org.apache.catalina.core.ApplicationFilterChain.doFilter(ApplicationFilterChain.java:140) ~[tomcat-embed-core-10.1.26.jar:10.1.26]
	at org.apache.catalina.core.StandardWrapperValve.invoke(StandardWrapperValve.java:167) ~[tomcat-embed-core-10.1.26.jar:10.1.26]
	at org.apache.catalina.core.StandardContextValve.invoke(StandardContextValve.java:90) ~[tomcat-embed-core-10.1.26.jar:10.1.26]
	at org.apache.catalina.authenticator.AuthenticatorBase.invoke(AuthenticatorBase.java:483) ~[tomcat-embed-core-10.1.26.jar:10.1.26]
	at org.apache.catalina.core.StandardHostValve.invoke(StandardHostValve.java:115) ~[tomcat-embed-core-10.1.26.jar:10.1.26]
	at org.apache.catalina.valves.ErrorReportValve.invoke(ErrorReportValve.java:93) ~[tomcat-embed-core-10.1.26.jar:10.1.26]
	at org.apache.catalina.core.StandardEngineValve.invoke(StandardEngineValve.java:74) ~[tomcat-embed-core-10.1.26.jar:10.1.26]
	at org.apache.catalina.connector.CoyoteAdapter.service(CoyoteAdapter.java:344) ~[tomcat-embed-core-10.1.26.jar:10.1.26]
	at org.apache.coyote.http11.Http11Processor.service(Http11Processor.java:389) ~[tomcat-embed-core-10.1.26.jar:10.1.26]
	at org.apache.coyote.AbstractProcessorLight.process(AbstractProcessorLight.java:63) ~[tomcat-embed-core-10.1.26.jar:10.1.26]
	at org.apache.coyote.AbstractProtocol$ConnectionHandler.process(AbstractProtocol.java:904) ~[tomcat-embed-core-10.1.26.jar:10.1.26]
	at org.apache.tomcat.util.net.NioEndpoint$SocketProcessor.doRun(NioEndpoint.java:1741) ~[tomcat-embed-core-10.1.26.jar:10.1.26]
	at org.apache.tomcat.util.net.SocketProcessorBase.run(SocketProcessorBase.java:52) ~[tomcat-embed-core-10.1.26.jar:10.1.26]
	at org.apache.tomcat.util.threads.ThreadPoolExecutor.runWorker(ThreadPoolExecutor.java:1190) ~[tomcat-embed-core-10.1.26.jar:10.1.26]
	at org.apache.tomcat.util.threads.ThreadPoolExecutor$Worker.run(ThreadPoolExecutor.java:659) ~[tomcat-embed-core-10.1.26.jar:10.1.26]
	at org.apache.tomcat.util.threads.TaskThread$WrappingRunnable.run(TaskThread.java:63) ~[tomcat-embed-core-10.1.26.jar:10.1.26]
	at java.base/java.lang.Thread.run(Thread.java:1575) ~[na:na]

2025-04-01T08:54:29.522+02:00 DEBUG 9508 --- [http-nio-8080-exec-3] o.s.web.servlet.DispatcherServlet        : "ERROR" dispatch for POST "/error", parameters={masked}
2025-04-01T08:54:29.523+02:00 DEBUG 9508 --- [http-nio-8080-exec-3] s.w.s.m.m.a.RequestMappingHandlerMapping : Mapped to org.springframework.boot.autoconfigure.web.servlet.error.BasicErrorController#errorHtml(HttpServletRequest, HttpServletResponse)
2025-04-01T08:54:29.531+02:00 DEBUG 9508 --- [http-nio-8080-exec-3] o.s.w.s.v.ContentNegotiatingViewResolver : Selected 'text/html' given [text/html, text/html;q=0.8]
2025-04-01T08:54:29.535+02:00 DEBUG 9508 --- [http-nio-8080-exec-3] o.s.web.servlet.DispatcherServlet        : Exiting from "ERROR" dispatch, status 500
2025-04-01T09:03:33.024+02:00  INFO 9508 --- [SpringApplicationShutdownHook] j.LocalContainerEntityManagerFactoryBean : Closing JPA EntityManagerFactory for persistence unit 'default'
2025-04-01T09:03:33.027+02:00  INFO 9508 --- [SpringApplicationShutdownHook] com.zaxxer.hikari.HikariDataSource       : HikariPool-1 - Shutdown initiated...
2025-04-01T09:03:33.028+02:00  INFO 9508 --- [SpringApplicationShutdownHook] com.zaxxer.hikari.HikariDataSource       : HikariPool-1 - Shutdown completed.
2025-04-01T09:07:23.819+02:00  INFO 10062 --- [main] o.j.a.q.kitchensink.Application          : Starting Application using Java 23.0.2 with PID 10062 (/Users/marcosordi/Documents/mongodb/mongokitch/kitchensinkmongo/kitchensink/target/classes started by marcosordi in /Users/marcosordi/Documents/mongodb/mongokitch/kitchensinkmongo/kitchensink)
2025-04-01T09:07:23.820+02:00 DEBUG 10062 --- [main] o.j.a.q.kitchensink.Application          : Running with Spring Boot v3.3.2, Spring v6.1.11
2025-04-01T09:07:23.820+02:00  INFO 10062 --- [main] o.j.a.q.kitchensink.Application          : No active profile set, falling back to 1 default profile: "default"
2025-04-01T09:07:24.029+02:00  INFO 10062 --- [main] .s.d.r.c.RepositoryConfigurationDelegate : Multiple Spring Data modules found, entering strict repository configuration mode
2025-04-01T09:07:24.029+02:00  INFO 10062 --- [main] .s.d.r.c.RepositoryConfigurationDelegate : Bootstrapping Spring Data MongoDB repositories in DEFAULT mode.
2025-04-01T09:07:24.086+02:00  INFO 10062 --- [main] .s.d.r.c.RepositoryConfigurationDelegate : Finished Spring Data repository scanning in 55 ms. Found 1 MongoDB repository interface.
2025-04-01T09:07:24.087+02:00  INFO 10062 --- [main] .s.d.r.c.RepositoryConfigurationDelegate : Multiple Spring Data modules found, entering strict repository configuration mode
2025-04-01T09:07:24.087+02:00  INFO 10062 --- [main] .s.d.r.c.RepositoryConfigurationDelegate : Bootstrapping Spring Data MongoDB repositories in DEFAULT mode.
2025-04-01T09:07:24.089+02:00  INFO 10062 --- [main] .s.d.r.c.RepositoryConfigurationDelegate : Finished Spring Data repository scanning in 1 ms. Found 1 MongoDB repository interface.
2025-04-01T09:07:24.156+02:00  INFO 10062 --- [main] .s.d.r.c.RepositoryConfigurationDelegate : Multiple Spring Data modules found, entering strict repository configuration mode
2025-04-01T09:07:24.156+02:00  INFO 10062 --- [main] .s.d.r.c.RepositoryConfigurationDelegate : Bootstrapping Spring Data JPA repositories in DEFAULT mode.
2025-04-01T09:07:24.165+02:00  INFO 10062 --- [main] .RepositoryConfigurationExtensionSupport : Spring Data JPA - Could not safely identify store assignment for repository candidate interface org.jboss.as.quickstarts.kitchensink.data.MemberRepository; If you want this repository to be a JPA repository, consider annotating your entities with one of these annotations: jakarta.persistence.Entity, jakarta.persistence.MappedSuperclass (preferred), or consider extending one of the following types with your repository: org.springframework.data.jpa.repository.JpaRepository
2025-04-01T09:07:24.166+02:00  INFO 10062 --- [main] .s.d.r.c.RepositoryConfigurationDelegate : Finished Spring Data repository scanning in 7 ms. Found 0 JPA repository interfaces.
2025-04-01T09:07:24.397+02:00  INFO 10062 --- [main] o.s.b.w.embedded.tomcat.TomcatWebServer  : Tomcat initialized with port 8080 (http)
2025-04-01T09:07:24.402+02:00  INFO 10062 --- [main] o.apache.catalina.core.StandardService   : Starting service [Tomcat]
2025-04-01T09:07:24.403+02:00  INFO 10062 --- [main] o.apache.catalina.core.StandardEngine    : Starting Servlet engine: [Apache Tomcat/10.1.26]
2025-04-01T09:07:24.432+02:00  INFO 10062 --- [main] o.a.c.c.C.[Tomcat].[localhost].[/]       : Initializing Spring embedded WebApplicationContext
2025-04-01T09:07:24.432+02:00  INFO 10062 --- [main] w.s.c.ServletWebServerApplicationContext : Root WebApplicationContext: initialization completed in 585 ms
2025-04-01T09:07:24.446+02:00  INFO 10062 --- [main] com.zaxxer.hikari.HikariDataSource       : HikariPool-1 - Starting...
2025-04-01T09:07:24.523+02:00  INFO 10062 --- [main] com.zaxxer.hikari.pool.HikariPool        : HikariPool-1 - Added connection conn0: url=jdbc:h2:mem:825d17c0-b5a8-45c6-a865-127256201695 user=SA
2025-04-01T09:07:24.524+02:00  INFO 10062 --- [main] com.zaxxer.hikari.HikariDataSource       : HikariPool-1 - Start completed.
2025-04-01T09:07:24.530+02:00  INFO 10062 --- [main] o.s.b.a.h2.H2ConsoleAutoConfiguration    : H2 console available at '/h2-console'. Database available at 'jdbc:h2:mem:825d17c0-b5a8-45c6-a865-127256201695'
2025-04-01T09:07:24.738+02:00  INFO 10062 --- [main] SQL dialect                              : HHH000400: Using dialect: org.hibernate.dialect.H2Dialect
2025-04-01T09:07:24.850+02:00  INFO 10062 --- [main] j.LocalContainerEntityManagerFactoryBean : Initialized JPA EntityManagerFactory for persistence unit 'default'
2025-04-01T09:07:24.926+02:00  INFO 10062 --- [main] org.mongodb.driver.client                : MongoClient with metadata {"driver": {"name": "mongo-java-driver|sync|spring-boot", "version": "5.0.1"}, "os": {"type": "Darwin", "name": "Mac OS X", "architecture": "aarch64", "version": "14.6.1"}, "platform": "Java/Homebrew/23.0.2"} created with settings MongoClientSettings{readPreference=primary, writeConcern=WriteConcern{w=null, wTimeout=null ms, journal=null}, retryWrites=true, retryReads=true, readConcern=ReadConcern{level=null}, credential=null, transportSettings=null, commandListeners=[], codecRegistry=ProvidersCodecRegistry{codecProviders=[ValueCodecProvider{}, BsonValueCodecProvider{}, DBRefCodecProvider{}, DBObjectCodecProvider{}, DocumentCodecProvider{}, CollectionCodecProvider{}, IterableCodecProvider{}, MapCodecProvider{}, GeoJsonCodecProvider{}, GridFSFileCodecProvider{}, Jsr310CodecProvider{}, JsonObjectCodecProvider{}, BsonCodecProvider{}, EnumCodecProvider{}, com.mongodb.client.model.mql.ExpressionCodecProvider@1e7cfd49, com.mongodb.Jep395RecordCodecProvider@3a8640f7, com.mongodb.KotlinCodecProvider@ca10069]}, loggerSettings=LoggerSettings{maxDocumentLength=1000}, clusterSettings={hosts=[localhost:27017], srvServiceName=mongodb, mode=SINGLE, requiredClusterType=UNKNOWN, requiredReplicaSetName='null', serverSelector='null', clusterListeners='[]', serverSelectionTimeout='30000 ms', localThreshold='15 ms'}, socketSettings=SocketSettings{connectTimeoutMS=10000, readTimeoutMS=0, receiveBufferSize=0, proxySettings=ProxySettings{host=null, port=null, username=null, password=null}}, heartbeatSocketSettings=SocketSettings{connectTimeoutMS=10000, readTimeoutMS=10000, receiveBufferSize=0, proxySettings=ProxySettings{host=null, port=null, username=null, password=null}}, connectionPoolSettings=ConnectionPoolSettings{maxSize=100, minSize=0, maxWaitTimeMS=120000, maxConnectionLifeTimeMS=0, maxConnectionIdleTimeMS=0, maintenanceInitialDelayMS=0, maintenanceFrequencyMS=60000, connectionPoolListeners=[], maxConnecting=2}, serverSettings=ServerSettings{heartbeatFrequencyMS=10000, minHeartbeatFrequencyMS=500, serverListeners='[]', serverMonitorListeners='[]'}, sslSettings=SslSettings{enabled=false, invalidHostNameAllowed=false, context=null}, applicationName='null', compressorList=[], uuidRepresentation=JAVA_LEGACY, serverApi=null, autoEncryptionSettings=null, dnsClient=null, inetAddressResolver=null, contextProvider=null}
2025-04-01T09:07:24.944+02:00  INFO 10062 --- [cluster-ClusterId{value='67eb90acb65dbd1a46f3c9bf', description='null'}-localhost:27017] org.mongodb.driver.cluster               : Monitor thread successfully connected to server with description ServerDescription{address=localhost:27017, type=STANDALONE, state=CONNECTED, ok=true, minWireVersion=0, maxWireVersion=25, maxDocumentSize=16777216, logicalSessionTimeoutMinutes=30, roundTripTimeNanos=9982959}
2025-04-01T09:07:25.112+02:00  INFO 10062 --- [main] o.j.a.q.k.controller.MemberController    : Total members cazzo found: 7
2025-04-01T09:07:25.177+02:00  WARN 10062 --- [main] JpaBaseConfiguration$JpaWebConfiguration : spring.jpa.open-in-view is enabled by default. Therefore, database queries may be performed during view rendering. Explicitly configure spring.jpa.open-in-view to disable this warning
2025-04-01T09:07:25.188+02:00  INFO 10062 --- [main] o.s.b.a.w.s.WelcomePageHandlerMapping    : Adding welcome page: ServletContext resource [/index.html]
2025-04-01T09:07:25.214+02:00 DEBUG 10062 --- [main] s.w.s.m.m.a.RequestMappingHandlerMapping : 10 mappings in 'requestMappingHandlerMapping'
2025-04-01T09:07:25.252+02:00 DEBUG 10062 --- [main] o.s.w.s.handler.SimpleUrlHandlerMapping  : Patterns [/webjars/**, /**] in 'resourceHandlerMapping'
2025-04-01T09:07:25.269+02:00 DEBUG 10062 --- [main] s.w.s.m.m.a.RequestMappingHandlerAdapter : ControllerAdvice beans: 0 @ModelAttribute, 0 @InitBinder, 1 RequestBodyAdvice, 1 ResponseBodyAdvice
2025-04-01T09:07:25.283+02:00 DEBUG 10062 --- [main] .m.m.a.ExceptionHandlerExceptionResolver : ControllerAdvice beans: 0 @ExceptionHandler, 1 ResponseBodyAdvice
2025-04-01T09:07:25.346+02:00  INFO 10062 --- [main] o.s.b.w.embedded.tomcat.TomcatWebServer  : Tomcat started on port 8080 (http) with context path '/'
2025-04-01T09:07:25.350+02:00  INFO 10062 --- [main] o.j.a.q.kitchensink.Application          : Started Application in 1.703 seconds (process running for 1.867)
2025-04-01T09:07:31.441+02:00  INFO 10062 --- [http-nio-8080-exec-1] o.a.c.c.C.[Tomcat].[localhost].[/]       : Initializing Spring DispatcherServlet 'dispatcherServlet'
2025-04-01T09:07:31.441+02:00  INFO 10062 --- [http-nio-8080-exec-1] o.s.web.servlet.DispatcherServlet        : Initializing Servlet 'dispatcherServlet'
2025-04-01T09:07:31.441+02:00 DEBUG 10062 --- [http-nio-8080-exec-1] o.s.web.servlet.DispatcherServlet        : Detected StandardServletMultipartResolver
2025-04-01T09:07:31.441+02:00 DEBUG 10062 --- [http-nio-8080-exec-1] o.s.web.servlet.DispatcherServlet        : Detected AcceptHeaderLocaleResolver
2025-04-01T09:07:31.441+02:00 DEBUG 10062 --- [http-nio-8080-exec-1] o.s.web.servlet.DispatcherServlet        : Detected FixedThemeResolver
2025-04-01T09:07:31.442+02:00 DEBUG 10062 --- [http-nio-8080-exec-1] o.s.web.servlet.DispatcherServlet        : Detected org.springframework.web.servlet.view.DefaultRequestToViewNameTranslator@6018d82c
2025-04-01T09:07:31.442+02:00 DEBUG 10062 --- [http-nio-8080-exec-1] o.s.web.servlet.DispatcherServlet        : Detected org.springframework.web.servlet.support.SessionFlashMapManager@17d0d3d7
2025-04-01T09:07:31.442+02:00 DEBUG 10062 --- [http-nio-8080-exec-1] o.s.web.servlet.DispatcherServlet        : enableLoggingRequestDetails='false': request parameters and headers will be masked to prevent unsafe logging of potentially sensitive data
2025-04-01T09:07:31.442+02:00  INFO 10062 --- [http-nio-8080-exec-1] o.s.web.servlet.DispatcherServlet        : Completed initialization in 1 ms
2025-04-01T09:07:31.446+02:00 DEBUG 10062 --- [http-nio-8080-exec-1] o.s.web.servlet.DispatcherServlet        : GET "/index", parameters={}
2025-04-01T09:07:31.450+02:00 DEBUG 10062 --- [http-nio-8080-exec-1] s.w.s.m.m.a.RequestMappingHandlerMapping : Mapped to org.jboss.as.quickstarts.kitchensink.controller.HomeController#index(Model)
2025-04-01T09:07:31.489+02:00 DEBUG 10062 --- [http-nio-8080-exec-1] o.s.w.s.v.ContentNegotiatingViewResolver : Selected 'text/html' given [text/html, application/xhtml+xml, image/avif, image/webp, image/apng, application/xml;q=0.9, */*;q=0.8, application/signed-exchange;v=b3;q=0.7]
2025-04-01T09:07:31.641+02:00 DEBUG 10062 --- [http-nio-8080-exec-1] o.s.web.servlet.DispatcherServlet        : Completed 200 OK
2025-04-01T09:07:34.464+02:00 DEBUG 10062 --- [http-nio-8080-exec-2] o.s.web.servlet.DispatcherServlet        : GET "/members/register", parameters={}
2025-04-01T09:07:34.467+02:00 DEBUG 10062 --- [http-nio-8080-exec-2] s.w.s.m.m.a.RequestMappingHandlerMapping : Mapped to org.jboss.as.quickstarts.kitchensink.controller.MemberController#showRegistrationForm(Model)
2025-04-01T09:07:34.483+02:00 DEBUG 10062 --- [http-nio-8080-exec-2] o.s.w.s.v.ContentNegotiatingViewResolver : Selected 'text/html' given [text/html, application/xhtml+xml, image/avif, image/webp, image/apng, application/xml;q=0.9, */*;q=0.8, application/signed-exchange;v=b3;q=0.7]
2025-04-01T09:07:34.496+02:00 DEBUG 10062 --- [http-nio-8080-exec-2] o.s.web.servlet.DispatcherServlet        : Completed 200 OK
2025-04-01T09:07:40.876+02:00 DEBUG 10062 --- [http-nio-8080-exec-3] o.s.web.servlet.DispatcherServlet        : POST "/members/register", parameters={masked}
2025-04-01T09:07:40.879+02:00 DEBUG 10062 --- [http-nio-8080-exec-3] s.w.s.m.m.a.RequestMappingHandlerMapping : Mapped to org.jboss.as.quickstarts.kitchensink.controller.MemberController#register(Member, BindingResult, Model, RedirectAttributes)
2025-04-01T09:07:40.887+02:00 DEBUG 10062 --- [http-nio-8080-exec-3] o.s.web.method.HandlerMethod             : Could not resolve parameter [0] in public java.lang.String org.jboss.as.quickstarts.kitchensink.controller.MemberController.register(org.jboss.as.quickstarts.kitchensink.model.Member,org.springframework.validation.BindingResult,org.springframework.ui.Model,org.springframework.web.servlet.mvc.support.RedirectAttributes): class org.springframework.web.servlet.mvc.method.annotation.ExtendedServletRequestDataBinder cannot be cast to class org.springframework.web.bind.support.WebRequestDataBinder (org.springframework.web.servlet.mvc.method.annotation.ExtendedServletRequestDataBinder and org.springframework.web.bind.support.WebRequestDataBinder are in unnamed module of loader 'app')
2025-04-01T09:07:40.890+02:00 DEBUG 10062 --- [http-nio-8080-exec-3] o.s.web.servlet.DispatcherServlet        : Failed to complete request: java.lang.ClassCastException: class org.springframework.web.servlet.mvc.method.annotation.ExtendedServletRequestDataBinder cannot be cast to class org.springframework.web.bind.support.WebRequestDataBinder (org.springframework.web.servlet.mvc.method.annotation.ExtendedServletRequestDataBinder and org.springframework.web.bind.support.WebRequestDataBinder are in unnamed module of loader 'app')
2025-04-01T09:07:40.891+02:00 ERROR 10062 --- [http-nio-8080-exec-3] o.a.c.c.C.[.[.[/].[dispatcherServlet]    : Servlet.service() for servlet [dispatcherServlet] in context with path [] threw exception [Request processing failed: java.lang.ClassCastException: class org.springframework.web.servlet.mvc.method.annotation.ExtendedServletRequestDataBinder cannot be cast to class org.springframework.web.bind.support.WebRequestDataBinder (org.springframework.web.servlet.mvc.method.annotation.ExtendedServletRequestDataBinder and org.springframework.web.bind.support.WebRequestDataBinder are in unnamed module of loader 'app')] with root cause

java.lang.ClassCastException: class org.springframework.web.servlet.mvc.method.annotation.ExtendedServletRequestDataBinder cannot be cast to class org.springframework.web.bind.support.WebRequestDataBinder (org.springframework.web.servlet.mvc.method.annotation.ExtendedServletRequestDataBinder and org.springframework.web.bind.support.WebRequestDataBinder are in unnamed module of loader 'app')
	at org.springframework.web.method.annotation.ModelAttributeMethodProcessor.constructAttribute(ModelAttributeMethodProcessor.java:207) ~[spring-web-6.1.11.jar:6.1.11]
	at org.springframework.web.method.annotation.ModelAttributeMethodProcessor.resolveArgument(ModelAttributeMethodProcessor.java:148) ~[spring-web-6.1.11.jar:6.1.11]
	at org.springframework.web.method.support.HandlerMethodArgumentResolverComposite.resolveArgument(HandlerMethodArgumentResolverComposite.java:122) ~[spring-web-6.1.11.jar:6.1.11]
	at org.springframework.web.method.support.InvocableHandlerMethod.getMethodArgumentValues(InvocableHandlerMethod.java:224) ~[spring-web-6.1.11.jar:6.1.11]
	at org.springframework.web.method.support.InvocableHandlerMethod.invokeForRequest(InvocableHandlerMethod.java:178) ~[spring-web-6.1.11.jar:6.1.11]
	at org.springframework.web.servlet.mvc.method.annotation.ServletInvocableHandlerMethod.invokeAndHandle(ServletInvocableHandlerMethod.java:117) ~[spring-webmvc-6.0.0.jar:6.0.0]
	at org.springframework.web.servlet.mvc.method.annotation.RequestMappingHandlerAdapter.invokeHandlerMethod(RequestMappingHandlerAdapter.java:891) ~[spring-webmvc-6.0.0.jar:6.0.0]
	at org.springframework.web.servlet.mvc.method.annotation.RequestMappingHandlerAdapter.handleInternal(RequestMappingHandlerAdapter.java:804) ~[spring-webmvc-6.0.0.jar:6.0.0]
	at org.springframework.web.servlet.mvc.method.AbstractHandlerMethodAdapter.handle(AbstractHandlerMethodAdapter.java:87) ~[spring-webmvc-6.0.0.jar:6.0.0]
	at org.springframework.web.servlet.DispatcherServlet.doDispatch(DispatcherServlet.java:1080) ~[spring-webmvc-6.0.0.jar:6.0.0]
	at org.springframework.web.servlet.DispatcherServlet.doService(DispatcherServlet.java:973) ~[spring-webmvc-6.0.0.jar:6.0.0]
	at org.springframework.web.servlet.FrameworkServlet.processRequest(FrameworkServlet.java:1003) ~[spring-webmvc-6.0.0.jar:6.0.0]
	at org.springframework.web.servlet.FrameworkServlet.doPost(FrameworkServlet.java:906) ~[spring-webmvc-6.0.0.jar:6.0.0]
	at jakarta.servlet.http.HttpServlet.service(HttpServlet.java:590) ~[tomcat-embed-core-10.1.26.jar:10.1.26]
	at org.springframework.web.servlet.FrameworkServlet.service(FrameworkServlet.java:880) ~[spring-webmvc-6.0.0.jar:6.0.0]
	at jakarta.servlet.http.HttpServlet.service(HttpServlet.java:658) ~[tomcat-embed-core-10.1.26.jar:10.1.26]
	at org.apache.catalina.core.ApplicationFilterChain.internalDoFilter(ApplicationFilterChain.java:195) ~[tomcat-embed-core-10.1.26.jar:10.1.26]
	at org.apache.catalina.core.ApplicationFilterChain.doFilter(ApplicationFilterChain.java:140) ~[tomcat-embed-core-10.1.26.jar:10.1.26]
	at org.apache.tomcat.websocket.server.WsFilter.doFilter(WsFilter.java:51) ~[tomcat-embed-websocket-10.1.26.jar:10.1.26]
	at org.apache.catalina.core.ApplicationFilterChain.internalDoFilter(ApplicationFilterChain.java:164) ~[tomcat-embed-core-10.1.26.jar:10.1.26]
	at org.apache.catalina.core.ApplicationFilterChain.doFilter(ApplicationFilterChain.java:140) ~[tomcat-embed-core-10.1.26.jar:10.1.26]
	at org.springframework.web.filter.RequestContextFilter.doFilterInternal(RequestContextFilter.java:100) ~[spring-web-6.1.11.jar:6.1.11]
	at org.springframework.web.filter.OncePerRequestFilter.doFilter(OncePerRequestFilter.java:116) ~[spring-web-6.1.11.jar:6.1.11]
	at org.apache.catalina.core.ApplicationFilterChain.internalDoFilter(ApplicationFilterChain.java:164) ~[tomcat-embed-core-10.1.26.jar:10.1.26]
	at org.apache.catalina.core.ApplicationFilterChain.doFilter(ApplicationFilterChain.java:140) ~[tomcat-embed-core-10.1.26.jar:10.1.26]
	at org.springframework.web.filter.FormContentFilter.doFilterInternal(FormContentFilter.java:93) ~[spring-web-6.1.11.jar:6.1.11]
	at org.springframework.web.filter.OncePerRequestFilter.doFilter(OncePerRequestFilter.java:116) ~[spring-web-6.1.11.jar:6.1.11]
	at org.apache.catalina.core.ApplicationFilterChain.internalDoFilter(ApplicationFilterChain.java:164) ~[tomcat-embed-core-10.1.26.jar:10.1.26]
	at org.apache.catalina.core.ApplicationFilterChain.doFilter(ApplicationFilterChain.java:140) ~[tomcat-embed-core-10.1.26.jar:10.1.26]
	at org.springframework.web.filter.CharacterEncodingFilter.doFilterInternal(CharacterEncodingFilter.java:201) ~[spring-web-6.1.11.jar:6.1.11]
	at org.springframework.web.filter.OncePerRequestFilter.doFilter(OncePerRequestFilter.java:116) ~[spring-web-6.1.11.jar:6.1.11]
	at org.apache.catalina.core.ApplicationFilterChain.internalDoFilter(ApplicationFilterChain.java:164) ~[tomcat-embed-core-10.1.26.jar:10.1.26]
	at org.apache.catalina.core.ApplicationFilterChain.doFilter(ApplicationFilterChain.java:140) ~[tomcat-embed-core-10.1.26.jar:10.1.26]
	at org.apache.catalina.core.StandardWrapperValve.invoke(StandardWrapperValve.java:167) ~[tomcat-embed-core-10.1.26.jar:10.1.26]
	at org.apache.catalina.core.StandardContextValve.invoke(StandardContextValve.java:90) ~[tomcat-embed-core-10.1.26.jar:10.1.26]
	at org.apache.catalina.authenticator.AuthenticatorBase.invoke(AuthenticatorBase.java:483) ~[tomcat-embed-core-10.1.26.jar:10.1.26]
	at org.apache.catalina.core.StandardHostValve.invoke(StandardHostValve.java:115) ~[tomcat-embed-core-10.1.26.jar:10.1.26]
	at org.apache.catalina.valves.ErrorReportValve.invoke(ErrorReportValve.java:93) ~[tomcat-embed-core-10.1.26.jar:10.1.26]
	at org.apache.catalina.core.StandardEngineValve.invoke(StandardEngineValve.java:74) ~[tomcat-embed-core-10.1.26.jar:10.1.26]
	at org.apache.catalina.connector.CoyoteAdapter.service(CoyoteAdapter.java:344) ~[tomcat-embed-core-10.1.26.jar:10.1.26]
	at org.apache.coyote.http11.Http11Processor.service(Http11Processor.java:389) ~[tomcat-embed-core-10.1.26.jar:10.1.26]
	at org.apache.coyote.AbstractProcessorLight.process(AbstractProcessorLight.java:63) ~[tomcat-embed-core-10.1.26.jar:10.1.26]
	at org.apache.coyote.AbstractProtocol$ConnectionHandler.process(AbstractProtocol.java:904) ~[tomcat-embed-core-10.1.26.jar:10.1.26]
	at org.apache.tomcat.util.net.NioEndpoint$SocketProcessor.doRun(NioEndpoint.java:1741) ~[tomcat-embed-core-10.1.26.jar:10.1.26]
	at org.apache.tomcat.util.net.SocketProcessorBase.run(SocketProcessorBase.java:52) ~[tomcat-embed-core-10.1.26.jar:10.1.26]
	at org.apache.tomcat.util.threads.ThreadPoolExecutor.runWorker(ThreadPoolExecutor.java:1190) ~[tomcat-embed-core-10.1.26.jar:10.1.26]
	at org.apache.tomcat.util.threads.ThreadPoolExecutor$Worker.run(ThreadPoolExecutor.java:659) ~[tomcat-embed-core-10.1.26.jar:10.1.26]
	at org.apache.tomcat.util.threads.TaskThread$WrappingRunnable.run(TaskThread.java:63) ~[tomcat-embed-core-10.1.26.jar:10.1.26]
	at java.base/java.lang.Thread.run(Thread.java:1575) ~[na:na]

2025-04-01T09:07:40.898+02:00 DEBUG 10062 --- [http-nio-8080-exec-3] o.s.web.servlet.DispatcherServlet        : "ERROR" dispatch for POST "/error", parameters={masked}
2025-04-01T09:07:40.899+02:00 DEBUG 10062 --- [http-nio-8080-exec-3] s.w.s.m.m.a.RequestMappingHandlerMapping : Mapped to org.springframework.boot.autoconfigure.web.servlet.error.BasicErrorController#errorHtml(HttpServletRequest, HttpServletResponse)
2025-04-01T09:07:40.905+02:00 DEBUG 10062 --- [http-nio-8080-exec-3] o.s.w.s.v.ContentNegotiatingViewResolver : Selected 'text/html' given [text/html, text/html;q=0.8]
2025-04-01T09:07:40.909+02:00 DEBUG 10062 --- [http-nio-8080-exec-3] o.s.web.servlet.DispatcherServlet        : Exiting from "ERROR" dispatch, status 500
2025-04-01T09:07:54.098+02:00  INFO 10062 --- [SpringApplicationShutdownHook] j.LocalContainerEntityManagerFactoryBean : Closing JPA EntityManagerFactory for persistence unit 'default'
2025-04-01T09:07:54.100+02:00  INFO 10062 --- [SpringApplicationShutdownHook] com.zaxxer.hikari.HikariDataSource       : HikariPool-1 - Shutdown initiated...
2025-04-01T09:07:54.102+02:00  INFO 10062 --- [SpringApplicationShutdownHook] com.zaxxer.hikari.HikariDataSource       : HikariPool-1 - Shutdown completed.
2025-04-01T09:08:06.837+02:00  INFO 10125 --- [main] o.j.a.q.kitchensink.Application          : Starting Application using Java 23.0.2 with PID 10125 (/Users/marcosordi/Documents/mongodb/mongokitch/kitchensinkmongo/kitchensink/target/classes started by marcosordi in /Users/marcosordi/Documents/mongodb/mongokitch/kitchensinkmongo/kitchensink)
2025-04-01T09:08:06.837+02:00 DEBUG 10125 --- [main] o.j.a.q.kitchensink.Application          : Running with Spring Boot v3.3.2, Spring v6.1.11
2025-04-01T09:08:06.838+02:00  INFO 10125 --- [main] o.j.a.q.kitchensink.Application          : No active profile set, falling back to 1 default profile: "default"
2025-04-01T09:08:07.039+02:00  INFO 10125 --- [main] .s.d.r.c.RepositoryConfigurationDelegate : Multiple Spring Data modules found, entering strict repository configuration mode
2025-04-01T09:08:07.039+02:00  INFO 10125 --- [main] .s.d.r.c.RepositoryConfigurationDelegate : Bootstrapping Spring Data MongoDB repositories in DEFAULT mode.
2025-04-01T09:08:07.097+02:00  INFO 10125 --- [main] .s.d.r.c.RepositoryConfigurationDelegate : Finished Spring Data repository scanning in 55 ms. Found 1 MongoDB repository interface.
2025-04-01T09:08:07.098+02:00  INFO 10125 --- [main] .s.d.r.c.RepositoryConfigurationDelegate : Multiple Spring Data modules found, entering strict repository configuration mode
2025-04-01T09:08:07.098+02:00  INFO 10125 --- [main] .s.d.r.c.RepositoryConfigurationDelegate : Bootstrapping Spring Data MongoDB repositories in DEFAULT mode.
2025-04-01T09:08:07.100+02:00  INFO 10125 --- [main] .s.d.r.c.RepositoryConfigurationDelegate : Finished Spring Data repository scanning in 1 ms. Found 1 MongoDB repository interface.
2025-04-01T09:08:07.166+02:00  INFO 10125 --- [main] .s.d.r.c.RepositoryConfigurationDelegate : Multiple Spring Data modules found, entering strict repository configuration mode
2025-04-01T09:08:07.167+02:00  INFO 10125 --- [main] .s.d.r.c.RepositoryConfigurationDelegate : Bootstrapping Spring Data JPA repositories in DEFAULT mode.
2025-04-01T09:08:07.175+02:00  INFO 10125 --- [main] .RepositoryConfigurationExtensionSupport : Spring Data JPA - Could not safely identify store assignment for repository candidate interface org.jboss.as.quickstarts.kitchensink.data.MemberRepository; If you want this repository to be a JPA repository, consider annotating your entities with one of these annotations: jakarta.persistence.Entity, jakarta.persistence.MappedSuperclass (preferred), or consider extending one of the following types with your repository: org.springframework.data.jpa.repository.JpaRepository
2025-04-01T09:08:07.175+02:00  INFO 10125 --- [main] .s.d.r.c.RepositoryConfigurationDelegate : Finished Spring Data repository scanning in 7 ms. Found 0 JPA repository interfaces.
2025-04-01T09:08:07.401+02:00  INFO 10125 --- [main] o.s.b.w.embedded.tomcat.TomcatWebServer  : Tomcat initialized with port 8080 (http)
2025-04-01T09:08:07.407+02:00  INFO 10125 --- [main] o.apache.catalina.core.StandardService   : Starting service [Tomcat]
2025-04-01T09:08:07.407+02:00  INFO 10125 --- [main] o.apache.catalina.core.StandardEngine    : Starting Servlet engine: [Apache Tomcat/10.1.26]
2025-04-01T09:08:07.433+02:00  INFO 10125 --- [main] o.a.c.c.C.[Tomcat].[localhost].[/]       : Initializing Spring embedded WebApplicationContext
2025-04-01T09:08:07.433+02:00  INFO 10125 --- [main] w.s.c.ServletWebServerApplicationContext : Root WebApplicationContext: initialization completed in 569 ms
2025-04-01T09:08:07.446+02:00  INFO 10125 --- [main] com.zaxxer.hikari.HikariDataSource       : HikariPool-1 - Starting...
2025-04-01T09:08:07.521+02:00  INFO 10125 --- [main] com.zaxxer.hikari.pool.HikariPool        : HikariPool-1 - Added connection conn0: url=jdbc:h2:mem:6820b75f-bc2e-4bf6-b94f-6481a8153c46 user=SA
2025-04-01T09:08:07.521+02:00  INFO 10125 --- [main] com.zaxxer.hikari.HikariDataSource       : HikariPool-1 - Start completed.
2025-04-01T09:08:07.527+02:00  INFO 10125 --- [main] o.s.b.a.h2.H2ConsoleAutoConfiguration    : H2 console available at '/h2-console'. Database available at 'jdbc:h2:mem:6820b75f-bc2e-4bf6-b94f-6481a8153c46'
2025-04-01T09:08:07.736+02:00  INFO 10125 --- [main] SQL dialect                              : HHH000400: Using dialect: org.hibernate.dialect.H2Dialect
2025-04-01T09:08:07.855+02:00  INFO 10125 --- [main] j.LocalContainerEntityManagerFactoryBean : Initialized JPA EntityManagerFactory for persistence unit 'default'
2025-04-01T09:08:07.932+02:00  INFO 10125 --- [main] org.mongodb.driver.client                : MongoClient with metadata {"driver": {"name": "mongo-java-driver|sync|spring-boot", "version": "5.0.1"}, "os": {"type": "Darwin", "name": "Mac OS X", "architecture": "aarch64", "version": "14.6.1"}, "platform": "Java/Homebrew/23.0.2"} created with settings MongoClientSettings{readPreference=primary, writeConcern=WriteConcern{w=null, wTimeout=null ms, journal=null}, retryWrites=true, retryReads=true, readConcern=ReadConcern{level=null}, credential=null, transportSettings=null, commandListeners=[], codecRegistry=ProvidersCodecRegistry{codecProviders=[ValueCodecProvider{}, BsonValueCodecProvider{}, DBRefCodecProvider{}, DBObjectCodecProvider{}, DocumentCodecProvider{}, CollectionCodecProvider{}, IterableCodecProvider{}, MapCodecProvider{}, GeoJsonCodecProvider{}, GridFSFileCodecProvider{}, Jsr310CodecProvider{}, JsonObjectCodecProvider{}, BsonCodecProvider{}, EnumCodecProvider{}, com.mongodb.client.model.mql.ExpressionCodecProvider@45e69324, com.mongodb.Jep395RecordCodecProvider@3c89b864, com.mongodb.KotlinCodecProvider@3400d6fa]}, loggerSettings=LoggerSettings{maxDocumentLength=1000}, clusterSettings={hosts=[localhost:27017], srvServiceName=mongodb, mode=SINGLE, requiredClusterType=UNKNOWN, requiredReplicaSetName='null', serverSelector='null', clusterListeners='[]', serverSelectionTimeout='30000 ms', localThreshold='15 ms'}, socketSettings=SocketSettings{connectTimeoutMS=10000, readTimeoutMS=0, receiveBufferSize=0, proxySettings=ProxySettings{host=null, port=null, username=null, password=null}}, heartbeatSocketSettings=SocketSettings{connectTimeoutMS=10000, readTimeoutMS=10000, receiveBufferSize=0, proxySettings=ProxySettings{host=null, port=null, username=null, password=null}}, connectionPoolSettings=ConnectionPoolSettings{maxSize=100, minSize=0, maxWaitTimeMS=120000, maxConnectionLifeTimeMS=0, maxConnectionIdleTimeMS=0, maintenanceInitialDelayMS=0, maintenanceFrequencyMS=60000, connectionPoolListeners=[], maxConnecting=2}, serverSettings=ServerSettings{heartbeatFrequencyMS=10000, minHeartbeatFrequencyMS=500, serverListeners='[]', serverMonitorListeners='[]'}, sslSettings=SslSettings{enabled=false, invalidHostNameAllowed=false, context=null}, applicationName='null', compressorList=[], uuidRepresentation=JAVA_LEGACY, serverApi=null, autoEncryptionSettings=null, dnsClient=null, inetAddressResolver=null, contextProvider=null}
2025-04-01T09:08:07.950+02:00  INFO 10125 --- [cluster-ClusterId{value='67eb90d701c4f4472bf08b99', description='null'}-localhost:27017] org.mongodb.driver.cluster               : Monitor thread successfully connected to server with description ServerDescription{address=localhost:27017, type=STANDALONE, state=CONNECTED, ok=true, minWireVersion=0, maxWireVersion=25, maxDocumentSize=16777216, logicalSessionTimeoutMinutes=30, roundTripTimeNanos=9694750}
2025-04-01T09:08:08.108+02:00  INFO 10125 --- [main] o.j.a.q.k.controller.MemberController    : Total members cazzo found: 7
2025-04-01T09:08:08.170+02:00  WARN 10125 --- [main] JpaBaseConfiguration$JpaWebConfiguration : spring.jpa.open-in-view is enabled by default. Therefore, database queries may be performed during view rendering. Explicitly configure spring.jpa.open-in-view to disable this warning
2025-04-01T09:08:08.180+02:00  INFO 10125 --- [main] o.s.b.a.w.s.WelcomePageHandlerMapping    : Adding welcome page: ServletContext resource [/index.html]
2025-04-01T09:08:08.207+02:00 DEBUG 10125 --- [main] s.w.s.m.m.a.RequestMappingHandlerMapping : 10 mappings in 'requestMappingHandlerMapping'
2025-04-01T09:08:08.247+02:00 DEBUG 10125 --- [main] o.s.w.s.handler.SimpleUrlHandlerMapping  : Patterns [/webjars/**, /**] in 'resourceHandlerMapping'
2025-04-01T09:08:08.264+02:00 DEBUG 10125 --- [main] s.w.s.m.m.a.RequestMappingHandlerAdapter : ControllerAdvice beans: 0 @ModelAttribute, 0 @InitBinder, 1 RequestBodyAdvice, 1 ResponseBodyAdvice
2025-04-01T09:08:08.279+02:00 DEBUG 10125 --- [main] .m.m.a.ExceptionHandlerExceptionResolver : ControllerAdvice beans: 0 @ExceptionHandler, 1 ResponseBodyAdvice
2025-04-01T09:08:08.343+02:00  INFO 10125 --- [main] o.s.b.w.embedded.tomcat.TomcatWebServer  : Tomcat started on port 8080 (http) with context path '/'
2025-04-01T09:08:08.347+02:00  INFO 10125 --- [main] o.j.a.q.kitchensink.Application          : Started Application in 1.682 seconds (process running for 1.841)
2025-04-01T09:10:06.883+02:00  INFO 10125 --- [http-nio-8080-exec-1] o.a.c.c.C.[Tomcat].[localhost].[/]       : Initializing Spring DispatcherServlet 'dispatcherServlet'
2025-04-01T09:10:06.884+02:00  INFO 10125 --- [http-nio-8080-exec-1] o.s.web.servlet.DispatcherServlet        : Initializing Servlet 'dispatcherServlet'
2025-04-01T09:10:06.884+02:00 DEBUG 10125 --- [http-nio-8080-exec-1] o.s.web.servlet.DispatcherServlet        : Detected StandardServletMultipartResolver
2025-04-01T09:10:06.884+02:00 DEBUG 10125 --- [http-nio-8080-exec-1] o.s.web.servlet.DispatcherServlet        : Detected AcceptHeaderLocaleResolver
2025-04-01T09:10:06.884+02:00 DEBUG 10125 --- [http-nio-8080-exec-1] o.s.web.servlet.DispatcherServlet        : Detected FixedThemeResolver
2025-04-01T09:10:06.885+02:00 DEBUG 10125 --- [http-nio-8080-exec-1] o.s.web.servlet.DispatcherServlet        : Detected org.springframework.web.servlet.view.DefaultRequestToViewNameTranslator@572db5ee
2025-04-01T09:10:06.885+02:00 DEBUG 10125 --- [http-nio-8080-exec-1] o.s.web.servlet.DispatcherServlet        : Detected org.springframework.web.servlet.support.SessionFlashMapManager@51efdb72
2025-04-01T09:10:06.885+02:00 DEBUG 10125 --- [http-nio-8080-exec-1] o.s.web.servlet.DispatcherServlet        : enableLoggingRequestDetails='false': request parameters and headers will be masked to prevent unsafe logging of potentially sensitive data
2025-04-01T09:10:06.885+02:00  INFO 10125 --- [http-nio-8080-exec-1] o.s.web.servlet.DispatcherServlet        : Completed initialization in 1 ms
2025-04-01T09:10:06.889+02:00 DEBUG 10125 --- [http-nio-8080-exec-1] o.s.web.servlet.DispatcherServlet        : GET "/index", parameters={}
2025-04-01T09:10:06.893+02:00 DEBUG 10125 --- [http-nio-8080-exec-1] s.w.s.m.m.a.RequestMappingHandlerMapping : Mapped to org.jboss.as.quickstarts.kitchensink.controller.HomeController#index(Model)
2025-04-01T09:10:06.931+02:00 DEBUG 10125 --- [http-nio-8080-exec-1] o.s.w.s.v.ContentNegotiatingViewResolver : Selected 'text/html' given [text/html, application/xhtml+xml, image/avif, image/webp, image/apng, application/xml;q=0.9, */*;q=0.8, application/signed-exchange;v=b3;q=0.7]
2025-04-01T09:10:07.072+02:00 DEBUG 10125 --- [http-nio-8080-exec-1] o.s.web.servlet.DispatcherServlet        : Completed 200 OK
2025-04-01T09:10:08.973+02:00 DEBUG 10125 --- [http-nio-8080-exec-2] o.s.web.servlet.DispatcherServlet        : GET "/members/register", parameters={}
2025-04-01T09:10:08.975+02:00 DEBUG 10125 --- [http-nio-8080-exec-2] s.w.s.m.m.a.RequestMappingHandlerMapping : Mapped to org.jboss.as.quickstarts.kitchensink.controller.MemberController#showRegistrationForm(Model)
2025-04-01T09:10:09.000+02:00 DEBUG 10125 --- [http-nio-8080-exec-2] o.s.w.s.v.ContentNegotiatingViewResolver : Selected 'text/html' given [text/html, application/xhtml+xml, image/avif, image/webp, image/apng, application/xml;q=0.9, */*;q=0.8, application/signed-exchange;v=b3;q=0.7]
2025-04-01T09:10:09.010+02:00 DEBUG 10125 --- [http-nio-8080-exec-2] o.s.web.servlet.DispatcherServlet        : Completed 200 OK
2025-04-01T09:10:39.533+02:00 DEBUG 10125 --- [http-nio-8080-exec-3] o.s.web.servlet.DispatcherServlet        : POST "/members/register", parameters={masked}
2025-04-01T09:10:39.534+02:00 DEBUG 10125 --- [http-nio-8080-exec-3] s.w.s.m.m.a.RequestMappingHandlerMapping : Mapped to org.jboss.as.quickstarts.kitchensink.controller.MemberController#register(Member, BindingResult, Model, RedirectAttributes)
2025-04-01T09:10:39.543+02:00 DEBUG 10125 --- [http-nio-8080-exec-3] o.s.web.method.HandlerMethod             : Could not resolve parameter [0] in public java.lang.String org.jboss.as.quickstarts.kitchensink.controller.MemberController.register(org.jboss.as.quickstarts.kitchensink.model.Member,org.springframework.validation.BindingResult,org.springframework.ui.Model,org.springframework.web.servlet.mvc.support.RedirectAttributes): class org.springframework.web.servlet.mvc.method.annotation.ExtendedServletRequestDataBinder cannot be cast to class org.springframework.web.bind.support.WebRequestDataBinder (org.springframework.web.servlet.mvc.method.annotation.ExtendedServletRequestDataBinder and org.springframework.web.bind.support.WebRequestDataBinder are in unnamed module of loader 'app')
2025-04-01T09:10:39.548+02:00 DEBUG 10125 --- [http-nio-8080-exec-3] o.s.web.servlet.DispatcherServlet        : Failed to complete request: java.lang.ClassCastException: class org.springframework.web.servlet.mvc.method.annotation.ExtendedServletRequestDataBinder cannot be cast to class org.springframework.web.bind.support.WebRequestDataBinder (org.springframework.web.servlet.mvc.method.annotation.ExtendedServletRequestDataBinder and org.springframework.web.bind.support.WebRequestDataBinder are in unnamed module of loader 'app')
2025-04-01T09:10:39.548+02:00 ERROR 10125 --- [http-nio-8080-exec-3] o.a.c.c.C.[.[.[/].[dispatcherServlet]    : Servlet.service() for servlet [dispatcherServlet] in context with path [] threw exception [Request processing failed: java.lang.ClassCastException: class org.springframework.web.servlet.mvc.method.annotation.ExtendedServletRequestDataBinder cannot be cast to class org.springframework.web.bind.support.WebRequestDataBinder (org.springframework.web.servlet.mvc.method.annotation.ExtendedServletRequestDataBinder and org.springframework.web.bind.support.WebRequestDataBinder are in unnamed module of loader 'app')] with root cause

java.lang.ClassCastException: class org.springframework.web.servlet.mvc.method.annotation.ExtendedServletRequestDataBinder cannot be cast to class org.springframework.web.bind.support.WebRequestDataBinder (org.springframework.web.servlet.mvc.method.annotation.ExtendedServletRequestDataBinder and org.springframework.web.bind.support.WebRequestDataBinder are in unnamed module of loader 'app')
	at org.springframework.web.method.annotation.ModelAttributeMethodProcessor.constructAttribute(ModelAttributeMethodProcessor.java:207) ~[spring-web-6.1.11.jar:6.1.11]
	at org.springframework.web.method.annotation.ModelAttributeMethodProcessor.resolveArgument(ModelAttributeMethodProcessor.java:148) ~[spring-web-6.1.11.jar:6.1.11]
	at org.springframework.web.method.support.HandlerMethodArgumentResolverComposite.resolveArgument(HandlerMethodArgumentResolverComposite.java:122) ~[spring-web-6.1.11.jar:6.1.11]
	at org.springframework.web.method.support.InvocableHandlerMethod.getMethodArgumentValues(InvocableHandlerMethod.java:224) ~[spring-web-6.1.11.jar:6.1.11]
	at org.springframework.web.method.support.InvocableHandlerMethod.invokeForRequest(InvocableHandlerMethod.java:178) ~[spring-web-6.1.11.jar:6.1.11]
	at org.springframework.web.servlet.mvc.method.annotation.ServletInvocableHandlerMethod.invokeAndHandle(ServletInvocableHandlerMethod.java:117) ~[spring-webmvc-6.0.0.jar:6.0.0]
	at org.springframework.web.servlet.mvc.method.annotation.RequestMappingHandlerAdapter.invokeHandlerMethod(RequestMappingHandlerAdapter.java:891) ~[spring-webmvc-6.0.0.jar:6.0.0]
	at org.springframework.web.servlet.mvc.method.annotation.RequestMappingHandlerAdapter.handleInternal(RequestMappingHandlerAdapter.java:804) ~[spring-webmvc-6.0.0.jar:6.0.0]
	at org.springframework.web.servlet.mvc.method.AbstractHandlerMethodAdapter.handle(AbstractHandlerMethodAdapter.java:87) ~[spring-webmvc-6.0.0.jar:6.0.0]
	at org.springframework.web.servlet.DispatcherServlet.doDispatch(DispatcherServlet.java:1080) ~[spring-webmvc-6.0.0.jar:6.0.0]
	at org.springframework.web.servlet.DispatcherServlet.doService(DispatcherServlet.java:973) ~[spring-webmvc-6.0.0.jar:6.0.0]
	at org.springframework.web.servlet.FrameworkServlet.processRequest(FrameworkServlet.java:1003) ~[spring-webmvc-6.0.0.jar:6.0.0]
	at org.springframework.web.servlet.FrameworkServlet.doPost(FrameworkServlet.java:906) ~[spring-webmvc-6.0.0.jar:6.0.0]
	at jakarta.servlet.http.HttpServlet.service(HttpServlet.java:590) ~[tomcat-embed-core-10.1.26.jar:10.1.26]
	at org.springframework.web.servlet.FrameworkServlet.service(FrameworkServlet.java:880) ~[spring-webmvc-6.0.0.jar:6.0.0]
	at jakarta.servlet.http.HttpServlet.service(HttpServlet.java:658) ~[tomcat-embed-core-10.1.26.jar:10.1.26]
	at org.apache.catalina.core.ApplicationFilterChain.internalDoFilter(ApplicationFilterChain.java:195) ~[tomcat-embed-core-10.1.26.jar:10.1.26]
	at org.apache.catalina.core.ApplicationFilterChain.doFilter(ApplicationFilterChain.java:140) ~[tomcat-embed-core-10.1.26.jar:10.1.26]
	at org.apache.tomcat.websocket.server.WsFilter.doFilter(WsFilter.java:51) ~[tomcat-embed-websocket-10.1.26.jar:10.1.26]
	at org.apache.catalina.core.ApplicationFilterChain.internalDoFilter(ApplicationFilterChain.java:164) ~[tomcat-embed-core-10.1.26.jar:10.1.26]
	at org.apache.catalina.core.ApplicationFilterChain.doFilter(ApplicationFilterChain.java:140) ~[tomcat-embed-core-10.1.26.jar:10.1.26]
	at org.springframework.web.filter.RequestContextFilter.doFilterInternal(RequestContextFilter.java:100) ~[spring-web-6.1.11.jar:6.1.11]
	at org.springframework.web.filter.OncePerRequestFilter.doFilter(OncePerRequestFilter.java:116) ~[spring-web-6.1.11.jar:6.1.11]
	at org.apache.catalina.core.ApplicationFilterChain.internalDoFilter(ApplicationFilterChain.java:164) ~[tomcat-embed-core-10.1.26.jar:10.1.26]
	at org.apache.catalina.core.ApplicationFilterChain.doFilter(ApplicationFilterChain.java:140) ~[tomcat-embed-core-10.1.26.jar:10.1.26]
	at org.springframework.web.filter.FormContentFilter.doFilterInternal(FormContentFilter.java:93) ~[spring-web-6.1.11.jar:6.1.11]
	at org.springframework.web.filter.OncePerRequestFilter.doFilter(OncePerRequestFilter.java:116) ~[spring-web-6.1.11.jar:6.1.11]
	at org.apache.catalina.core.ApplicationFilterChain.internalDoFilter(ApplicationFilterChain.java:164) ~[tomcat-embed-core-10.1.26.jar:10.1.26]
	at org.apache.catalina.core.ApplicationFilterChain.doFilter(ApplicationFilterChain.java:140) ~[tomcat-embed-core-10.1.26.jar:10.1.26]
	at org.springframework.web.filter.CharacterEncodingFilter.doFilterInternal(CharacterEncodingFilter.java:201) ~[spring-web-6.1.11.jar:6.1.11]
	at org.springframework.web.filter.OncePerRequestFilter.doFilter(OncePerRequestFilter.java:116) ~[spring-web-6.1.11.jar:6.1.11]
	at org.apache.catalina.core.ApplicationFilterChain.internalDoFilter(ApplicationFilterChain.java:164) ~[tomcat-embed-core-10.1.26.jar:10.1.26]
	at org.apache.catalina.core.ApplicationFilterChain.doFilter(ApplicationFilterChain.java:140) ~[tomcat-embed-core-10.1.26.jar:10.1.26]
	at org.apache.catalina.core.StandardWrapperValve.invoke(StandardWrapperValve.java:167) ~[tomcat-embed-core-10.1.26.jar:10.1.26]
	at org.apache.catalina.core.StandardContextValve.invoke(StandardContextValve.java:90) ~[tomcat-embed-core-10.1.26.jar:10.1.26]
	at org.apache.catalina.authenticator.AuthenticatorBase.invoke(AuthenticatorBase.java:483) ~[tomcat-embed-core-10.1.26.jar:10.1.26]
	at org.apache.catalina.core.StandardHostValve.invoke(StandardHostValve.java:115) ~[tomcat-embed-core-10.1.26.jar:10.1.26]
	at org.apache.catalina.valves.ErrorReportValve.invoke(ErrorReportValve.java:93) ~[tomcat-embed-core-10.1.26.jar:10.1.26]
	at org.apache.catalina.core.StandardEngineValve.invoke(StandardEngineValve.java:74) ~[tomcat-embed-core-10.1.26.jar:10.1.26]
	at org.apache.catalina.connector.CoyoteAdapter.service(CoyoteAdapter.java:344) ~[tomcat-embed-core-10.1.26.jar:10.1.26]
	at org.apache.coyote.http11.Http11Processor.service(Http11Processor.java:389) ~[tomcat-embed-core-10.1.26.jar:10.1.26]
	at org.apache.coyote.AbstractProcessorLight.process(AbstractProcessorLight.java:63) ~[tomcat-embed-core-10.1.26.jar:10.1.26]
	at org.apache.coyote.AbstractProtocol$ConnectionHandler.process(AbstractProtocol.java:904) ~[tomcat-embed-core-10.1.26.jar:10.1.26]
	at org.apache.tomcat.util.net.NioEndpoint$SocketProcessor.doRun(NioEndpoint.java:1741) ~[tomcat-embed-core-10.1.26.jar:10.1.26]
	at org.apache.tomcat.util.net.SocketProcessorBase.run(SocketProcessorBase.java:52) ~[tomcat-embed-core-10.1.26.jar:10.1.26]
	at org.apache.tomcat.util.threads.ThreadPoolExecutor.runWorker(ThreadPoolExecutor.java:1190) ~[tomcat-embed-core-10.1.26.jar:10.1.26]
	at org.apache.tomcat.util.threads.ThreadPoolExecutor$Worker.run(ThreadPoolExecutor.java:659) ~[tomcat-embed-core-10.1.26.jar:10.1.26]
	at org.apache.tomcat.util.threads.TaskThread$WrappingRunnable.run(TaskThread.java:63) ~[tomcat-embed-core-10.1.26.jar:10.1.26]
	at java.base/java.lang.Thread.run(Thread.java:1575) ~[na:na]

2025-04-01T09:10:39.555+02:00 DEBUG 10125 --- [http-nio-8080-exec-3] o.s.web.servlet.DispatcherServlet        : "ERROR" dispatch for POST "/error", parameters={masked}
2025-04-01T09:10:39.556+02:00 DEBUG 10125 --- [http-nio-8080-exec-3] s.w.s.m.m.a.RequestMappingHandlerMapping : Mapped to org.springframework.boot.autoconfigure.web.servlet.error.BasicErrorController#errorHtml(HttpServletRequest, HttpServletResponse)
2025-04-01T09:10:39.562+02:00 DEBUG 10125 --- [http-nio-8080-exec-3] o.s.w.s.v.ContentNegotiatingViewResolver : Selected 'text/html' given [text/html, text/html;q=0.8]
2025-04-01T09:10:39.565+02:00 DEBUG 10125 --- [http-nio-8080-exec-3] o.s.web.servlet.DispatcherServlet        : Exiting from "ERROR" dispatch, status 500
2025-04-01T09:12:09.169+02:00  INFO 10125 --- [SpringApplicationShutdownHook] j.LocalContainerEntityManagerFactoryBean : Closing JPA EntityManagerFactory for persistence unit 'default'
2025-04-01T09:12:09.170+02:00  INFO 10125 --- [SpringApplicationShutdownHook] com.zaxxer.hikari.HikariDataSource       : HikariPool-1 - Shutdown initiated...
2025-04-01T09:12:09.171+02:00  INFO 10125 --- [SpringApplicationShutdownHook] com.zaxxer.hikari.HikariDataSource       : HikariPool-1 - Shutdown completed.
2025-04-01T09:12:17.152+02:00  INFO 10324 --- [main] o.j.a.q.kitchensink.Application          : Starting Application using Java 23.0.2 with PID 10324 (/Users/marcosordi/Documents/mongodb/mongokitch/kitchensinkmongo/kitchensink/target/classes started by marcosordi in /Users/marcosordi/Documents/mongodb/mongokitch/kitchensinkmongo/kitchensink)
2025-04-01T09:12:17.153+02:00 DEBUG 10324 --- [main] o.j.a.q.kitchensink.Application          : Running with Spring Boot v3.3.2, Spring v6.1.11
2025-04-01T09:12:17.153+02:00  INFO 10324 --- [main] o.j.a.q.kitchensink.Application          : No active profile set, falling back to 1 default profile: "default"
2025-04-01T09:12:17.355+02:00  INFO 10324 --- [main] .s.d.r.c.RepositoryConfigurationDelegate : Multiple Spring Data modules found, entering strict repository configuration mode
2025-04-01T09:12:17.355+02:00  INFO 10324 --- [main] .s.d.r.c.RepositoryConfigurationDelegate : Bootstrapping Spring Data MongoDB repositories in DEFAULT mode.
2025-04-01T09:12:17.411+02:00  INFO 10324 --- [main] .s.d.r.c.RepositoryConfigurationDelegate : Finished Spring Data repository scanning in 54 ms. Found 1 MongoDB repository interface.
2025-04-01T09:12:17.412+02:00  INFO 10324 --- [main] .s.d.r.c.RepositoryConfigurationDelegate : Multiple Spring Data modules found, entering strict repository configuration mode
2025-04-01T09:12:17.412+02:00  INFO 10324 --- [main] .s.d.r.c.RepositoryConfigurationDelegate : Bootstrapping Spring Data MongoDB repositories in DEFAULT mode.
2025-04-01T09:12:17.414+02:00  INFO 10324 --- [main] .s.d.r.c.RepositoryConfigurationDelegate : Finished Spring Data repository scanning in 1 ms. Found 1 MongoDB repository interface.
2025-04-01T09:12:17.480+02:00  INFO 10324 --- [main] .s.d.r.c.RepositoryConfigurationDelegate : Multiple Spring Data modules found, entering strict repository configuration mode
2025-04-01T09:12:17.481+02:00  INFO 10324 --- [main] .s.d.r.c.RepositoryConfigurationDelegate : Bootstrapping Spring Data JPA repositories in DEFAULT mode.
2025-04-01T09:12:17.489+02:00  INFO 10324 --- [main] .RepositoryConfigurationExtensionSupport : Spring Data JPA - Could not safely identify store assignment for repository candidate interface org.jboss.as.quickstarts.kitchensink.data.MemberRepository; If you want this repository to be a JPA repository, consider annotating your entities with one of these annotations: jakarta.persistence.Entity, jakarta.persistence.MappedSuperclass (preferred), or consider extending one of the following types with your repository: org.springframework.data.jpa.repository.JpaRepository
2025-04-01T09:12:17.489+02:00  INFO 10324 --- [main] .s.d.r.c.RepositoryConfigurationDelegate : Finished Spring Data repository scanning in 7 ms. Found 0 JPA repository interfaces.
2025-04-01T09:12:17.716+02:00  INFO 10324 --- [main] o.s.b.w.embedded.tomcat.TomcatWebServer  : Tomcat initialized with port 8080 (http)
2025-04-01T09:12:17.722+02:00  INFO 10324 --- [main] o.apache.catalina.core.StandardService   : Starting service [Tomcat]
2025-04-01T09:12:17.722+02:00  INFO 10324 --- [main] o.apache.catalina.core.StandardEngine    : Starting Servlet engine: [Apache Tomcat/10.1.26]
2025-04-01T09:12:17.748+02:00  INFO 10324 --- [main] o.a.c.c.C.[Tomcat].[localhost].[/]       : Initializing Spring embedded WebApplicationContext
2025-04-01T09:12:17.748+02:00  INFO 10324 --- [main] w.s.c.ServletWebServerApplicationContext : Root WebApplicationContext: initialization completed in 568 ms
2025-04-01T09:12:17.762+02:00  INFO 10324 --- [main] com.zaxxer.hikari.HikariDataSource       : HikariPool-1 - Starting...
2025-04-01T09:12:17.837+02:00  INFO 10324 --- [main] com.zaxxer.hikari.pool.HikariPool        : HikariPool-1 - Added connection conn0: url=jdbc:h2:mem:ca72dd88-f77f-42fc-bbed-71b6084ee070 user=SA
2025-04-01T09:12:17.837+02:00  INFO 10324 --- [main] com.zaxxer.hikari.HikariDataSource       : HikariPool-1 - Start completed.
2025-04-01T09:12:17.843+02:00  INFO 10324 --- [main] o.s.b.a.h2.H2ConsoleAutoConfiguration    : H2 console available at '/h2-console'. Database available at 'jdbc:h2:mem:ca72dd88-f77f-42fc-bbed-71b6084ee070'
2025-04-01T09:12:18.052+02:00  INFO 10324 --- [main] SQL dialect                              : HHH000400: Using dialect: org.hibernate.dialect.H2Dialect
2025-04-01T09:12:18.164+02:00  INFO 10324 --- [main] j.LocalContainerEntityManagerFactoryBean : Initialized JPA EntityManagerFactory for persistence unit 'default'
2025-04-01T09:12:18.239+02:00  INFO 10324 --- [main] org.mongodb.driver.client                : MongoClient with metadata {"driver": {"name": "mongo-java-driver|sync|spring-boot", "version": "5.0.1"}, "os": {"type": "Darwin", "name": "Mac OS X", "architecture": "aarch64", "version": "14.6.1"}, "platform": "Java/Homebrew/23.0.2"} created with settings MongoClientSettings{readPreference=primary, writeConcern=WriteConcern{w=null, wTimeout=null ms, journal=null}, retryWrites=true, retryReads=true, readConcern=ReadConcern{level=null}, credential=null, transportSettings=null, commandListeners=[], codecRegistry=ProvidersCodecRegistry{codecProviders=[ValueCodecProvider{}, BsonValueCodecProvider{}, DBRefCodecProvider{}, DBObjectCodecProvider{}, DocumentCodecProvider{}, CollectionCodecProvider{}, IterableCodecProvider{}, MapCodecProvider{}, GeoJsonCodecProvider{}, GridFSFileCodecProvider{}, Jsr310CodecProvider{}, JsonObjectCodecProvider{}, BsonCodecProvider{}, EnumCodecProvider{}, com.mongodb.client.model.mql.ExpressionCodecProvider@45e69324, com.mongodb.Jep395RecordCodecProvider@3c89b864, com.mongodb.KotlinCodecProvider@3400d6fa]}, loggerSettings=LoggerSettings{maxDocumentLength=1000}, clusterSettings={hosts=[localhost:27017], srvServiceName=mongodb, mode=SINGLE, requiredClusterType=UNKNOWN, requiredReplicaSetName='null', serverSelector='null', clusterListeners='[]', serverSelectionTimeout='30000 ms', localThreshold='15 ms'}, socketSettings=SocketSettings{connectTimeoutMS=10000, readTimeoutMS=0, receiveBufferSize=0, proxySettings=ProxySettings{host=null, port=null, username=null, password=null}}, heartbeatSocketSettings=SocketSettings{connectTimeoutMS=10000, readTimeoutMS=10000, receiveBufferSize=0, proxySettings=ProxySettings{host=null, port=null, username=null, password=null}}, connectionPoolSettings=ConnectionPoolSettings{maxSize=100, minSize=0, maxWaitTimeMS=120000, maxConnectionLifeTimeMS=0, maxConnectionIdleTimeMS=0, maintenanceInitialDelayMS=0, maintenanceFrequencyMS=60000, connectionPoolListeners=[], maxConnecting=2}, serverSettings=ServerSettings{heartbeatFrequencyMS=10000, minHeartbeatFrequencyMS=500, serverListeners='[]', serverMonitorListeners='[]'}, sslSettings=SslSettings{enabled=false, invalidHostNameAllowed=false, context=null}, applicationName='null', compressorList=[], uuidRepresentation=JAVA_LEGACY, serverApi=null, autoEncryptionSettings=null, dnsClient=null, inetAddressResolver=null, contextProvider=null}
2025-04-01T09:12:18.257+02:00  INFO 10324 --- [cluster-ClusterId{value='67eb91d2c638cb41ed78bda3', description='null'}-localhost:27017] org.mongodb.driver.cluster               : Monitor thread successfully connected to server with description ServerDescription{address=localhost:27017, type=STANDALONE, state=CONNECTED, ok=true, minWireVersion=0, maxWireVersion=25, maxDocumentSize=16777216, logicalSessionTimeoutMinutes=30, roundTripTimeNanos=9387750}
2025-04-01T09:12:18.421+02:00  INFO 10324 --- [main] o.j.a.q.k.controller.MemberController    : Total members cazzo found: 7
2025-04-01T09:12:18.488+02:00  WARN 10324 --- [main] JpaBaseConfiguration$JpaWebConfiguration : spring.jpa.open-in-view is enabled by default. Therefore, database queries may be performed during view rendering. Explicitly configure spring.jpa.open-in-view to disable this warning
2025-04-01T09:12:18.500+02:00  INFO 10324 --- [main] o.s.b.a.w.s.WelcomePageHandlerMapping    : Adding welcome page: ServletContext resource [/index.html]
2025-04-01T09:12:18.533+02:00 DEBUG 10324 --- [main] s.w.s.m.m.a.RequestMappingHandlerMapping : 10 mappings in 'requestMappingHandlerMapping'
2025-04-01T09:12:18.574+02:00 DEBUG 10324 --- [main] o.s.w.s.handler.SimpleUrlHandlerMapping  : Patterns [/webjars/**, /**] in 'resourceHandlerMapping'
2025-04-01T09:12:18.592+02:00 DEBUG 10324 --- [main] s.w.s.m.m.a.RequestMappingHandlerAdapter : ControllerAdvice beans: 0 @ModelAttribute, 0 @InitBinder, 1 RequestBodyAdvice, 1 ResponseBodyAdvice
2025-04-01T09:12:18.609+02:00 DEBUG 10324 --- [main] .m.m.a.ExceptionHandlerExceptionResolver : ControllerAdvice beans: 0 @ExceptionHandler, 1 ResponseBodyAdvice
2025-04-01T09:12:18.675+02:00  INFO 10324 --- [main] o.s.b.w.embedded.tomcat.TomcatWebServer  : Tomcat started on port 8080 (http) with context path '/'
2025-04-01T09:12:18.680+02:00  INFO 10324 --- [main] o.j.a.q.kitchensink.Application          : Started Application in 1.709 seconds (process running for 1.866)
2025-04-01T09:12:26.255+02:00  INFO 10324 --- [http-nio-8080-exec-1] o.a.c.c.C.[Tomcat].[localhost].[/]       : Initializing Spring DispatcherServlet 'dispatcherServlet'
2025-04-01T09:12:26.255+02:00  INFO 10324 --- [http-nio-8080-exec-1] o.s.web.servlet.DispatcherServlet        : Initializing Servlet 'dispatcherServlet'
2025-04-01T09:12:26.255+02:00 DEBUG 10324 --- [http-nio-8080-exec-1] o.s.web.servlet.DispatcherServlet        : Detected StandardServletMultipartResolver
2025-04-01T09:12:26.256+02:00 DEBUG 10324 --- [http-nio-8080-exec-1] o.s.web.servlet.DispatcherServlet        : Detected AcceptHeaderLocaleResolver
2025-04-01T09:12:26.256+02:00 DEBUG 10324 --- [http-nio-8080-exec-1] o.s.web.servlet.DispatcherServlet        : Detected FixedThemeResolver
2025-04-01T09:12:26.256+02:00 DEBUG 10324 --- [http-nio-8080-exec-1] o.s.web.servlet.DispatcherServlet        : Detected org.springframework.web.servlet.view.DefaultRequestToViewNameTranslator@7602c65d
2025-04-01T09:12:26.257+02:00 DEBUG 10324 --- [http-nio-8080-exec-1] o.s.web.servlet.DispatcherServlet        : Detected org.springframework.web.servlet.support.SessionFlashMapManager@51efdb72
2025-04-01T09:12:26.257+02:00 DEBUG 10324 --- [http-nio-8080-exec-1] o.s.web.servlet.DispatcherServlet        : enableLoggingRequestDetails='false': request parameters and headers will be masked to prevent unsafe logging of potentially sensitive data
2025-04-01T09:12:26.257+02:00  INFO 10324 --- [http-nio-8080-exec-1] o.s.web.servlet.DispatcherServlet        : Completed initialization in 2 ms
2025-04-01T09:12:26.261+02:00 DEBUG 10324 --- [http-nio-8080-exec-1] o.s.web.servlet.DispatcherServlet        : GET "/index", parameters={}
2025-04-01T09:12:26.266+02:00 DEBUG 10324 --- [http-nio-8080-exec-1] s.w.s.m.m.a.RequestMappingHandlerMapping : Mapped to org.jboss.as.quickstarts.kitchensink.controller.HomeController#index(Model)
2025-04-01T09:12:26.308+02:00 DEBUG 10324 --- [http-nio-8080-exec-1] o.s.w.s.v.ContentNegotiatingViewResolver : Selected 'text/html' given [text/html, application/xhtml+xml, image/avif, image/webp, image/apng, application/xml;q=0.9, */*;q=0.8, application/signed-exchange;v=b3;q=0.7]
2025-04-01T09:12:26.455+02:00 DEBUG 10324 --- [http-nio-8080-exec-1] o.s.web.servlet.DispatcherServlet        : Completed 200 OK
2025-04-01T09:12:27.260+02:00 DEBUG 10324 --- [http-nio-8080-exec-2] o.s.web.servlet.DispatcherServlet        : GET "/members/register", parameters={}
2025-04-01T09:12:27.261+02:00 DEBUG 10324 --- [http-nio-8080-exec-2] s.w.s.m.m.a.RequestMappingHandlerMapping : Mapped to org.jboss.as.quickstarts.kitchensink.controller.MemberController#showRegistrationForm(Model)
2025-04-01T09:12:27.277+02:00 DEBUG 10324 --- [http-nio-8080-exec-2] o.s.w.s.v.ContentNegotiatingViewResolver : Selected 'text/html' given [text/html, application/xhtml+xml, image/avif, image/webp, image/apng, application/xml;q=0.9, */*;q=0.8, application/signed-exchange;v=b3;q=0.7]
2025-04-01T09:12:27.298+02:00 DEBUG 10324 --- [http-nio-8080-exec-2] o.s.web.servlet.DispatcherServlet        : Completed 200 OK
2025-04-01T09:12:33.325+02:00 DEBUG 10324 --- [http-nio-8080-exec-3] o.s.web.servlet.DispatcherServlet        : POST "/members/register", parameters={masked}
2025-04-01T09:12:33.326+02:00 DEBUG 10324 --- [http-nio-8080-exec-3] s.w.s.m.m.a.RequestMappingHandlerMapping : Mapped to org.jboss.as.quickstarts.kitchensink.controller.MemberController#register(Member, BindingResult, Model, RedirectAttributes)
2025-04-01T09:12:33.392+02:00 DEBUG 10324 --- [http-nio-8080-exec-3] o.s.web.servlet.view.RedirectView        : View name [redirect:], model {}
2025-04-01T09:12:33.407+02:00 DEBUG 10324 --- [http-nio-8080-exec-3] o.s.web.servlet.DispatcherServlet        : Completed 302 FOUND
2025-04-01T09:12:33.410+02:00 DEBUG 10324 --- [http-nio-8080-exec-4] o.s.web.servlet.DispatcherServlet        : GET "/registerbindings;jsessionid=98364A6FD8B0E0A0B7AF677A09DD4570", parameters={}
2025-04-01T09:12:33.412+02:00 DEBUG 10324 --- [http-nio-8080-exec-4] o.s.w.s.handler.SimpleUrlHandlerMapping  : Mapped to ResourceHttpRequestHandler [classpath [META-INF/resources/], classpath [resources/], classpath [static/], classpath [public/], ServletContext [/]]
2025-04-01T09:12:33.414+02:00 DEBUG 10324 --- [http-nio-8080-exec-4] o.s.w.s.r.ResourceHttpRequestHandler     : Resource not found
2025-04-01T09:12:33.417+02:00 DEBUG 10324 --- [http-nio-8080-exec-4] .w.s.m.s.DefaultHandlerExceptionResolver : Resolved [org.springframework.web.servlet.resource.NoResourceFoundException: No static resource registerbindings.]
2025-04-01T09:12:33.417+02:00 DEBUG 10324 --- [http-nio-8080-exec-4] o.s.web.servlet.DispatcherServlet        : Completed 404 NOT_FOUND
2025-04-01T09:12:33.419+02:00 DEBUG 10324 --- [http-nio-8080-exec-4] o.s.web.servlet.DispatcherServlet        : "ERROR" dispatch for GET "/error", parameters={}
2025-04-01T09:12:33.420+02:00 DEBUG 10324 --- [http-nio-8080-exec-4] s.w.s.m.m.a.RequestMappingHandlerMapping : Mapped to org.springframework.boot.autoconfigure.web.servlet.error.BasicErrorController#errorHtml(HttpServletRequest, HttpServletResponse)
2025-04-01T09:12:33.424+02:00 DEBUG 10324 --- [http-nio-8080-exec-4] o.s.w.s.v.ContentNegotiatingViewResolver : Selected 'text/html' given [text/html, text/html;q=0.8]
2025-04-01T09:12:33.426+02:00 DEBUG 10324 --- [http-nio-8080-exec-4] o.s.web.servlet.DispatcherServlet        : Exiting from "ERROR" dispatch, status 404
2025-04-01T09:13:45.579+02:00 DEBUG 10324 --- [http-nio-8080-exec-6] o.s.web.servlet.DispatcherServlet        : GET "/index", parameters={}
2025-04-01T09:13:45.582+02:00 DEBUG 10324 --- [http-nio-8080-exec-6] s.w.s.m.m.a.RequestMappingHandlerMapping : Mapped to org.jboss.as.quickstarts.kitchensink.controller.HomeController#index(Model)
2025-04-01T09:13:45.595+02:00 DEBUG 10324 --- [http-nio-8080-exec-6] o.s.w.s.v.ContentNegotiatingViewResolver : Selected 'text/html' given [text/html, application/xhtml+xml, image/avif, image/webp, image/apng, application/xml;q=0.9, */*;q=0.8, application/signed-exchange;v=b3;q=0.7]
2025-04-01T09:13:45.599+02:00 DEBUG 10324 --- [http-nio-8080-exec-6] o.s.web.servlet.DispatcherServlet        : Completed 200 OK
2025-04-01T09:15:13.160+02:00 DEBUG 10324 --- [http-nio-8080-exec-8] o.s.web.servlet.DispatcherServlet        : GET "/members/register", parameters={}
2025-04-01T09:15:13.161+02:00 DEBUG 10324 --- [http-nio-8080-exec-8] s.w.s.m.m.a.RequestMappingHandlerMapping : Mapped to org.jboss.as.quickstarts.kitchensink.controller.MemberController#showRegistrationForm(Model)
2025-04-01T09:15:13.163+02:00 DEBUG 10324 --- [http-nio-8080-exec-8] o.s.w.s.v.ContentNegotiatingViewResolver : Selected 'text/html' given [text/html, application/xhtml+xml, image/avif, image/webp, image/apng, application/xml;q=0.9, */*;q=0.8, application/signed-exchange;v=b3;q=0.7]
2025-04-01T09:15:13.174+02:00 DEBUG 10324 --- [http-nio-8080-exec-8] o.s.web.servlet.DispatcherServlet        : Completed 200 OK
2025-04-01T09:15:20.924+02:00 DEBUG 10324 --- [http-nio-8080-exec-9] o.s.web.servlet.DispatcherServlet        : POST "/members/register", parameters={masked}
2025-04-01T09:15:20.925+02:00 DEBUG 10324 --- [http-nio-8080-exec-9] s.w.s.m.m.a.RequestMappingHandlerMapping : Mapped to org.jboss.as.quickstarts.kitchensink.controller.MemberController#register(Member, BindingResult, Model, RedirectAttributes)
2025-04-01T09:15:20.932+02:00 DEBUG 10324 --- [http-nio-8080-exec-9] o.s.web.servlet.view.RedirectView        : View name [redirect:], model {}
2025-04-01T09:15:20.933+02:00 DEBUG 10324 --- [http-nio-8080-exec-9] o.s.web.servlet.DispatcherServlet        : Completed 302 FOUND
2025-04-01T09:15:20.940+02:00 DEBUG 10324 --- [http-nio-8080-exec-10] o.s.web.servlet.DispatcherServlet        : GET "/registerbindings", parameters={}
2025-04-01T09:15:20.941+02:00 DEBUG 10324 --- [http-nio-8080-exec-10] o.s.w.s.handler.SimpleUrlHandlerMapping  : Mapped to ResourceHttpRequestHandler [classpath [META-INF/resources/], classpath [resources/], classpath [static/], classpath [public/], ServletContext [/]]
2025-04-01T09:15:20.942+02:00 DEBUG 10324 --- [http-nio-8080-exec-10] o.s.w.s.r.ResourceHttpRequestHandler     : Resource not found
2025-04-01T09:15:20.942+02:00 DEBUG 10324 --- [http-nio-8080-exec-10] .w.s.m.s.DefaultHandlerExceptionResolver : Resolved [org.springframework.web.servlet.resource.NoResourceFoundException: No static resource registerbindings.]
2025-04-01T09:15:20.942+02:00 DEBUG 10324 --- [http-nio-8080-exec-10] o.s.web.servlet.DispatcherServlet        : Completed 404 NOT_FOUND
2025-04-01T09:15:20.942+02:00 DEBUG 10324 --- [http-nio-8080-exec-10] o.s.web.servlet.DispatcherServlet        : "ERROR" dispatch for GET "/error", parameters={}
2025-04-01T09:15:20.943+02:00 DEBUG 10324 --- [http-nio-8080-exec-10] s.w.s.m.m.a.RequestMappingHandlerMapping : Mapped to org.springframework.boot.autoconfigure.web.servlet.error.BasicErrorController#errorHtml(HttpServletRequest, HttpServletResponse)
2025-04-01T09:15:20.946+02:00 DEBUG 10324 --- [http-nio-8080-exec-10] o.s.w.s.v.ContentNegotiatingViewResolver : Selected 'text/html' given [text/html, text/html;q=0.8]
2025-04-01T09:15:20.949+02:00 DEBUG 10324 --- [http-nio-8080-exec-10] o.s.web.servlet.DispatcherServlet        : Exiting from "ERROR" dispatch, status 404
2025-04-01T09:16:02.444+02:00 DEBUG 10324 --- [http-nio-8080-exec-1] o.s.web.servlet.DispatcherServlet        : POST "/members/register", parameters={masked}
2025-04-01T09:16:02.447+02:00 DEBUG 10324 --- [http-nio-8080-exec-1] s.w.s.m.m.a.RequestMappingHandlerMapping : Mapped to org.jboss.as.quickstarts.kitchensink.controller.MemberController#register(Member, BindingResult, Model, RedirectAttributes)
2025-04-01T09:16:02.453+02:00 DEBUG 10324 --- [http-nio-8080-exec-1] o.s.web.servlet.view.RedirectView        : View name [redirect:], model {}
2025-04-01T09:16:02.454+02:00 DEBUG 10324 --- [http-nio-8080-exec-1] o.s.web.servlet.DispatcherServlet        : Completed 302 FOUND
2025-04-01T09:16:02.456+02:00 DEBUG 10324 --- [http-nio-8080-exec-2] o.s.web.servlet.DispatcherServlet        : GET "/registerbindings", parameters={}
2025-04-01T09:16:02.457+02:00 DEBUG 10324 --- [http-nio-8080-exec-2] o.s.w.s.handler.SimpleUrlHandlerMapping  : Mapped to ResourceHttpRequestHandler [classpath [META-INF/resources/], classpath [resources/], classpath [static/], classpath [public/], ServletContext [/]]
2025-04-01T09:16:02.458+02:00 DEBUG 10324 --- [http-nio-8080-exec-2] o.s.w.s.r.ResourceHttpRequestHandler     : Resource not found
2025-04-01T09:16:02.458+02:00 DEBUG 10324 --- [http-nio-8080-exec-2] .w.s.m.s.DefaultHandlerExceptionResolver : Resolved [org.springframework.web.servlet.resource.NoResourceFoundException: No static resource registerbindings.]
2025-04-01T09:16:02.458+02:00 DEBUG 10324 --- [http-nio-8080-exec-2] o.s.web.servlet.DispatcherServlet        : Completed 404 NOT_FOUND
2025-04-01T09:16:02.459+02:00 DEBUG 10324 --- [http-nio-8080-exec-2] o.s.web.servlet.DispatcherServlet        : "ERROR" dispatch for GET "/error", parameters={}
2025-04-01T09:16:02.459+02:00 DEBUG 10324 --- [http-nio-8080-exec-2] s.w.s.m.m.a.RequestMappingHandlerMapping : Mapped to org.springframework.boot.autoconfigure.web.servlet.error.BasicErrorController#errorHtml(HttpServletRequest, HttpServletResponse)
2025-04-01T09:16:02.460+02:00 DEBUG 10324 --- [http-nio-8080-exec-2] o.s.w.s.v.ContentNegotiatingViewResolver : Selected 'text/html' given [text/html, text/html;q=0.8]
2025-04-01T09:16:02.461+02:00 DEBUG 10324 --- [http-nio-8080-exec-2] o.s.web.servlet.DispatcherServlet        : Exiting from "ERROR" dispatch, status 404
2025-04-01T09:21:16.031+02:00  INFO 10324 --- [SpringApplicationShutdownHook] j.LocalContainerEntityManagerFactoryBean : Closing JPA EntityManagerFactory for persistence unit 'default'
2025-04-01T09:21:16.034+02:00  INFO 10324 --- [SpringApplicationShutdownHook] com.zaxxer.hikari.HikariDataSource       : HikariPool-1 - Shutdown initiated...
2025-04-01T09:21:16.036+02:00  INFO 10324 --- [SpringApplicationShutdownHook] com.zaxxer.hikari.HikariDataSource       : HikariPool-1 - Shutdown completed.
2025-04-01T09:21:27.499+02:00  INFO 10661 --- [main] o.j.a.q.kitchensink.Application          : Starting Application using Java 23.0.2 with PID 10661 (/Users/marcosordi/Documents/mongodb/mongokitch/kitchensinkmongo/kitchensink/target/classes started by marcosordi in /Users/marcosordi/Documents/mongodb/mongokitch/kitchensinkmongo/kitchensink)
2025-04-01T09:21:27.500+02:00 DEBUG 10661 --- [main] o.j.a.q.kitchensink.Application          : Running with Spring Boot v3.3.2, Spring v6.1.11
2025-04-01T09:21:27.500+02:00  INFO 10661 --- [main] o.j.a.q.kitchensink.Application          : No active profile set, falling back to 1 default profile: "default"
2025-04-01T09:21:27.700+02:00  INFO 10661 --- [main] .s.d.r.c.RepositoryConfigurationDelegate : Multiple Spring Data modules found, entering strict repository configuration mode
2025-04-01T09:21:27.700+02:00  INFO 10661 --- [main] .s.d.r.c.RepositoryConfigurationDelegate : Bootstrapping Spring Data MongoDB repositories in DEFAULT mode.
2025-04-01T09:21:27.757+02:00  INFO 10661 --- [main] .s.d.r.c.RepositoryConfigurationDelegate : Finished Spring Data repository scanning in 54 ms. Found 1 MongoDB repository interface.
2025-04-01T09:21:27.758+02:00  INFO 10661 --- [main] .s.d.r.c.RepositoryConfigurationDelegate : Multiple Spring Data modules found, entering strict repository configuration mode
2025-04-01T09:21:27.758+02:00  INFO 10661 --- [main] .s.d.r.c.RepositoryConfigurationDelegate : Bootstrapping Spring Data MongoDB repositories in DEFAULT mode.
2025-04-01T09:21:27.760+02:00  INFO 10661 --- [main] .s.d.r.c.RepositoryConfigurationDelegate : Finished Spring Data repository scanning in 1 ms. Found 1 MongoDB repository interface.
2025-04-01T09:21:27.829+02:00  INFO 10661 --- [main] .s.d.r.c.RepositoryConfigurationDelegate : Multiple Spring Data modules found, entering strict repository configuration mode
2025-04-01T09:21:27.830+02:00  INFO 10661 --- [main] .s.d.r.c.RepositoryConfigurationDelegate : Bootstrapping Spring Data JPA repositories in DEFAULT mode.
2025-04-01T09:21:27.839+02:00  INFO 10661 --- [main] .RepositoryConfigurationExtensionSupport : Spring Data JPA - Could not safely identify store assignment for repository candidate interface org.jboss.as.quickstarts.kitchensink.data.MemberRepository; If you want this repository to be a JPA repository, consider annotating your entities with one of these annotations: jakarta.persistence.Entity, jakarta.persistence.MappedSuperclass (preferred), or consider extending one of the following types with your repository: org.springframework.data.jpa.repository.JpaRepository
2025-04-01T09:21:27.839+02:00  INFO 10661 --- [main] .s.d.r.c.RepositoryConfigurationDelegate : Finished Spring Data repository scanning in 8 ms. Found 0 JPA repository interfaces.
2025-04-01T09:21:28.069+02:00  INFO 10661 --- [main] o.s.b.w.embedded.tomcat.TomcatWebServer  : Tomcat initialized with port 8080 (http)
2025-04-01T09:21:28.075+02:00  INFO 10661 --- [main] o.apache.catalina.core.StandardService   : Starting service [Tomcat]
2025-04-01T09:21:28.075+02:00  INFO 10661 --- [main] o.apache.catalina.core.StandardEngine    : Starting Servlet engine: [Apache Tomcat/10.1.26]
2025-04-01T09:21:28.100+02:00  INFO 10661 --- [main] o.a.c.c.C.[Tomcat].[localhost].[/]       : Initializing Spring embedded WebApplicationContext
2025-04-01T09:21:28.101+02:00  INFO 10661 --- [main] w.s.c.ServletWebServerApplicationContext : Root WebApplicationContext: initialization completed in 574 ms
2025-04-01T09:21:28.115+02:00  INFO 10661 --- [main] com.zaxxer.hikari.HikariDataSource       : HikariPool-1 - Starting...
2025-04-01T09:21:28.193+02:00  INFO 10661 --- [main] com.zaxxer.hikari.pool.HikariPool        : HikariPool-1 - Added connection conn0: url=jdbc:h2:mem:7fb9dfbd-6c99-4ee1-88ee-db43fc7738f3 user=SA
2025-04-01T09:21:28.193+02:00  INFO 10661 --- [main] com.zaxxer.hikari.HikariDataSource       : HikariPool-1 - Start completed.
2025-04-01T09:21:28.199+02:00  INFO 10661 --- [main] o.s.b.a.h2.H2ConsoleAutoConfiguration    : H2 console available at '/h2-console'. Database available at 'jdbc:h2:mem:7fb9dfbd-6c99-4ee1-88ee-db43fc7738f3'
2025-04-01T09:21:28.407+02:00  INFO 10661 --- [main] SQL dialect                              : HHH000400: Using dialect: org.hibernate.dialect.H2Dialect
2025-04-01T09:21:28.522+02:00  INFO 10661 --- [main] j.LocalContainerEntityManagerFactoryBean : Initialized JPA EntityManagerFactory for persistence unit 'default'
2025-04-01T09:21:28.597+02:00  INFO 10661 --- [main] org.mongodb.driver.client                : MongoClient with metadata {"driver": {"name": "mongo-java-driver|sync|spring-boot", "version": "5.0.1"}, "os": {"type": "Darwin", "name": "Mac OS X", "architecture": "aarch64", "version": "14.6.1"}, "platform": "Java/Homebrew/23.0.2"} created with settings MongoClientSettings{readPreference=primary, writeConcern=WriteConcern{w=null, wTimeout=null ms, journal=null}, retryWrites=true, retryReads=true, readConcern=ReadConcern{level=null}, credential=null, transportSettings=null, commandListeners=[], codecRegistry=ProvidersCodecRegistry{codecProviders=[ValueCodecProvider{}, BsonValueCodecProvider{}, DBRefCodecProvider{}, DBObjectCodecProvider{}, DocumentCodecProvider{}, CollectionCodecProvider{}, IterableCodecProvider{}, MapCodecProvider{}, GeoJsonCodecProvider{}, GridFSFileCodecProvider{}, Jsr310CodecProvider{}, JsonObjectCodecProvider{}, BsonCodecProvider{}, EnumCodecProvider{}, com.mongodb.client.model.mql.ExpressionCodecProvider@45e69324, com.mongodb.Jep395RecordCodecProvider@3c89b864, com.mongodb.KotlinCodecProvider@3400d6fa]}, loggerSettings=LoggerSettings{maxDocumentLength=1000}, clusterSettings={hosts=[localhost:27017], srvServiceName=mongodb, mode=SINGLE, requiredClusterType=UNKNOWN, requiredReplicaSetName='null', serverSelector='null', clusterListeners='[]', serverSelectionTimeout='30000 ms', localThreshold='15 ms'}, socketSettings=SocketSettings{connectTimeoutMS=10000, readTimeoutMS=0, receiveBufferSize=0, proxySettings=ProxySettings{host=null, port=null, username=null, password=null}}, heartbeatSocketSettings=SocketSettings{connectTimeoutMS=10000, readTimeoutMS=10000, receiveBufferSize=0, proxySettings=ProxySettings{host=null, port=null, username=null, password=null}}, connectionPoolSettings=ConnectionPoolSettings{maxSize=100, minSize=0, maxWaitTimeMS=120000, maxConnectionLifeTimeMS=0, maxConnectionIdleTimeMS=0, maintenanceInitialDelayMS=0, maintenanceFrequencyMS=60000, connectionPoolListeners=[], maxConnecting=2}, serverSettings=ServerSettings{heartbeatFrequencyMS=10000, minHeartbeatFrequencyMS=500, serverListeners='[]', serverMonitorListeners='[]'}, sslSettings=SslSettings{enabled=false, invalidHostNameAllowed=false, context=null}, applicationName='null', compressorList=[], uuidRepresentation=JAVA_LEGACY, serverApi=null, autoEncryptionSettings=null, dnsClient=null, inetAddressResolver=null, contextProvider=null}
2025-04-01T09:21:28.617+02:00  INFO 10661 --- [cluster-ClusterId{value='67eb93f8cd1faf65faf106b5', description='null'}-localhost:27017] org.mongodb.driver.cluster               : Monitor thread successfully connected to server with description ServerDescription{address=localhost:27017, type=STANDALONE, state=CONNECTED, ok=true, minWireVersion=0, maxWireVersion=25, maxDocumentSize=16777216, logicalSessionTimeoutMinutes=30, roundTripTimeNanos=10981208}
2025-04-01T09:21:28.775+02:00  INFO 10661 --- [main] o.j.a.q.k.controller.MemberController    : Total members cazzo found: 7
2025-04-01T09:21:28.838+02:00  WARN 10661 --- [main] JpaBaseConfiguration$JpaWebConfiguration : spring.jpa.open-in-view is enabled by default. Therefore, database queries may be performed during view rendering. Explicitly configure spring.jpa.open-in-view to disable this warning
2025-04-01T09:21:28.850+02:00  INFO 10661 --- [main] o.s.b.a.w.s.WelcomePageHandlerMapping    : Adding welcome page: ServletContext resource [/index.html]
2025-04-01T09:21:28.882+02:00 DEBUG 10661 --- [main] s.w.s.m.m.a.RequestMappingHandlerMapping : 10 mappings in 'requestMappingHandlerMapping'
2025-04-01T09:21:28.921+02:00 DEBUG 10661 --- [main] o.s.w.s.handler.SimpleUrlHandlerMapping  : Patterns [/webjars/**, /**] in 'resourceHandlerMapping'
2025-04-01T09:21:28.940+02:00 DEBUG 10661 --- [main] s.w.s.m.m.a.RequestMappingHandlerAdapter : ControllerAdvice beans: 0 @ModelAttribute, 0 @InitBinder, 1 RequestBodyAdvice, 1 ResponseBodyAdvice
2025-04-01T09:21:28.955+02:00 DEBUG 10661 --- [main] .m.m.a.ExceptionHandlerExceptionResolver : ControllerAdvice beans: 0 @ExceptionHandler, 1 ResponseBodyAdvice
2025-04-01T09:21:29.019+02:00  INFO 10661 --- [main] o.s.b.w.embedded.tomcat.TomcatWebServer  : Tomcat started on port 8080 (http) with context path '/'
2025-04-01T09:21:29.024+02:00  INFO 10661 --- [main] o.j.a.q.kitchensink.Application          : Started Application in 1.7 seconds (process running for 1.866)
2025-04-01T09:21:34.942+02:00  INFO 10661 --- [http-nio-8080-exec-1] o.a.c.c.C.[Tomcat].[localhost].[/]       : Initializing Spring DispatcherServlet 'dispatcherServlet'
2025-04-01T09:21:34.942+02:00  INFO 10661 --- [http-nio-8080-exec-1] o.s.web.servlet.DispatcherServlet        : Initializing Servlet 'dispatcherServlet'
2025-04-01T09:21:34.942+02:00 DEBUG 10661 --- [http-nio-8080-exec-1] o.s.web.servlet.DispatcherServlet        : Detected StandardServletMultipartResolver
2025-04-01T09:21:34.942+02:00 DEBUG 10661 --- [http-nio-8080-exec-1] o.s.web.servlet.DispatcherServlet        : Detected AcceptHeaderLocaleResolver
2025-04-01T09:21:34.942+02:00 DEBUG 10661 --- [http-nio-8080-exec-1] o.s.web.servlet.DispatcherServlet        : Detected FixedThemeResolver
2025-04-01T09:21:34.943+02:00 DEBUG 10661 --- [http-nio-8080-exec-1] o.s.web.servlet.DispatcherServlet        : Detected org.springframework.web.servlet.view.DefaultRequestToViewNameTranslator@3962b216
2025-04-01T09:21:34.943+02:00 DEBUG 10661 --- [http-nio-8080-exec-1] o.s.web.servlet.DispatcherServlet        : Detected org.springframework.web.servlet.support.SessionFlashMapManager@51efdb72
2025-04-01T09:21:34.943+02:00 DEBUG 10661 --- [http-nio-8080-exec-1] o.s.web.servlet.DispatcherServlet        : enableLoggingRequestDetails='false': request parameters and headers will be masked to prevent unsafe logging of potentially sensitive data
2025-04-01T09:21:34.943+02:00  INFO 10661 --- [http-nio-8080-exec-1] o.s.web.servlet.DispatcherServlet        : Completed initialization in 1 ms
2025-04-01T09:21:34.948+02:00 DEBUG 10661 --- [http-nio-8080-exec-1] o.s.web.servlet.DispatcherServlet        : GET "/index", parameters={}
2025-04-01T09:21:34.952+02:00 DEBUG 10661 --- [http-nio-8080-exec-1] s.w.s.m.m.a.RequestMappingHandlerMapping : Mapped to org.jboss.as.quickstarts.kitchensink.controller.HomeController#index(Model)
2025-04-01T09:21:34.991+02:00 DEBUG 10661 --- [http-nio-8080-exec-1] o.s.w.s.v.ContentNegotiatingViewResolver : Selected 'text/html' given [text/html, application/xhtml+xml, image/avif, image/webp, image/apng, application/xml;q=0.9, */*;q=0.8, application/signed-exchange;v=b3;q=0.7]
2025-04-01T09:21:35.138+02:00 DEBUG 10661 --- [http-nio-8080-exec-1] o.s.web.servlet.DispatcherServlet        : Completed 200 OK
2025-04-01T09:21:36.360+02:00 DEBUG 10661 --- [http-nio-8080-exec-2] o.s.web.servlet.DispatcherServlet        : GET "/members/register", parameters={}
2025-04-01T09:21:36.361+02:00 DEBUG 10661 --- [http-nio-8080-exec-2] s.w.s.m.m.a.RequestMappingHandlerMapping : Mapped to org.jboss.as.quickstarts.kitchensink.controller.MemberController#showRegistrationForm(Model)
2025-04-01T09:21:36.375+02:00 DEBUG 10661 --- [http-nio-8080-exec-2] o.s.w.s.v.ContentNegotiatingViewResolver : Selected 'text/html' given [text/html, application/xhtml+xml, image/avif, image/webp, image/apng, application/xml;q=0.9, */*;q=0.8, application/signed-exchange;v=b3;q=0.7]
2025-04-01T09:21:36.394+02:00 DEBUG 10661 --- [http-nio-8080-exec-2] o.s.web.servlet.DispatcherServlet        : Completed 200 OK
2025-04-01T09:21:43.584+02:00 DEBUG 10661 --- [http-nio-8080-exec-3] o.s.web.servlet.DispatcherServlet        : POST "/members/register", parameters={masked}
2025-04-01T09:21:43.586+02:00 DEBUG 10661 --- [http-nio-8080-exec-3] s.w.s.m.m.a.RequestMappingHandlerMapping : Mapped to org.jboss.as.quickstarts.kitchensink.controller.MemberController#register(Member, BindingResult, Model, RedirectAttributes)
2025-04-01T09:21:43.647+02:00 DEBUG 10661 --- [http-nio-8080-exec-3] o.s.w.s.v.ContentNegotiatingViewResolver : Selected 'text/html' given [text/html, application/xhtml+xml, image/avif, image/webp, image/apng, application/xml;q=0.9, */*;q=0.8, application/signed-exchange;v=b3;q=0.7]
2025-04-01T09:21:43.651+02:00 DEBUG 10661 --- [http-nio-8080-exec-3] o.s.web.servlet.DispatcherServlet        : Completed 200 OK
2025-04-01T09:21:47.075+02:00 DEBUG 10661 --- [http-nio-8080-exec-4] o.s.web.servlet.DispatcherServlet        : POST "/members/register", parameters={masked}
2025-04-01T09:21:47.076+02:00 DEBUG 10661 --- [http-nio-8080-exec-4] s.w.s.m.m.a.RequestMappingHandlerMapping : Mapped to org.jboss.as.quickstarts.kitchensink.controller.MemberController#register(Member, BindingResult, Model, RedirectAttributes)
2025-04-01T09:21:47.077+02:00 DEBUG 10661 --- [http-nio-8080-exec-4] o.s.w.s.v.ContentNegotiatingViewResolver : Selected 'text/html' given [text/html, application/xhtml+xml, image/avif, image/webp, image/apng, application/xml;q=0.9, */*;q=0.8, application/signed-exchange;v=b3;q=0.7]
2025-04-01T09:21:47.081+02:00 DEBUG 10661 --- [http-nio-8080-exec-4] o.s.web.servlet.DispatcherServlet        : Completed 200 OK
2025-04-01T09:22:02.058+02:00 DEBUG 10661 --- [http-nio-8080-exec-5] o.s.web.servlet.DispatcherServlet        : POST "/members/register", parameters={masked}
2025-04-01T09:22:02.059+02:00 DEBUG 10661 --- [http-nio-8080-exec-5] s.w.s.m.m.a.RequestMappingHandlerMapping : Mapped to org.jboss.as.quickstarts.kitchensink.controller.MemberController#register(Member, BindingResult, Model, RedirectAttributes)
2025-04-01T09:22:02.063+02:00  INFO 10661 --- [http-nio-8080-exec-5] o.j.a.q.kitchensink.util.Resources       : Registering prova
2025-04-01T09:22:02.090+02:00 DEBUG 10661 --- [http-nio-8080-exec-5] o.s.web.servlet.view.RedirectView        : View name [redirect:], model {}
2025-04-01T09:22:02.107+02:00 DEBUG 10661 --- [http-nio-8080-exec-5] o.s.web.servlet.DispatcherServlet        : Completed 302 FOUND
2025-04-01T09:22:02.110+02:00 DEBUG 10661 --- [http-nio-8080-exec-6] o.s.web.servlet.DispatcherServlet        : GET "/members/register", parameters={}
2025-04-01T09:22:02.110+02:00 DEBUG 10661 --- [http-nio-8080-exec-6] s.w.s.m.m.a.RequestMappingHandlerMapping : Mapped to org.jboss.as.quickstarts.kitchensink.controller.MemberController#showRegistrationForm(Model)
2025-04-01T09:22:02.111+02:00 DEBUG 10661 --- [http-nio-8080-exec-6] o.s.w.s.v.ContentNegotiatingViewResolver : Selected 'text/html' given [text/html, application/xhtml+xml, image/avif, image/webp, image/apng, application/xml;q=0.9, */*;q=0.8, application/signed-exchange;v=b3;q=0.7]
2025-04-01T09:22:02.114+02:00 DEBUG 10661 --- [http-nio-8080-exec-6] o.s.web.servlet.DispatcherServlet        : Completed 200 OK
2025-04-01T09:22:53.462+02:00 DEBUG 10661 --- [http-nio-8080-exec-7] o.s.web.servlet.DispatcherServlet        : POST "/members/register", parameters={masked}
2025-04-01T09:22:53.464+02:00 DEBUG 10661 --- [http-nio-8080-exec-7] s.w.s.m.m.a.RequestMappingHandlerMapping : Mapped to org.jboss.as.quickstarts.kitchensink.controller.MemberController#register(Member, BindingResult, Model, RedirectAttributes)
2025-04-01T09:22:53.473+02:00  INFO 10661 --- [http-nio-8080-exec-7] o.j.a.q.kitchensink.util.Resources       : Registering Ion
2025-04-01T09:22:53.476+02:00 DEBUG 10661 --- [http-nio-8080-exec-7] o.s.web.servlet.view.RedirectView        : View name [redirect:], model {}
2025-04-01T09:22:53.477+02:00 DEBUG 10661 --- [http-nio-8080-exec-7] o.s.web.servlet.DispatcherServlet        : Completed 302 FOUND
2025-04-01T09:22:53.479+02:00 DEBUG 10661 --- [http-nio-8080-exec-8] o.s.web.servlet.DispatcherServlet        : GET "/members/register", parameters={}
2025-04-01T09:22:53.479+02:00 DEBUG 10661 --- [http-nio-8080-exec-8] s.w.s.m.m.a.RequestMappingHandlerMapping : Mapped to org.jboss.as.quickstarts.kitchensink.controller.MemberController#showRegistrationForm(Model)
2025-04-01T09:22:53.480+02:00 DEBUG 10661 --- [http-nio-8080-exec-8] o.s.w.s.v.ContentNegotiatingViewResolver : Selected 'text/html' given [text/html, application/xhtml+xml, image/avif, image/webp, image/apng, application/xml;q=0.9, */*;q=0.8, application/signed-exchange;v=b3;q=0.7]
2025-04-01T09:22:53.484+02:00 DEBUG 10661 --- [http-nio-8080-exec-8] o.s.web.servlet.DispatcherServlet        : Completed 200 OK
